{"P(D = R < -1% | E = R < -1%)": 0.11428571428571428, "P(D = -1% <= R <= 0% | E = R < -1%)": 0.7142857142857143, "P(D = 0% < R <= 1% | E = R < -1%)": 0.0, "P(D = R > 1% | E = R < -1%)": 0.17142857142857143, "P(D = R < -1% | E = -1% <= R <= 0%)": 0.048, "P(D = -1% <= R <= 0% | E = -1% <= R <= 0%)": 0.844, "P(D = 0% < R <= 1% | E = -1% <= R <= 0%)": 0.0, "P(D = R > 1% | E = -1% <= R <= 0%)": 0.108, "P(D = R < -1% | E = 0% < R <= 1%)": 0.023668639053254437, "P(D = -1% <= R <= 0% | E = 0% < R <= 1%)": 0.8165680473372781, "P(D = 0% < R <= 1% | E = 0% < R <= 1%)": 0.0, "P(D = R > 1% | E = 0% < R <= 1%)": 0.15976331360946747, "P(D = R < -1% | E = R > 1%)": 0.034934497816593885, "P(D = -1% <= R <= 0% | E = R > 1%)": 0.5633187772925764, "P(D = 0% < R <= 1% | E = R > 1%)": 0.0, "P(D = R > 1% | E = R > 1%)": 0.4017467248908297}