{"P(D = R < -1% | E = R < -1%)": 0.14960629921259844, "P(D = -1% <= R <= 0% | E = R < -1%)": 0.44881889763779526, "P(D = 0% < R <= 1% | E = R < -1%)": 0.31496062992125984, "P(D = R > 1% | E = R < -1%)": 0.08661417322834646, "P(D = R < -1% | E = -1% <= R <= 0%)": 0.010380622837370242, "P(D = -1% <= R <= 0% | E = -1% <= R <= 0%)": 0.5916955017301038, "P(D = 0% < R <= 1% | E = -1% <= R <= 0%)": 0.370242214532872, "P(D = R > 1% | E = -1% <= R <= 0%)": 0.02768166089965398, "P(D = R < -1% | E = 0% < R <= 1%)": 0.018518518518518517, "P(D = -1% <= R <= 0% | E = 0% < R <= 1%)": 0.44074074074074077, "P(D = 0% < R <= 1% | E = 0% < R <= 1%)": 0.5, "P(D = R > 1% | E = 0% < R <= 1%)": 0.040740740740740744, "P(D = R < -1% | E = R > 1%)": 0.03361344537815126, "P(D = -1% <= R <= 0% | E = R > 1%)": 0.2773109243697479, "P(D = 0% < R <= 1% | E = R > 1%)": 0.5126050420168067, "P(D = R > 1% | E = R > 1%)": 0.17647058823529413}