{"P(D = R < -1% | E = R < -1%)": 0.26436781609195403, "P(D = -1% <= R <= 0% | E = R < -1%)": 0.4367816091954023, "P(D = 0% < R <= 1% | E = R < -1%)": 0.22988505747126436, "P(D = R > 1% | E = R < -1%)": 0.06896551724137931, "P(D = R < -1% | E = -1% <= R <= 0%)": 0.06896551724137931, "P(D = -1% <= R <= 0% | E = -1% <= R <= 0%)": 0.5793103448275863, "P(D = 0% < R <= 1% | E = -1% <= R <= 0%)": 0.2482758620689655, "P(D = R > 1% | E = -1% <= R <= 0%)": 0.10344827586206896, "P(D = R < -1% | E = 0% < R <= 1%)": 0.04672897196261682, "P(D = -1% <= R <= 0% | E = 0% < R <= 1%)": 0.411214953271028, "P(D = 0% < R <= 1% | E = 0% < R <= 1%)": 0.42990654205607476, "P(D = R > 1% | E = 0% < R <= 1%)": 0.11214953271028037, "P(D = R < -1% | E = R > 1%)": 0.0684931506849315, "P(D = -1% <= R <= 0% | E = R > 1%)": 0.3150684931506849, "P(D = 0% < R <= 1% | E = R > 1%)": 0.3698630136986301, "P(D = R > 1% | E = R > 1%)": 0.2465753424657534}