{"P(D = R < -1% | E = R < -1%)": 0.15294117647058825, "P(D = -1% <= R <= 0% | E = R < -1%)": 0.29411764705882354, "P(D = 0% < R <= 1% | E = R < -1%)": 0.4235294117647059, "P(D = R > 1% | E = R < -1%)": 0.12941176470588237, "P(D = R < -1% | E = -1% <= R <= 0%)": 0.06766917293233082, "P(D = -1% <= R <= 0% | E = -1% <= R <= 0%)": 0.22556390977443608, "P(D = 0% < R <= 1% | E = -1% <= R <= 0%)": 0.631578947368421, "P(D = R > 1% | E = -1% <= R <= 0%)": 0.07518796992481203, "P(D = R < -1% | E = 0% < R <= 1%)": 0.04032258064516129, "P(D = -1% <= R <= 0% | E = 0% < R <= 1%)": 0.13709677419354838, "P(D = 0% < R <= 1% | E = 0% < R <= 1%)": 0.7580645161290323, "P(D = R > 1% | E = 0% < R <= 1%)": 0.06451612903225806, "P(D = R < -1% | E = R > 1%)": 0.1, "P(D = -1% <= R <= 0% | E = R > 1%)": 0.2111111111111111, "P(D = 0% < R <= 1% | E = R > 1%)": 0.4666666666666667, "P(D = R > 1% | E = R > 1%)": 0.2222222222222222}