{"P(D = R < -1% | E = R < -1%)": 0.44769230769230767, "P(D = -1% <= R <= 0% | E = R < -1%)": 0.5138461538461538, "P(D = 0% < R <= 1% | E = R < -1%)": 0.0, "P(D = R > 1% | E = R < -1%)": 0.038461538461538464, "P(D = R < -1% | E = -1% <= R <= 0%)": 0.1336405529953917, "P(D = -1% <= R <= 0% | E = -1% <= R <= 0%)": 0.8237327188940092, "P(D = 0% < R <= 1% | E = -1% <= R <= 0%)": 0.0, "P(D = R > 1% | E = -1% <= R <= 0%)": 0.04262672811059908, "P(D = R < -1% | E = 0% < R <= 1%)": 0.1518987341772152, "P(D = -1% <= R <= 0% | E = 0% < R <= 1%)": 0.7974683544303798, "P(D = 0% < R <= 1% | E = 0% < R <= 1%)": 0.004219409282700422, "P(D = R > 1% | E = 0% < R <= 1%)": 0.046413502109704644, "P(D = R < -1% | E = R > 1%)": 0.1513353115727003, "P(D = -1% <= R <= 0% | E = R > 1%)": 0.6439169139465876, "P(D = 0% < R <= 1% | E = R > 1%)": 0.0, "P(D = R > 1% | E = R > 1%)": 0.20474777448071216}