{"P(D = R < -1% | E = R < -1%)": 0.27176220806794055, "P(D = -1% <= R <= 0% | E = R < -1%)": 0.6496815286624203, "P(D = 0% < R <= 1% | E = R < -1%)": 0.0, "P(D = R > 1% | E = R < -1%)": 0.07855626326963906, "P(D = R < -1% | E = -1% <= R <= 0%)": 0.12041884816753927, "P(D = -1% <= R <= 0% | E = -1% <= R <= 0%)": 0.8080279232111692, "P(D = 0% < R <= 1% | E = -1% <= R <= 0%)": 0.0, "P(D = R > 1% | E = -1% <= R <= 0%)": 0.07155322862129145, "P(D = R < -1% | E = 0% < R <= 1%)": 0.11627906976744186, "P(D = -1% <= R <= 0% | E = 0% < R <= 1%)": 0.7441860465116279, "P(D = 0% < R <= 1% | E = 0% < R <= 1%)": 0.0, "P(D = R > 1% | E = 0% < R <= 1%)": 0.13953488372093023, "P(D = R < -1% | E = R > 1%)": 0.1759656652360515, "P(D = -1% <= R <= 0% | E = R > 1%)": 0.6201716738197425, "P(D = 0% < R <= 1% | E = R > 1%)": 0.0, "P(D = R > 1% | E = R > 1%)": 0.20386266094420602}