{"P(D = R < -1% | E = R < -1%)": 0.7655172413793103, "P(D = -1% <= R <= 0% | E = R < -1%)": 0.0, "P(D = 0% < R <= 1% | E = R < -1%)": 0.0, "P(D = R > 1% | E = R < -1%)": 0.23448275862068965, "P(D = R < -1% | E = -1% <= R <= 0%)": 0.717391304347826, "P(D = -1% <= R <= 0% | E = -1% <= R <= 0%)": 0.0, "P(D = 0% < R <= 1% | E = -1% <= R <= 0%)": 0.0, "P(D = R > 1% | E = -1% <= R <= 0%)": 0.2826086956521739, "P(D = R < -1% | E = 0% < R <= 1%)": 0.5666666666666667, "P(D = -1% <= R <= 0% | E = 0% < R <= 1%)": 0.0, "P(D = 0% < R <= 1% | E = 0% < R <= 1%)": 0.0, "P(D = R > 1% | E = 0% < R <= 1%)": 0.43333333333333335, "P(D = R < -1% | E = R > 1%)": 0.5565217391304348, "P(D = -1% <= R <= 0% | E = R > 1%)": 0.008695652173913044, "P(D = 0% < R <= 1% | E = R > 1%)": 0.0, "P(D = R > 1% | E = R > 1%)": 0.43478260869565216}