{"P(D = R < -1% | E = R < -1%)": 0.030303030303030304, "P(D = -1% <= R <= 0% | E = R < -1%)": 0.7803030303030303, "P(D = 0% < R <= 1% | E = R < -1%)": 0.045454545454545456, "P(D = R > 1% | E = R < -1%)": 0.14393939393939395, "P(D = R < -1% | E = -1% <= R <= 0%)": 0.006993006993006993, "P(D = -1% <= R <= 0% | E = -1% <= R <= 0%)": 0.8846153846153846, "P(D = 0% < R <= 1% | E = -1% <= R <= 0%)": 0.055944055944055944, "P(D = R > 1% | E = -1% <= R <= 0%)": 0.05244755244755245, "P(D = R < -1% | E = 0% < R <= 1%)": 0.013215859030837005, "P(D = -1% <= R <= 0% | E = 0% < R <= 1%)": 0.801762114537445, "P(D = 0% < R <= 1% | E = 0% < R <= 1%)": 0.13215859030837004, "P(D = R > 1% | E = 0% < R <= 1%)": 0.05286343612334802, "P(D = R < -1% | E = R > 1%)": 0.015267175572519083, "P(D = -1% <= R <= 0% | E = R > 1%)": 0.7175572519083969, "P(D = 0% < R <= 1% | E = R > 1%)": 0.08396946564885496, "P(D = R > 1% | E = R > 1%)": 0.183206106870229}