{"P(D = R < -1% | E = R < -1%)": 0.1686746987951807, "P(D = -1% <= R <= 0% | E = R < -1%)": 0.7951807228915663, "P(D = 0% < R <= 1% | E = R < -1%)": 0.0, "P(D = R > 1% | E = R < -1%)": 0.03614457831325301, "P(D = R < -1% | E = -1% <= R <= 0%)": 0.07462686567164178, "P(D = -1% <= R <= 0% | E = -1% <= R <= 0%)": 0.8805970149253731, "P(D = 0% < R <= 1% | E = -1% <= R <= 0%)": 0.0, "P(D = R > 1% | E = -1% <= R <= 0%)": 0.04477611940298507, "P(D = R < -1% | E = 0% < R <= 1%)": 0.0958904109589041, "P(D = -1% <= R <= 0% | E = 0% < R <= 1%)": 0.8356164383561644, "P(D = 0% < R <= 1% | E = 0% < R <= 1%)": 0.0, "P(D = R > 1% | E = 0% < R <= 1%)": 0.0684931506849315, "P(D = R < -1% | E = R > 1%)": 0.03488372093023256, "P(D = -1% <= R <= 0% | E = R > 1%)": 0.6395348837209303, "P(D = 0% < R <= 1% | E = R > 1%)": 0.0, "P(D = R > 1% | E = R > 1%)": 0.32558139534883723}