{"P(D = R < -1% | E = R < -1%)": 0.1958174904942966, "P(D = -1% <= R <= 0% | E = R < -1%)": 0.34790874524714827, "P(D = 0% < R <= 1% | E = R < -1%)": 0.39923954372623577, "P(D = R > 1% | E = R < -1%)": 0.057034220532319393, "P(D = R < -1% | E = -1% <= R <= 0%)": 0.060431654676258995, "P(D = -1% <= R <= 0% | E = -1% <= R <= 0%)": 0.3064748201438849, "P(D = 0% < R <= 1% | E = -1% <= R <= 0%)": 0.5669064748201439, "P(D = R > 1% | E = -1% <= R <= 0%)": 0.06618705035971223, "P(D = R < -1% | E = 0% < R <= 1%)": 0.035211267605633804, "P(D = -1% <= R <= 0% | E = 0% < R <= 1%)": 0.1954225352112676, "P(D = 0% < R <= 1% | E = 0% < R <= 1%)": 0.6883802816901409, "P(D = R > 1% | E = 0% < R <= 1%)": 0.08098591549295775, "P(D = R < -1% | E = R > 1%)": 0.05333333333333334, "P(D = -1% <= R <= 0% | E = R > 1%)": 0.15777777777777777, "P(D = 0% < R <= 1% | E = R > 1%)": 0.5466666666666666, "P(D = R > 1% | E = R > 1%)": 0.24222222222222223}