{"P(D = R < -1% | E = R < -1%)": 0.0, "P(D = -1% <= R <= 0% | E = R < -1%)": 0.525, "P(D = 0% < R <= 1% | E = R < -1%)": 0.475, "P(D = R > 1% | E = R < -1%)": 0.0, "P(D = R < -1% | E = -1% <= R <= 0%)": 0.0, "P(D = -1% <= R <= 0% | E = -1% <= R <= 0%)": 0.5833333333333334, "P(D = 0% < R <= 1% | E = -1% <= R <= 0%)": 0.4166666666666667, "P(D = R > 1% | E = -1% <= R <= 0%)": 0.0, "P(D = R < -1% | E = 0% < R <= 1%)": 0.0, "P(D = -1% <= R <= 0% | E = 0% < R <= 1%)": 0.44816053511705684, "P(D = 0% < R <= 1% | E = 0% < R <= 1%)": 0.5518394648829431, "P(D = R > 1% | E = 0% < R <= 1%)": 0.0, "P(D = R < -1% | E = R > 1%)": 0.0, "P(D = -1% <= R <= 0% | E = R > 1%)": 0.40789473684210525, "P(D = 0% < R <= 1% | E = R > 1%)": 0.5921052631578947, "P(D = R > 1% | E = R > 1%)": 0.0}