{"P(D = R < -1% | E = R < -1%)": 0.02727272727272727, "P(D = -1% <= R <= 0% | E = R < -1%)": 0.5636363636363636, "P(D = 0% < R <= 1% | E = R < -1%)": 0.4090909090909091, "P(D = R > 1% | E = R < -1%)": 0.0, "P(D = R < -1% | E = -1% <= R <= 0%)": 0.0035971223021582736, "P(D = -1% <= R <= 0% | E = -1% <= R <= 0%)": 0.5611510791366906, "P(D = 0% < R <= 1% | E = -1% <= R <= 0%)": 0.4352517985611511, "P(D = R > 1% | E = -1% <= R <= 0%)": 0.0, "P(D = R < -1% | E = 0% < R <= 1%)": 0.0, "P(D = -1% <= R <= 0% | E = 0% < R <= 1%)": 0.38079470198675497, "P(D = 0% < R <= 1% | E = 0% < R <= 1%)": 0.6192052980132451, "P(D = R > 1% | E = 0% < R <= 1%)": 0.0, "P(D = R < -1% | E = R > 1%)": 0.042735042735042736, "P(D = -1% <= R <= 0% | E = R > 1%)": 0.38461538461538464, "P(D = 0% < R <= 1% | E = R > 1%)": 0.5726495726495726, "P(D = R > 1% | E = R > 1%)": 0.0}