{"P(D = R < -1% | E = R < -1%)": 0.29797979797979796, "P(D = -1% <= R <= 0% | E = R < -1%)": 0.6565656565656566, "P(D = 0% < R <= 1% | E = R < -1%)": 0.0, "P(D = R > 1% | E = R < -1%)": 0.045454545454545456, "P(D = R < -1% | E = -1% <= R <= 0%)": 0.10697674418604651, "P(D = -1% <= R <= 0% | E = -1% <= R <= 0%)": 0.8511627906976744, "P(D = 0% < R <= 1% | E = -1% <= R <= 0%)": 0.0, "P(D = R > 1% | E = -1% <= R <= 0%)": 0.04186046511627907, "P(D = R < -1% | E = 0% < R <= 1%)": 0.18571428571428572, "P(D = -1% <= R <= 0% | E = 0% < R <= 1%)": 0.8142857142857143, "P(D = 0% < R <= 1% | E = 0% < R <= 1%)": 0.0, "P(D = R > 1% | E = 0% < R <= 1%)": 0.0, "P(D = R < -1% | E = R > 1%)": 0.2737430167597765, "P(D = -1% <= R <= 0% | E = R > 1%)": 0.6201117318435754, "P(D = 0% < R <= 1% | E = R > 1%)": 0.0, "P(D = R > 1% | E = R > 1%)": 0.10614525139664804}