{"P(D = R < -1% | E = R < -1%)": 0.5641025641025641, "P(D = -1% <= R <= 0% | E = R < -1%)": 0.3076923076923077, "P(D = 0% < R <= 1% | E = R < -1%)": 0.0, "P(D = R > 1% | E = R < -1%)": 0.1282051282051282, "P(D = R < -1% | E = -1% <= R <= 0%)": 0.23076923076923078, "P(D = -1% <= R <= 0% | E = -1% <= R <= 0%)": 0.5384615384615384, "P(D = 0% < R <= 1% | E = -1% <= R <= 0%)": 0.0, "P(D = R > 1% | E = -1% <= R <= 0%)": 0.23076923076923078, "P(D = R < -1% | E = 0% < R <= 1%)": 0.38461538461538464, "P(D = -1% <= R <= 0% | E = 0% < R <= 1%)": 0.3076923076923077, "P(D = 0% < R <= 1% | E = 0% < R <= 1%)": 0.0, "P(D = R > 1% | E = 0% < R <= 1%)": 0.3076923076923077, "P(D = R < -1% | E = R > 1%)": 0.34782608695652173, "P(D = -1% <= R <= 0% | E = R > 1%)": 0.391304347826087, "P(D = 0% < R <= 1% | E = R > 1%)": 0.0, "P(D = R > 1% | E = R > 1%)": 0.2608695652173913}