{"P(D = R < -1% | E = R < -1%)": 0.21649484536082475, "P(D = -1% <= R <= 0% | E = R < -1%)": 0.29896907216494845, "P(D = 0% < R <= 1% | E = R < -1%)": 0.020618556701030927, "P(D = R > 1% | E = R < -1%)": 0.4639175257731959, "P(D = R < -1% | E = -1% <= R <= 0%)": 0.13131313131313133, "P(D = -1% <= R <= 0% | E = -1% <= R <= 0%)": 0.42424242424242425, "P(D = 0% < R <= 1% | E = -1% <= R <= 0%)": 0.020202020202020204, "P(D = R > 1% | E = -1% <= R <= 0%)": 0.42424242424242425, "P(D = R < -1% | E = 0% < R <= 1%)": 0.05970149253731343, "P(D = -1% <= R <= 0% | E = 0% < R <= 1%)": 0.2835820895522388, "P(D = 0% < R <= 1% | E = 0% < R <= 1%)": 0.05970149253731343, "P(D = R > 1% | E = 0% < R <= 1%)": 0.5970149253731343, "P(D = R < -1% | E = R > 1%)": 0.02912621359223301, "P(D = -1% <= R <= 0% | E = R > 1%)": 0.24271844660194175, "P(D = 0% < R <= 1% | E = R > 1%)": 0.04854368932038835, "P(D = R > 1% | E = R > 1%)": 0.6796116504854369}