{"P(D = R < -1% | E = R < -1%)": 0.3818525519848771, "P(D = -1% <= R <= 0% | E = R < -1%)": 0.4877126654064272, "P(D = 0% < R <= 1% | E = R < -1%)": 0.026465028355387523, "P(D = R > 1% | E = R < -1%)": 0.10396975425330812, "P(D = R < -1% | E = -1% <= R <= 0%)": 0.19076457229371688, "P(D = -1% <= R <= 0% | E = -1% <= R <= 0%)": 0.720666161998486, "P(D = 0% < R <= 1% | E = -1% <= R <= 0%)": 0.008327024981074944, "P(D = R > 1% | E = -1% <= R <= 0%)": 0.08024224072672217, "P(D = R < -1% | E = 0% < R <= 1%)": 0.42091836734693877, "P(D = -1% <= R <= 0% | E = 0% < R <= 1%)": 0.30357142857142855, "P(D = 0% < R <= 1% | E = 0% < R <= 1%)": 0.04336734693877551, "P(D = R > 1% | E = 0% < R <= 1%)": 0.23214285714285715, "P(D = R < -1% | E = R > 1%)": 0.25853658536585367, "P(D = -1% <= R <= 0% | E = R > 1%)": 0.5785365853658536, "P(D = 0% < R <= 1% | E = R > 1%)": 0.018536585365853658, "P(D = R > 1% | E = R > 1%)": 0.144390243902439}