{"P(D = R < -1% | E = R < -1%)": 0.06493506493506493, "P(D = -1% <= R <= 0% | E = R < -1%)": 0.6818181818181818, "P(D = 0% < R <= 1% | E = R < -1%)": 0.16233766233766234, "P(D = R > 1% | E = R < -1%)": 0.09090909090909091, "P(D = R < -1% | E = -1% <= R <= 0%)": 0.0166358595194085, "P(D = -1% <= R <= 0% | E = -1% <= R <= 0%)": 0.7763401109057301, "P(D = 0% < R <= 1% | E = -1% <= R <= 0%)": 0.19038817005545286, "P(D = R > 1% | E = -1% <= R <= 0%)": 0.0166358595194085, "P(D = R < -1% | E = 0% < R <= 1%)": 0.004545454545454545, "P(D = -1% <= R <= 0% | E = 0% < R <= 1%)": 0.6840909090909091, "P(D = 0% < R <= 1% | E = 0% < R <= 1%)": 0.28863636363636364, "P(D = R > 1% | E = 0% < R <= 1%)": 0.022727272727272728, "P(D = R < -1% | E = R > 1%)": 0.006097560975609756, "P(D = -1% <= R <= 0% | E = R > 1%)": 0.5670731707317073, "P(D = 0% < R <= 1% | E = R > 1%)": 0.35365853658536583, "P(D = R > 1% | E = R > 1%)": 0.07317073170731707}