{"P(D = R < -1% | E = R < -1%)": 0.65625, "P(D = -1% <= R <= 0% | E = R < -1%)": 0.0, "P(D = 0% < R <= 1% | E = R < -1%)": 0.0, "P(D = R > 1% | E = R < -1%)": 0.34375, "P(D = R < -1% | E = -1% <= R <= 0%)": 0.3684210526315789, "P(D = -1% <= R <= 0% | E = -1% <= R <= 0%)": 0.0, "P(D = 0% < R <= 1% | E = -1% <= R <= 0%)": 0.0, "P(D = R > 1% | E = -1% <= R <= 0%)": 0.631578947368421, "P(D = R < -1% | E = 0% < R <= 1%)": 0.3125, "P(D = -1% <= R <= 0% | E = 0% < R <= 1%)": 0.0, "P(D = 0% < R <= 1% | E = 0% < R <= 1%)": 0.0, "P(D = R > 1% | E = 0% < R <= 1%)": 0.6875, "P(D = R < -1% | E = R > 1%)": 0.30303030303030304, "P(D = -1% <= R <= 0% | E = R > 1%)": 0.0, "P(D = 0% < R <= 1% | E = R > 1%)": 0.030303030303030304, "P(D = R > 1% | E = R > 1%)": 0.6666666666666666}