{"P(D = R < -1% | E = R < -1%)": 0.8242320819112628, "P(D = -1% <= R <= 0% | E = R < -1%)": 0.1757679180887372, "P(D = 0% < R <= 1% | E = R < -1%)": 0.0, "P(D = R > 1% | E = R < -1%)": 0.0, "P(D = R < -1% | E = -1% <= R <= 0%)": 0.37207702888583216, "P(D = -1% <= R <= 0% | E = -1% <= R <= 0%)": 0.6279229711141678, "P(D = 0% < R <= 1% | E = -1% <= R <= 0%)": 0.0, "P(D = R > 1% | E = -1% <= R <= 0%)": 0.0, "P(D = R < -1% | E = 0% < R <= 1%)": 1.0, "P(D = -1% <= R <= 0% | E = 0% < R <= 1%)": 0.0, "P(D = 0% < R <= 1% | E = 0% < R <= 1%)": 0.0, "P(D = R > 1% | E = 0% < R <= 1%)": 0.0, "P(D = R < -1% | E = R > 1%)": 0.7987804878048781, "P(D = -1% <= R <= 0% | E = R > 1%)": 0.20121951219512196, "P(D = 0% < R <= 1% | E = R > 1%)": 0.0, "P(D = R > 1% | E = R > 1%)": 0.0}