{"P(D = R < -1% | E = R < -1%)": 0.2644927536231884, "P(D = -1% <= R <= 0% | E = R < -1%)": 0.5652173913043478, "P(D = 0% < R <= 1% | E = R < -1%)": 0.11231884057971014, "P(D = R > 1% | E = R < -1%)": 0.057971014492753624, "P(D = R < -1% | E = -1% <= R <= 0%)": 0.07303370786516854, "P(D = -1% <= R <= 0% | E = -1% <= R <= 0%)": 0.7893258426966292, "P(D = 0% < R <= 1% | E = -1% <= R <= 0%)": 0.10955056179775281, "P(D = R > 1% | E = -1% <= R <= 0%)": 0.028089887640449437, "P(D = R < -1% | E = 0% < R <= 1%)": 0.04924242424242424, "P(D = -1% <= R <= 0% | E = 0% < R <= 1%)": 0.8181818181818182, "P(D = 0% < R <= 1% | E = 0% < R <= 1%)": 0.10984848484848485, "P(D = R > 1% | E = 0% < R <= 1%)": 0.022727272727272728, "P(D = R < -1% | E = R > 1%)": 0.12110726643598616, "P(D = -1% <= R <= 0% | E = R > 1%)": 0.643598615916955, "P(D = 0% < R <= 1% | E = R > 1%)": 0.10380622837370242, "P(D = R > 1% | E = R > 1%)": 0.1314878892733564}