{"P(D = R < -1% | E = R < -1%)": 0.0, "P(D = -1% <= R <= 0% | E = R < -1%)": 0.6196581196581197, "P(D = 0% < R <= 1% | E = R < -1%)": 0.2948717948717949, "P(D = R > 1% | E = R < -1%)": 0.08547008547008547, "P(D = R < -1% | E = -1% <= R <= 0%)": 0.0, "P(D = -1% <= R <= 0% | E = -1% <= R <= 0%)": 0.7894736842105263, "P(D = 0% < R <= 1% | E = -1% <= R <= 0%)": 0.18465655664585193, "P(D = R > 1% | E = -1% <= R <= 0%)": 0.025869759143621766, "P(D = R < -1% | E = 0% < R <= 1%)": 0.0, "P(D = -1% <= R <= 0% | E = 0% < R <= 1%)": 0.7448210922787194, "P(D = 0% < R <= 1% | E = 0% < R <= 1%)": 0.22598870056497175, "P(D = R > 1% | E = 0% < R <= 1%)": 0.02919020715630885, "P(D = R < -1% | E = R > 1%)": 0.0, "P(D = -1% <= R <= 0% | E = R > 1%)": 0.4798387096774194, "P(D = 0% < R <= 1% | E = R > 1%)": 0.3588709677419355, "P(D = R > 1% | E = R > 1%)": 0.16129032258064516}