{"P(D = R < -1% | E = R < -1%)": 0.21428571428571427, "P(D = -1% <= R <= 0% | E = R < -1%)": 0.38095238095238093, "P(D = 0% < R <= 1% | E = R < -1%)": 0.36507936507936506, "P(D = R > 1% | E = R < -1%)": 0.03968253968253968, "P(D = R < -1% | E = -1% <= R <= 0%)": 0.018115942028985508, "P(D = -1% <= R <= 0% | E = -1% <= R <= 0%)": 0.391304347826087, "P(D = 0% < R <= 1% | E = -1% <= R <= 0%)": 0.572463768115942, "P(D = R > 1% | E = -1% <= R <= 0%)": 0.018115942028985508, "P(D = R < -1% | E = 0% < R <= 1%)": 0.023255813953488372, "P(D = -1% <= R <= 0% | E = 0% < R <= 1%)": 0.23920265780730898, "P(D = 0% < R <= 1% | E = 0% < R <= 1%)": 0.6976744186046512, "P(D = R > 1% | E = 0% < R <= 1%)": 0.03986710963455149, "P(D = R < -1% | E = R > 1%)": 0.045454545454545456, "P(D = -1% <= R <= 0% | E = R > 1%)": 0.22727272727272727, "P(D = 0% < R <= 1% | E = R > 1%)": 0.6287878787878788, "P(D = R > 1% | E = R > 1%)": 0.09848484848484848}