{"P(D = R < -1% | E = R < -1%)": 0.706081081081081, "P(D = -1% <= R <= 0% | E = R < -1%)": 0.0, "P(D = 0% < R <= 1% | E = R < -1%)": 0.037162162162162164, "P(D = R > 1% | E = R < -1%)": 0.25675675675675674, "P(D = R < -1% | E = -1% <= R <= 0%)": 0.6190476190476191, "P(D = -1% <= R <= 0% | E = -1% <= R <= 0%)": 0.0, "P(D = 0% < R <= 1% | E = -1% <= R <= 0%)": 0.013605442176870748, "P(D = R > 1% | E = -1% <= R <= 0%)": 0.3673469387755102, "P(D = R < -1% | E = 0% < R <= 1%)": 0.62, "P(D = -1% <= R <= 0% | E = 0% < R <= 1%)": 0.0, "P(D = 0% < R <= 1% | E = 0% < R <= 1%)": 0.04, "P(D = R > 1% | E = 0% < R <= 1%)": 0.34, "P(D = R < -1% | E = R > 1%)": 0.39869281045751637, "P(D = -1% <= R <= 0% | E = R > 1%)": 0.0, "P(D = 0% < R <= 1% | E = R > 1%)": 0.026143790849673203, "P(D = R > 1% | E = R > 1%)": 0.5751633986928104}