{"P(D = R < -1% | E = R < -1%)": 0.5860215053763441, "P(D = -1% <= R <= 0% | E = R < -1%)": 0.0017921146953405018, "P(D = 0% < R <= 1% | E = R < -1%)": 0.0, "P(D = R > 1% | E = R < -1%)": 0.4121863799283154, "P(D = R < -1% | E = -1% <= R <= 0%)": 0.39245283018867927, "P(D = -1% <= R <= 0% | E = -1% <= R <= 0%)": 0.007547169811320755, "P(D = 0% < R <= 1% | E = -1% <= R <= 0%)": 0.0, "P(D = R > 1% | E = -1% <= R <= 0%)": 0.6, "P(D = R < -1% | E = 0% < R <= 1%)": 0.48412698412698413, "P(D = -1% <= R <= 0% | E = 0% < R <= 1%)": 0.0, "P(D = 0% < R <= 1% | E = 0% < R <= 1%)": 0.0, "P(D = R > 1% | E = 0% < R <= 1%)": 0.5158730158730159, "P(D = R < -1% | E = R > 1%)": 0.2986348122866894, "P(D = -1% <= R <= 0% | E = R > 1%)": 0.005119453924914676, "P(D = 0% < R <= 1% | E = R > 1%)": 0.0, "P(D = R > 1% | E = R > 1%)": 0.6962457337883959}