{"P(D = R < -1% | E = R < -1%)": 0.116751269035533, "P(D = -1% <= R <= 0% | E = R < -1%)": 0.29949238578680204, "P(D = 0% < R <= 1% | E = R < -1%)": 0.5761421319796954, "P(D = R > 1% | E = R < -1%)": 0.007614213197969543, "P(D = R < -1% | E = -1% <= R <= 0%)": 0.02857142857142857, "P(D = -1% <= R <= 0% | E = -1% <= R <= 0%)": 0.13167701863354037, "P(D = 0% < R <= 1% | E = -1% <= R <= 0%)": 0.8385093167701864, "P(D = R > 1% | E = -1% <= R <= 0%)": 0.0012422360248447205, "P(D = R < -1% | E = 0% < R <= 1%)": 0.02328589909443726, "P(D = -1% <= R <= 0% | E = 0% < R <= 1%)": 0.11901681759379043, "P(D = 0% < R <= 1% | E = 0% < R <= 1%)": 0.8538163001293662, "P(D = R > 1% | E = 0% < R <= 1%)": 0.0038809831824062097, "P(D = R < -1% | E = R > 1%)": 0.08706467661691543, "P(D = -1% <= R <= 0% | E = R > 1%)": 0.17164179104477612, "P(D = 0% < R <= 1% | E = R > 1%)": 0.7263681592039801, "P(D = R > 1% | E = R > 1%)": 0.014925373134328358}