{"P(D = R < -1% | E = R < -1%)": 0.2265151515151515, "P(D = -1% <= R <= 0% | E = R < -1%)": 0.28106060606060607, "P(D = 0% < R <= 1% | E = R < -1%)": 0.27954545454545454, "P(D = R > 1% | E = R < -1%)": 0.2128787878787879, "P(D = R < -1% | E = -1% <= R <= 0%)": 0.10551948051948051, "P(D = -1% <= R <= 0% | E = -1% <= R <= 0%)": 0.413961038961039, "P(D = 0% < R <= 1% | E = -1% <= R <= 0%)": 0.3587662337662338, "P(D = R > 1% | E = -1% <= R <= 0%)": 0.12175324675324675, "P(D = R < -1% | E = 0% < R <= 1%)": 0.10698878343399482, "P(D = -1% <= R <= 0% | E = 0% < R <= 1%)": 0.3485763589301122, "P(D = 0% < R <= 1% | E = 0% < R <= 1%)": 0.40379637618636754, "P(D = R > 1% | E = 0% < R <= 1%)": 0.14063848144952545, "P(D = R < -1% | E = R > 1%)": 0.1596931659693166, "P(D = -1% <= R <= 0% | E = R > 1%)": 0.22594142259414227, "P(D = 0% < R <= 1% | E = R > 1%)": 0.32496513249651326, "P(D = R > 1% | E = R > 1%)": 0.2894002789400279}