{"P(D = R < -1% | E = R < -1%)": 0.1536144578313253, "P(D = -1% <= R <= 0% | E = R < -1%)": 0.5783132530120482, "P(D = 0% < R <= 1% | E = R < -1%)": 0.0, "P(D = R > 1% | E = R < -1%)": 0.2680722891566265, "P(D = R < -1% | E = -1% <= R <= 0%)": 0.05309734513274336, "P(D = -1% <= R <= 0% | E = -1% <= R <= 0%)": 0.7197640117994101, "P(D = 0% < R <= 1% | E = -1% <= R <= 0%)": 0.0, "P(D = R > 1% | E = -1% <= R <= 0%)": 0.22713864306784662, "P(D = R < -1% | E = 0% < R <= 1%)": 0.016736401673640166, "P(D = -1% <= R <= 0% | E = 0% < R <= 1%)": 0.7447698744769874, "P(D = 0% < R <= 1% | E = 0% < R <= 1%)": 0.0, "P(D = R > 1% | E = 0% < R <= 1%)": 0.2384937238493724, "P(D = R < -1% | E = R > 1%)": 0.022284122562674095, "P(D = -1% <= R <= 0% | E = R > 1%)": 0.5236768802228412, "P(D = 0% < R <= 1% | E = R > 1%)": 0.0, "P(D = R > 1% | E = R > 1%)": 0.45403899721448465}