{"P(D = R < -1% | E = R < -1%)": 0.349025974025974, "P(D = -1% <= R <= 0% | E = R < -1%)": 0.0, "P(D = 0% < R <= 1% | E = R < -1%)": 0.003246753246753247, "P(D = R > 1% | E = R < -1%)": 0.6477272727272727, "P(D = R < -1% | E = -1% <= R <= 0%)": 0.2977941176470588, "P(D = -1% <= R <= 0% | E = -1% <= R <= 0%)": 0.0, "P(D = 0% < R <= 1% | E = -1% <= R <= 0%)": 0.001838235294117647, "P(D = R > 1% | E = -1% <= R <= 0%)": 0.7003676470588235, "P(D = R < -1% | E = 0% < R <= 1%)": 0.3007662835249042, "P(D = -1% <= R <= 0% | E = 0% < R <= 1%)": 0.0, "P(D = 0% < R <= 1% | E = 0% < R <= 1%)": 0.0019157088122605363, "P(D = R > 1% | E = 0% < R <= 1%)": 0.6973180076628352, "P(D = R < -1% | E = R > 1%)": 0.27617602427921095, "P(D = -1% <= R <= 0% | E = R > 1%)": 0.0, "P(D = 0% < R <= 1% | E = R > 1%)": 0.0015174506828528073, "P(D = R > 1% | E = R > 1%)": 0.7223065250379362}