{"P(D = R < -1% | E = R < -1%)": 0.0, "P(D = -1% <= R <= 0% | E = R < -1%)": 0.9180327868852459, "P(D = 0% < R <= 1% | E = R < -1%)": 0.0, "P(D = R > 1% | E = R < -1%)": 0.08196721311475409, "P(D = R < -1% | E = -1% <= R <= 0%)": 0.0, "P(D = -1% <= R <= 0% | E = -1% <= R <= 0%)": 0.986013986013986, "P(D = 0% < R <= 1% | E = -1% <= R <= 0%)": 0.0, "P(D = R > 1% | E = -1% <= R <= 0%)": 0.013986013986013986, "P(D = R < -1% | E = 0% < R <= 1%)": 0.0, "P(D = -1% <= R <= 0% | E = 0% < R <= 1%)": 0.9954337899543378, "P(D = 0% < R <= 1% | E = 0% < R <= 1%)": 0.0, "P(D = R > 1% | E = 0% < R <= 1%)": 0.0045662100456621, "P(D = R < -1% | E = R > 1%)": 0.0, "P(D = -1% <= R <= 0% | E = R > 1%)": 0.803921568627451, "P(D = 0% < R <= 1% | E = R > 1%)": 0.0, "P(D = R > 1% | E = R > 1%)": 0.19607843137254902}