{"P(D = R < -1% | E = R < -1%)": 0.4473684210526316, "P(D = -1% <= R <= 0% | E = R < -1%)": 0.2894736842105263, "P(D = 0% < R <= 1% | E = R < -1%)": 0.02631578947368421, "P(D = R > 1% | E = R < -1%)": 0.23684210526315788, "P(D = R < -1% | E = -1% <= R <= 0%)": 0.21875, "P(D = -1% <= R <= 0% | E = -1% <= R <= 0%)": 0.5, "P(D = 0% < R <= 1% | E = -1% <= R <= 0%)": 0.0625, "P(D = R > 1% | E = -1% <= R <= 0%)": 0.21875, "P(D = R < -1% | E = 0% < R <= 1%)": 0.1724137931034483, "P(D = -1% <= R <= 0% | E = 0% < R <= 1%)": 0.3103448275862069, "P(D = 0% < R <= 1% | E = 0% < R <= 1%)": 0.20689655172413793, "P(D = R > 1% | E = 0% < R <= 1%)": 0.3103448275862069, "P(D = R < -1% | E = R > 1%)": 0.08108108108108109, "P(D = -1% <= R <= 0% | E = R > 1%)": 0.2702702702702703, "P(D = 0% < R <= 1% | E = R > 1%)": 0.10810810810810811, "P(D = R > 1% | E = R > 1%)": 0.5405405405405406}