{"P(D = R < -1% | E = R < -1%)": 0.12341197822141561, "P(D = -1% <= R <= 0% | E = R < -1%)": 0.73502722323049, "P(D = 0% < R <= 1% | E = R < -1%)": 0.0, "P(D = R > 1% | E = R < -1%)": 0.14156079854809436, "P(D = R < -1% | E = -1% <= R <= 0%)": 0.06624605678233439, "P(D = -1% <= R <= 0% | E = -1% <= R <= 0%)": 0.8422712933753943, "P(D = 0% < R <= 1% | E = -1% <= R <= 0%)": 0.0, "P(D = R > 1% | E = -1% <= R <= 0%)": 0.0914826498422713, "P(D = R < -1% | E = 0% < R <= 1%)": 0.049429657794676805, "P(D = -1% <= R <= 0% | E = 0% < R <= 1%)": 0.7984790874524715, "P(D = 0% < R <= 1% | E = 0% < R <= 1%)": 0.0, "P(D = R > 1% | E = 0% < R <= 1%)": 0.1520912547528517, "P(D = R < -1% | E = R > 1%)": 0.07599309153713299, "P(D = -1% <= R <= 0% | E = R > 1%)": 0.5906735751295337, "P(D = 0% < R <= 1% | E = R > 1%)": 0.0, "P(D = R > 1% | E = R > 1%)": 0.3333333333333333}