{"P(D = R < -1% | E = R < -1%)": 0.20365535248041775, "P(D = -1% <= R <= 0% | E = R < -1%)": 0.1174934725848564, "P(D = 0% < R <= 1% | E = R < -1%)": 0.6344647519582245, "P(D = R > 1% | E = R < -1%)": 0.044386422976501305, "P(D = R < -1% | E = -1% <= R <= 0%)": 0.07394957983193277, "P(D = -1% <= R <= 0% | E = -1% <= R <= 0%)": 0.11764705882352941, "P(D = 0% < R <= 1% | E = -1% <= R <= 0%)": 0.7781512605042017, "P(D = R > 1% | E = -1% <= R <= 0%)": 0.030252100840336135, "P(D = R < -1% | E = 0% < R <= 1%)": 0.04833836858006042, "P(D = -1% <= R <= 0% | E = 0% < R <= 1%)": 0.09365558912386707, "P(D = 0% < R <= 1% | E = 0% < R <= 1%)": 0.8323262839879154, "P(D = R > 1% | E = 0% < R <= 1%)": 0.0256797583081571, "P(D = R < -1% | E = R > 1%)": 0.08501118568232663, "P(D = -1% <= R <= 0% | E = R > 1%)": 0.10738255033557047, "P(D = 0% < R <= 1% | E = R > 1%)": 0.7427293064876958, "P(D = R > 1% | E = R > 1%)": 0.06487695749440715}