{"P(D = R < -1% | E = R < -1%)": 0.13498098859315588, "P(D = -1% <= R <= 0% | E = R < -1%)": 0.24714828897338403, "P(D = 0% < R <= 1% | E = R < -1%)": 0.5, "P(D = R > 1% | E = R < -1%)": 0.11787072243346007, "P(D = R < -1% | E = -1% <= R <= 0%)": 0.06369426751592357, "P(D = -1% <= R <= 0% | E = -1% <= R <= 0%)": 0.2929936305732484, "P(D = 0% < R <= 1% | E = -1% <= R <= 0%)": 0.5461783439490446, "P(D = R > 1% | E = -1% <= R <= 0%)": 0.09713375796178345, "P(D = R < -1% | E = 0% < R <= 1%)": 0.06957928802588997, "P(D = -1% <= R <= 0% | E = 0% < R <= 1%)": 0.23786407766990292, "P(D = 0% < R <= 1% | E = 0% < R <= 1%)": 0.5841423948220065, "P(D = R > 1% | E = 0% < R <= 1%)": 0.10841423948220065, "P(D = R < -1% | E = R > 1%)": 0.09532062391681109, "P(D = -1% <= R <= 0% | E = R > 1%)": 0.21317157712305027, "P(D = 0% < R <= 1% | E = R > 1%)": 0.5164644714038128, "P(D = R > 1% | E = R > 1%)": 0.17504332755632582}