{"P(D = R < -1% | E = R < -1%)": 0.6135458167330677, "P(D = -1% <= R <= 0% | E = R < -1%)": 0.02390438247011952, "P(D = 0% < R <= 1% | E = R < -1%)": 0.0, "P(D = R > 1% | E = R < -1%)": 0.36254980079681276, "P(D = R < -1% | E = -1% <= R <= 0%)": 0.48214285714285715, "P(D = -1% <= R <= 0% | E = -1% <= R <= 0%)": 0.026785714285714284, "P(D = 0% < R <= 1% | E = -1% <= R <= 0%)": 0.0, "P(D = R > 1% | E = -1% <= R <= 0%)": 0.49107142857142855, "P(D = R < -1% | E = 0% < R <= 1%)": 0.47368421052631576, "P(D = -1% <= R <= 0% | E = 0% < R <= 1%)": 0.0, "P(D = 0% < R <= 1% | E = 0% < R <= 1%)": 0.0, "P(D = R > 1% | E = 0% < R <= 1%)": 0.5263157894736842, "P(D = R < -1% | E = R > 1%)": 0.32989690721649484, "P(D = -1% <= R <= 0% | E = R > 1%)": 0.013745704467353952, "P(D = 0% < R <= 1% | E = R > 1%)": 0.0, "P(D = R > 1% | E = R > 1%)": 0.6563573883161512}