{"P(D = R < -1% | E = R < -1%)": 0.556672760511883, "P(D = -1% <= R <= 0% | E = R < -1%)": 0.16910420475319926, "P(D = 0% < R <= 1% | E = R < -1%)": 0.0, "P(D = R > 1% | E = R < -1%)": 0.2742230347349177, "P(D = R < -1% | E = -1% <= R <= 0%)": 0.38333333333333336, "P(D = -1% <= R <= 0% | E = -1% <= R <= 0%)": 0.28888888888888886, "P(D = 0% < R <= 1% | E = -1% <= R <= 0%)": 0.0, "P(D = R > 1% | E = -1% <= R <= 0%)": 0.3277777777777778, "P(D = R < -1% | E = 0% < R <= 1%)": 0.3203463203463203, "P(D = -1% <= R <= 0% | E = 0% < R <= 1%)": 0.24675324675324675, "P(D = 0% < R <= 1% | E = 0% < R <= 1%)": 0.0, "P(D = R > 1% | E = 0% < R <= 1%)": 0.4329004329004329, "P(D = R < -1% | E = R > 1%)": 0.3126232741617357, "P(D = -1% <= R <= 0% | E = R > 1%)": 0.1794871794871795, "P(D = 0% < R <= 1% | E = R > 1%)": 0.0, "P(D = R > 1% | E = R > 1%)": 0.5078895463510849}