{"P(D = R < -1% | E = R < -1%)": 0.4666666666666667, "P(D = -1% <= R <= 0% | E = R < -1%)": 0.005555555555555556, "P(D = 0% < R <= 1% | E = R < -1%)": 0.0, "P(D = R > 1% | E = R < -1%)": 0.5277777777777778, "P(D = R < -1% | E = -1% <= R <= 0%)": 0.2972972972972973, "P(D = -1% <= R <= 0% | E = -1% <= R <= 0%)": 0.06756756756756757, "P(D = 0% < R <= 1% | E = -1% <= R <= 0%)": 0.0, "P(D = R > 1% | E = -1% <= R <= 0%)": 0.6351351351351351, "P(D = R < -1% | E = 0% < R <= 1%)": 0.3125, "P(D = -1% <= R <= 0% | E = 0% < R <= 1%)": 0.020833333333333332, "P(D = 0% < R <= 1% | E = 0% < R <= 1%)": 0.0, "P(D = R > 1% | E = 0% < R <= 1%)": 0.6666666666666666, "P(D = R < -1% | E = R > 1%)": 0.31976744186046513, "P(D = -1% <= R <= 0% | E = R > 1%)": 0.005813953488372093, "P(D = 0% < R <= 1% | E = R > 1%)": 0.0, "P(D = R > 1% | E = R > 1%)": 0.6744186046511628}