{"P(D = R < -1% | E = R < -1%)": 0.8461538461538461, "P(D = -1% <= R <= 0% | E = R < -1%)": 0.02564102564102564, "P(D = 0% < R <= 1% | E = R < -1%)": 0.0, "P(D = R > 1% | E = R < -1%)": 0.1282051282051282, "P(D = R < -1% | E = -1% <= R <= 0%)": 0.7368421052631579, "P(D = -1% <= R <= 0% | E = -1% <= R <= 0%)": 0.05263157894736842, "P(D = 0% < R <= 1% | E = -1% <= R <= 0%)": 0.0, "P(D = R > 1% | E = -1% <= R <= 0%)": 0.21052631578947367, "P(D = R < -1% | E = 0% < R <= 1%)": 0.8, "P(D = -1% <= R <= 0% | E = 0% < R <= 1%)": 0.0, "P(D = 0% < R <= 1% | E = 0% < R <= 1%)": 0.0, "P(D = R > 1% | E = 0% < R <= 1%)": 0.2, "P(D = R < -1% | E = R > 1%)": 0.5405405405405406, "P(D = -1% <= R <= 0% | E = R > 1%)": 0.0, "P(D = 0% < R <= 1% | E = R > 1%)": 0.0, "P(D = R > 1% | E = R > 1%)": 0.4594594594594595}