{"P(D = R < -1% | E = R < -1%)": 0.2857142857142857, "P(D = -1% <= R <= 0% | E = R < -1%)": 0.40476190476190477, "P(D = 0% < R <= 1% | E = R < -1%)": 0.23809523809523808, "P(D = R > 1% | E = R < -1%)": 0.07142857142857142, "P(D = R < -1% | E = -1% <= R <= 0%)": 0.0945945945945946, "P(D = -1% <= R <= 0% | E = -1% <= R <= 0%)": 0.6756756756756757, "P(D = 0% < R <= 1% | E = -1% <= R <= 0%)": 0.20270270270270271, "P(D = R > 1% | E = -1% <= R <= 0%)": 0.02702702702702703, "P(D = R < -1% | E = 0% < R <= 1%)": 0.07462686567164178, "P(D = -1% <= R <= 0% | E = 0% < R <= 1%)": 0.3880597014925373, "P(D = 0% < R <= 1% | E = 0% < R <= 1%)": 0.43283582089552236, "P(D = R > 1% | E = 0% < R <= 1%)": 0.1044776119402985, "P(D = R < -1% | E = R > 1%)": 0.08333333333333333, "P(D = -1% <= R <= 0% | E = R > 1%)": 0.3055555555555556, "P(D = 0% < R <= 1% | E = R > 1%)": 0.3333333333333333, "P(D = R > 1% | E = R > 1%)": 0.2777777777777778}