{"P(D = R < -1% | E = R < -1%)": 0.35084033613445376, "P(D = -1% <= R <= 0% | E = R < -1%)": 0.13760504201680673, "P(D = 0% < R <= 1% | E = R < -1%)": 0.029411764705882353, "P(D = R > 1% | E = R < -1%)": 0.48214285714285715, "P(D = R < -1% | E = -1% <= R <= 0%)": 0.27375201288244766, "P(D = -1% <= R <= 0% | E = -1% <= R <= 0%)": 0.16908212560386474, "P(D = 0% < R <= 1% | E = -1% <= R <= 0%)": 0.004830917874396135, "P(D = R > 1% | E = -1% <= R <= 0%)": 0.5523349436392915, "P(D = R < -1% | E = 0% < R <= 1%)": 0.20736434108527133, "P(D = -1% <= R <= 0% | E = 0% < R <= 1%)": 0.16472868217054262, "P(D = 0% < R <= 1% | E = 0% < R <= 1%)": 0.009689922480620155, "P(D = R > 1% | E = 0% < R <= 1%)": 0.6182170542635659, "P(D = R < -1% | E = R > 1%)": 0.2053941908713693, "P(D = -1% <= R <= 0% | E = R > 1%)": 0.14315352697095435, "P(D = 0% < R <= 1% | E = R > 1%)": 0.026970954356846474, "P(D = R > 1% | E = R > 1%)": 0.6244813278008299}