{"P(D = R < -1% | E = R < -1%)": 0.10672853828306264, "P(D = -1% <= R <= 0% | E = R < -1%)": 0.7645011600928074, "P(D = 0% < R <= 1% | E = R < -1%)": 0.0, "P(D = R > 1% | E = R < -1%)": 0.12877030162412992, "P(D = R < -1% | E = -1% <= R <= 0%)": 0.04151291512915129, "P(D = -1% <= R <= 0% | E = -1% <= R <= 0%)": 0.8763837638376384, "P(D = 0% < R <= 1% | E = -1% <= R <= 0%)": 0.0, "P(D = R > 1% | E = -1% <= R <= 0%)": 0.08210332103321033, "P(D = R < -1% | E = 0% < R <= 1%)": 0.02455661664392906, "P(D = -1% <= R <= 0% | E = 0% < R <= 1%)": 0.8840381991814461, "P(D = 0% < R <= 1% | E = 0% < R <= 1%)": 0.0, "P(D = R > 1% | E = 0% < R <= 1%)": 0.09140518417462483, "P(D = R < -1% | E = R > 1%)": 0.035331905781584586, "P(D = -1% <= R <= 0% | E = R > 1%)": 0.7387580299785867, "P(D = 0% < R <= 1% | E = R > 1%)": 0.0, "P(D = R > 1% | E = R > 1%)": 0.2259100642398287}