{"P(D = R < -1% | E = R < -1%)": 0.12380952380952381, "P(D = -1% <= R <= 0% | E = R < -1%)": 0.6666666666666666, "P(D = 0% < R <= 1% | E = R < -1%)": 0.1619047619047619, "P(D = R > 1% | E = R < -1%)": 0.047619047619047616, "P(D = R < -1% | E = -1% <= R <= 0%)": 0.014285714285714285, "P(D = -1% <= R <= 0% | E = -1% <= R <= 0%)": 0.8571428571428571, "P(D = 0% < R <= 1% | E = -1% <= R <= 0%)": 0.125, "P(D = R > 1% | E = -1% <= R <= 0%)": 0.0035714285714285713, "P(D = R < -1% | E = 0% < R <= 1%)": 0.05508474576271186, "P(D = -1% <= R <= 0% | E = 0% < R <= 1%)": 0.8050847457627118, "P(D = 0% < R <= 1% | E = 0% < R <= 1%)": 0.13983050847457626, "P(D = R > 1% | E = 0% < R <= 1%)": 0.0, "P(D = R < -1% | E = R > 1%)": 0.14444444444444443, "P(D = -1% <= R <= 0% | E = R > 1%)": 0.6222222222222222, "P(D = 0% < R <= 1% | E = R > 1%)": 0.15555555555555556, "P(D = R > 1% | E = R > 1%)": 0.07777777777777778}