{"P(D = R < -1% | E = R < -1%)": 0.4305555555555556, "P(D = -1% <= R <= 0% | E = R < -1%)": 0.027777777777777776, "P(D = 0% < R <= 1% | E = R < -1%)": 0.0, "P(D = R > 1% | E = R < -1%)": 0.5416666666666666, "P(D = R < -1% | E = -1% <= R <= 0%)": 0.20930232558139536, "P(D = -1% <= R <= 0% | E = -1% <= R <= 0%)": 0.13953488372093023, "P(D = 0% < R <= 1% | E = -1% <= R <= 0%)": 0.0, "P(D = R > 1% | E = -1% <= R <= 0%)": 0.6511627906976745, "P(D = R < -1% | E = 0% < R <= 1%)": 0.1875, "P(D = -1% <= R <= 0% | E = 0% < R <= 1%)": 0.15625, "P(D = 0% < R <= 1% | E = 0% < R <= 1%)": 0.0, "P(D = R > 1% | E = 0% < R <= 1%)": 0.65625, "P(D = R < -1% | E = R > 1%)": 0.22695035460992907, "P(D = -1% <= R <= 0% | E = R > 1%)": 0.07801418439716312, "P(D = 0% < R <= 1% | E = R > 1%)": 0.0, "P(D = R > 1% | E = R > 1%)": 0.6950354609929078}