{"P(D = R < -1% | E = R < -1%)": 0.6086956521739131, "P(D = -1% <= R <= 0% | E = R < -1%)": 0.2608695652173913, "P(D = 0% < R <= 1% | E = R < -1%)": 0.021739130434782608, "P(D = R > 1% | E = R < -1%)": 0.10869565217391304, "P(D = R < -1% | E = -1% <= R <= 0%)": 0.2727272727272727, "P(D = -1% <= R <= 0% | E = -1% <= R <= 0%)": 0.4318181818181818, "P(D = 0% < R <= 1% | E = -1% <= R <= 0%)": 0.0, "P(D = R > 1% | E = -1% <= R <= 0%)": 0.29545454545454547, "P(D = R < -1% | E = 0% < R <= 1%)": 0.25, "P(D = -1% <= R <= 0% | E = 0% < R <= 1%)": 0.3125, "P(D = 0% < R <= 1% | E = 0% < R <= 1%)": 0.3125, "P(D = R > 1% | E = 0% < R <= 1%)": 0.125, "P(D = R < -1% | E = R > 1%)": 0.09523809523809523, "P(D = -1% <= R <= 0% | E = R > 1%)": 0.09523809523809523, "P(D = 0% < R <= 1% | E = R > 1%)": 0.047619047619047616, "P(D = R > 1% | E = R > 1%)": 0.7619047619047619}