{"P(D = R < -1% | E = R < -1%)": 0.42857142857142855, "P(D = -1% <= R <= 0% | E = R < -1%)": 0.2987012987012987, "P(D = 0% < R <= 1% | E = R < -1%)": 0.012987012987012988, "P(D = R > 1% | E = R < -1%)": 0.2597402597402597, "P(D = R < -1% | E = -1% <= R <= 0%)": 0.171875, "P(D = -1% <= R <= 0% | E = -1% <= R <= 0%)": 0.609375, "P(D = 0% < R <= 1% | E = -1% <= R <= 0%)": 0.015625, "P(D = R > 1% | E = -1% <= R <= 0%)": 0.203125, "P(D = R < -1% | E = 0% < R <= 1%)": 0.16393442622950818, "P(D = -1% <= R <= 0% | E = 0% < R <= 1%)": 0.4918032786885246, "P(D = 0% < R <= 1% | E = 0% < R <= 1%)": 0.03278688524590164, "P(D = R > 1% | E = 0% < R <= 1%)": 0.3114754098360656, "P(D = R < -1% | E = R > 1%)": 0.25, "P(D = -1% <= R <= 0% | E = R > 1%)": 0.19791666666666666, "P(D = 0% < R <= 1% | E = R > 1%)": 0.020833333333333332, "P(D = R > 1% | E = R > 1%)": 0.53125}