{"P(D = R < -1% | E = R < -1%)": 0.74, "P(D = -1% <= R <= 0% | E = R < -1%)": 0.1, "P(D = 0% < R <= 1% | E = R < -1%)": 0.02, "P(D = R > 1% | E = R < -1%)": 0.14, "P(D = R < -1% | E = -1% <= R <= 0%)": 0.5121951219512195, "P(D = -1% <= R <= 0% | E = -1% <= R <= 0%)": 0.2682926829268293, "P(D = 0% < R <= 1% | E = -1% <= R <= 0%)": 0.0, "P(D = R > 1% | E = -1% <= R <= 0%)": 0.21951219512195122, "P(D = R < -1% | E = 0% < R <= 1%)": 0.5, "P(D = -1% <= R <= 0% | E = 0% < R <= 1%)": 0.16666666666666666, "P(D = 0% < R <= 1% | E = 0% < R <= 1%)": 0.16666666666666666, "P(D = R > 1% | E = 0% < R <= 1%)": 0.16666666666666666, "P(D = R < -1% | E = R > 1%)": 0.5454545454545454, "P(D = -1% <= R <= 0% | E = R > 1%)": 0.06818181818181818, "P(D = 0% < R <= 1% | E = R > 1%)": 0.045454545454545456, "P(D = R > 1% | E = R > 1%)": 0.3409090909090909}