{"P(D = R < -1% | E = R < -1%)": 0.3352685050798258, "P(D = -1% <= R <= 0% | E = R < -1%)": 0.35268505079825835, "P(D = 0% < R <= 1% | E = R < -1%)": 0.11465892597968069, "P(D = R > 1% | E = R < -1%)": 0.19738751814223512, "P(D = R < -1% | E = -1% <= R <= 0%)": 0.19158200290275762, "P(D = -1% <= R <= 0% | E = -1% <= R <= 0%)": 0.45573294629898403, "P(D = 0% < R <= 1% | E = -1% <= R <= 0%)": 0.14223512336719885, "P(D = R > 1% | E = -1% <= R <= 0%)": 0.2104499274310595, "P(D = R < -1% | E = 0% < R <= 1%)": 0.17754172989377845, "P(D = -1% <= R <= 0% | E = 0% < R <= 1%)": 0.4157814871016692, "P(D = 0% < R <= 1% | E = 0% < R <= 1%)": 0.18209408194233687, "P(D = R > 1% | E = 0% < R <= 1%)": 0.22458270106221548, "P(D = R < -1% | E = R > 1%)": 0.16326530612244897, "P(D = -1% <= R <= 0% | E = R > 1%)": 0.3469387755102041, "P(D = 0% < R <= 1% | E = R > 1%)": 0.141399416909621, "P(D = R > 1% | E = R > 1%)": 0.34839650145772594}