{"P(D = R < -1% | E = R < -1%)": 0.3458646616541353, "P(D = -1% <= R <= 0% | E = R < -1%)": 0.3308270676691729, "P(D = 0% < R <= 1% | E = R < -1%)": 0.2932330827067669, "P(D = R > 1% | E = R < -1%)": 0.03007518796992481, "P(D = R < -1% | E = -1% <= R <= 0%)": 0.09174311926605505, "P(D = -1% <= R <= 0% | E = -1% <= R <= 0%)": 0.4036697247706422, "P(D = 0% < R <= 1% | E = -1% <= R <= 0%)": 0.4908256880733945, "P(D = R > 1% | E = -1% <= R <= 0%)": 0.013761467889908258, "P(D = R < -1% | E = 0% < R <= 1%)": 0.06179775280898876, "P(D = -1% <= R <= 0% | E = 0% < R <= 1%)": 0.24157303370786518, "P(D = 0% < R <= 1% | E = 0% < R <= 1%)": 0.6797752808988764, "P(D = R > 1% | E = 0% < R <= 1%)": 0.016853932584269662, "P(D = R < -1% | E = R > 1%)": 0.1717171717171717, "P(D = -1% <= R <= 0% | E = R > 1%)": 0.23232323232323232, "P(D = 0% < R <= 1% | E = R > 1%)": 0.4444444444444444, "P(D = R > 1% | E = R > 1%)": 0.15151515151515152}