{"P(D = R < -1% | E = R < -1%)": 0.07989690721649484, "P(D = -1% <= R <= 0% | E = R < -1%)": 0.0, "P(D = 0% < R <= 1% | E = R < -1%)": 0.8195876288659794, "P(D = R > 1% | E = R < -1%)": 0.10051546391752578, "P(D = R < -1% | E = -1% <= R <= 0%)": 0.045112781954887216, "P(D = -1% <= R <= 0% | E = -1% <= R <= 0%)": 0.0, "P(D = 0% < R <= 1% | E = -1% <= R <= 0%)": 0.8759398496240601, "P(D = R > 1% | E = -1% <= R <= 0%)": 0.07894736842105263, "P(D = R < -1% | E = 0% < R <= 1%)": 0.04585537918871252, "P(D = -1% <= R <= 0% | E = 0% < R <= 1%)": 0.0, "P(D = 0% < R <= 1% | E = 0% < R <= 1%)": 0.9012345679012346, "P(D = R > 1% | E = 0% < R <= 1%)": 0.05291005291005291, "P(D = R < -1% | E = R > 1%)": 0.04460093896713615, "P(D = -1% <= R <= 0% | E = R > 1%)": 0.0, "P(D = 0% < R <= 1% | E = R > 1%)": 0.812206572769953, "P(D = R > 1% | E = R > 1%)": 0.1431924882629108}