{"P(D = R < -1% | E = R < -1%)": 0.7474747474747475, "P(D = -1% <= R <= 0% | E = R < -1%)": 0.020202020202020204, "P(D = 0% < R <= 1% | E = R < -1%)": 0.0, "P(D = R > 1% | E = R < -1%)": 0.23232323232323232, "P(D = R < -1% | E = -1% <= R <= 0%)": 0.6951219512195121, "P(D = -1% <= R <= 0% | E = -1% <= R <= 0%)": 0.012195121951219513, "P(D = 0% < R <= 1% | E = -1% <= R <= 0%)": 0.0, "P(D = R > 1% | E = -1% <= R <= 0%)": 0.2926829268292683, "P(D = R < -1% | E = 0% < R <= 1%)": 0.6333333333333333, "P(D = -1% <= R <= 0% | E = 0% < R <= 1%)": 0.016666666666666666, "P(D = 0% < R <= 1% | E = 0% < R <= 1%)": 0.0, "P(D = R > 1% | E = 0% < R <= 1%)": 0.35, "P(D = R < -1% | E = R > 1%)": 0.5813953488372093, "P(D = -1% <= R <= 0% | E = R > 1%)": 0.023255813953488372, "P(D = 0% < R <= 1% | E = R > 1%)": 0.0, "P(D = R > 1% | E = R > 1%)": 0.3953488372093023}