{"P(D = R < -1% | E = R < -1%)": 0.4090056285178236, "P(D = -1% <= R <= 0% | E = R < -1%)": 0.05378361475922452, "P(D = 0% < R <= 1% | E = R < -1%)": 0.0, "P(D = R > 1% | E = R < -1%)": 0.5372107567229518, "P(D = R < -1% | E = -1% <= R <= 0%)": 0.29959514170040485, "P(D = -1% <= R <= 0% | E = -1% <= R <= 0%)": 0.0840080971659919, "P(D = 0% < R <= 1% | E = -1% <= R <= 0%)": 0.0, "P(D = R > 1% | E = -1% <= R <= 0%)": 0.6163967611336032, "P(D = R < -1% | E = 0% < R <= 1%)": 0.21929824561403508, "P(D = -1% <= R <= 0% | E = 0% < R <= 1%)": 0.07017543859649122, "P(D = 0% < R <= 1% | E = 0% < R <= 1%)": 0.0, "P(D = R > 1% | E = 0% < R <= 1%)": 0.7105263157894737, "P(D = R < -1% | E = R > 1%)": 0.22435897435897437, "P(D = -1% <= R <= 0% | E = R > 1%)": 0.04836829836829837, "P(D = 0% < R <= 1% | E = R > 1%)": 0.0, "P(D = R > 1% | E = R > 1%)": 0.7272727272727273}