{"P(D = R < -1% | E = R < -1%)": 0.0, "P(D = -1% <= R <= 0% | E = R < -1%)": 0.8082191780821918, "P(D = 0% < R <= 1% | E = R < -1%)": 0.1917808219178082, "P(D = R > 1% | E = R < -1%)": 0.0, "P(D = R < -1% | E = -1% <= R <= 0%)": 0.0, "P(D = -1% <= R <= 0% | E = -1% <= R <= 0%)": 0.9096045197740112, "P(D = 0% < R <= 1% | E = -1% <= R <= 0%)": 0.0903954802259887, "P(D = R > 1% | E = -1% <= R <= 0%)": 0.0, "P(D = R < -1% | E = 0% < R <= 1%)": 0.0, "P(D = -1% <= R <= 0% | E = 0% < R <= 1%)": 0.7769784172661871, "P(D = 0% < R <= 1% | E = 0% < R <= 1%)": 0.22302158273381295, "P(D = R > 1% | E = 0% < R <= 1%)": 0.0, "P(D = R < -1% | E = R > 1%)": 0.0, "P(D = -1% <= R <= 0% | E = R > 1%)": 0.7966101694915254, "P(D = 0% < R <= 1% | E = R > 1%)": 0.2033898305084746, "P(D = R > 1% | E = R > 1%)": 0.0}