{"P(D = R < -1% | E = R < -1%)": 0.17346938775510204, "P(D = -1% <= R <= 0% | E = R < -1%)": 0.6326530612244898, "P(D = 0% < R <= 1% | E = R < -1%)": 0.15306122448979592, "P(D = R > 1% | E = R < -1%)": 0.04081632653061224, "P(D = R < -1% | E = -1% <= R <= 0%)": 0.013029315960912053, "P(D = -1% <= R <= 0% | E = -1% <= R <= 0%)": 0.8338762214983714, "P(D = 0% < R <= 1% | E = -1% <= R <= 0%)": 0.1465798045602606, "P(D = R > 1% | E = -1% <= R <= 0%)": 0.006514657980456026, "P(D = R < -1% | E = 0% < R <= 1%)": 0.027874564459930314, "P(D = -1% <= R <= 0% | E = 0% < R <= 1%)": 0.7526132404181185, "P(D = 0% < R <= 1% | E = 0% < R <= 1%)": 0.1951219512195122, "P(D = R > 1% | E = 0% < R <= 1%)": 0.024390243902439025, "P(D = R < -1% | E = R > 1%)": 0.0989010989010989, "P(D = -1% <= R <= 0% | E = R > 1%)": 0.5274725274725275, "P(D = 0% < R <= 1% | E = R > 1%)": 0.34065934065934067, "P(D = R > 1% | E = R > 1%)": 0.03296703296703297}