{"P(D = R < -1% | E = R < -1%)": 0.13333333333333333, "P(D = -1% <= R <= 0% | E = R < -1%)": 0.6, "P(D = 0% < R <= 1% | E = R < -1%)": 0.26666666666666666, "P(D = R > 1% | E = R < -1%)": 0.0, "P(D = R < -1% | E = -1% <= R <= 0%)": 0.015706806282722512, "P(D = -1% <= R <= 0% | E = -1% <= R <= 0%)": 0.6178010471204188, "P(D = 0% < R <= 1% | E = -1% <= R <= 0%)": 0.3507853403141361, "P(D = R > 1% | E = -1% <= R <= 0%)": 0.015706806282722512, "P(D = R < -1% | E = 0% < R <= 1%)": 0.0, "P(D = -1% <= R <= 0% | E = 0% < R <= 1%)": 0.3821656050955414, "P(D = 0% < R <= 1% | E = 0% < R <= 1%)": 0.6050955414012739, "P(D = R > 1% | E = 0% < R <= 1%)": 0.012738853503184714, "P(D = R < -1% | E = R > 1%)": 0.0, "P(D = -1% <= R <= 0% | E = R > 1%)": 0.2857142857142857, "P(D = 0% < R <= 1% | E = R > 1%)": 0.42857142857142855, "P(D = R > 1% | E = R > 1%)": 0.2857142857142857}