{"P(D = R < -1% | E = R < -1%)": 0.15081405312767782, "P(D = -1% <= R <= 0% | E = R < -1%)": 0.8157669237360754, "P(D = 0% < R <= 1% | E = R < -1%)": 0.0, "P(D = R > 1% | E = R < -1%)": 0.033419023136246784, "P(D = R < -1% | E = -1% <= R <= 0%)": 0.052850603412401165, "P(D = -1% <= R <= 0% | E = -1% <= R <= 0%)": 0.9230129005409904, "P(D = 0% < R <= 1% | E = -1% <= R <= 0%)": 0.0, "P(D = R > 1% | E = -1% <= R <= 0%)": 0.024136496046608405, "P(D = R < -1% | E = 0% < R <= 1%)": 0, "P(D = -1% <= R <= 0% | E = 0% < R <= 1%)": 0, "P(D = 0% < R <= 1% | E = 0% < R <= 1%)": 0, "P(D = R > 1% | E = 0% < R <= 1%)": 0, "P(D = R < -1% | E = R > 1%)": 0.09955947136563877, "P(D = -1% <= R <= 0% | E = R > 1%)": 0.8678414096916299, "P(D = 0% < R <= 1% | E = R > 1%)": 0.0, "P(D = R > 1% | E = R > 1%)": 0.03259911894273128}