{"P(D = R < -1% | E = R < -1%)": 0.04, "P(D = -1% <= R <= 0% | E = R < -1%)": 0.78, "P(D = 0% < R <= 1% | E = R < -1%)": 0.18, "P(D = R > 1% | E = R < -1%)": 0.0, "P(D = R < -1% | E = -1% <= R <= 0%)": 0.005235602094240838, "P(D = -1% <= R <= 0% | E = -1% <= R <= 0%)": 0.8638743455497382, "P(D = 0% < R <= 1% | E = -1% <= R <= 0%)": 0.13089005235602094, "P(D = R > 1% | E = -1% <= R <= 0%)": 0.0, "P(D = R < -1% | E = 0% < R <= 1%)": 0.006329113924050633, "P(D = -1% <= R <= 0% | E = 0% < R <= 1%)": 0.7658227848101266, "P(D = 0% < R <= 1% | E = 0% < R <= 1%)": 0.22784810126582278, "P(D = R > 1% | E = 0% < R <= 1%)": 0.0, "P(D = R < -1% | E = R > 1%)": 0.0, "P(D = -1% <= R <= 0% | E = R > 1%)": 0.8571428571428571, "P(D = 0% < R <= 1% | E = R > 1%)": 0.14285714285714285, "P(D = R > 1% | E = R > 1%)": 0.0}