{"P(D = R < -1% | E = R < -1%)": 0.2563176895306859, "P(D = -1% <= R <= 0% | E = R < -1%)": 0.5234657039711191, "P(D = 0% < R <= 1% | E = R < -1%)": 0.17328519855595667, "P(D = R > 1% | E = R < -1%)": 0.04693140794223827, "P(D = R < -1% | E = -1% <= R <= 0%)": 0.08478260869565217, "P(D = -1% <= R <= 0% | E = -1% <= R <= 0%)": 0.6521739130434783, "P(D = 0% < R <= 1% | E = -1% <= R <= 0%)": 0.23478260869565218, "P(D = R > 1% | E = -1% <= R <= 0%)": 0.02826086956521739, "P(D = R < -1% | E = 0% < R <= 1%)": 0.06233062330623306, "P(D = -1% <= R <= 0% | E = 0% < R <= 1%)": 0.5040650406504065, "P(D = 0% < R <= 1% | E = 0% < R <= 1%)": 0.3875338753387534, "P(D = R > 1% | E = 0% < R <= 1%)": 0.04607046070460705, "P(D = R < -1% | E = R > 1%)": 0.11934156378600823, "P(D = -1% <= R <= 0% | E = R > 1%)": 0.3497942386831276, "P(D = 0% < R <= 1% | E = R > 1%)": 0.3662551440329218, "P(D = R > 1% | E = R > 1%)": 0.1646090534979424}