{"P(D = R < -1% | E = R < -1%)": 0.2863961813842482, "P(D = -1% <= R <= 0% | E = R < -1%)": 0.5632458233890215, "P(D = 0% < R <= 1% | E = R < -1%)": 0.0, "P(D = R > 1% | E = R < -1%)": 0.15035799522673032, "P(D = R < -1% | E = -1% <= R <= 0%)": 0.09195402298850575, "P(D = -1% <= R <= 0% | E = -1% <= R <= 0%)": 0.8247126436781609, "P(D = 0% < R <= 1% | E = -1% <= R <= 0%)": 0.0, "P(D = R > 1% | E = -1% <= R <= 0%)": 0.08333333333333333, "P(D = R < -1% | E = 0% < R <= 1%)": 0.13537117903930132, "P(D = -1% <= R <= 0% | E = 0% < R <= 1%)": 0.7641921397379913, "P(D = 0% < R <= 1% | E = 0% < R <= 1%)": 0.0, "P(D = R > 1% | E = 0% < R <= 1%)": 0.10043668122270742, "P(D = R < -1% | E = R > 1%)": 0.2009685230024213, "P(D = -1% <= R <= 0% | E = R > 1%)": 0.5690072639225182, "P(D = 0% < R <= 1% | E = R > 1%)": 0.0, "P(D = R > 1% | E = R > 1%)": 0.23002421307506055}