{"P(D = R < -1% | E = R < -1%)": 0.043478260869565216, "P(D = -1% <= R <= 0% | E = R < -1%)": 0.8043478260869565, "P(D = 0% < R <= 1% | E = R < -1%)": 0.0, "P(D = R > 1% | E = R < -1%)": 0.15217391304347827, "P(D = R < -1% | E = -1% <= R <= 0%)": 0.022727272727272728, "P(D = -1% <= R <= 0% | E = -1% <= R <= 0%)": 0.9488636363636364, "P(D = 0% < R <= 1% | E = -1% <= R <= 0%)": 0.0, "P(D = R > 1% | E = -1% <= R <= 0%)": 0.028409090909090908, "P(D = R < -1% | E = 0% < R <= 1%)": 0.0, "P(D = -1% <= R <= 0% | E = 0% < R <= 1%)": 0.7777777777777778, "P(D = 0% < R <= 1% | E = 0% < R <= 1%)": 0.0, "P(D = R > 1% | E = 0% < R <= 1%)": 0.2222222222222222, "P(D = R < -1% | E = R > 1%)": 0.0, "P(D = -1% <= R <= 0% | E = R > 1%)": 0.6206896551724138, "P(D = 0% < R <= 1% | E = R > 1%)": 0.0, "P(D = R > 1% | E = R > 1%)": 0.3793103448275862}