{"P(D = R < -1% | E = R < -1%)": 0.8850574712643678, "P(D = -1% <= R <= 0% | E = R < -1%)": 0.0, "P(D = 0% < R <= 1% | E = R < -1%)": 0.005747126436781609, "P(D = R > 1% | E = R < -1%)": 0.10919540229885058, "P(D = R < -1% | E = -1% <= R <= 0%)": 0.8833333333333333, "P(D = -1% <= R <= 0% | E = -1% <= R <= 0%)": 0.0, "P(D = 0% < R <= 1% | E = -1% <= R <= 0%)": 0.016666666666666666, "P(D = R > 1% | E = -1% <= R <= 0%)": 0.1, "P(D = R < -1% | E = 0% < R <= 1%)": 0.8, "P(D = -1% <= R <= 0% | E = 0% < R <= 1%)": 0.0, "P(D = 0% < R <= 1% | E = 0% < R <= 1%)": 0.03333333333333333, "P(D = R > 1% | E = 0% < R <= 1%)": 0.16666666666666666, "P(D = R < -1% | E = R > 1%)": 0.8053691275167785, "P(D = -1% <= R <= 0% | E = R > 1%)": 0.0, "P(D = 0% < R <= 1% | E = R > 1%)": 0.006711409395973154, "P(D = R > 1% | E = R > 1%)": 0.18791946308724833}