{"P(D = R < -1% | E = R < -1%)": 0.16129032258064516, "P(D = -1% <= R <= 0% | E = R < -1%)": 0.6774193548387096, "P(D = 0% < R <= 1% | E = R < -1%)": 0.12903225806451613, "P(D = R > 1% | E = R < -1%)": 0.03225806451612903, "P(D = R < -1% | E = -1% <= R <= 0%)": 0.031818181818181815, "P(D = -1% <= R <= 0% | E = -1% <= R <= 0%)": 0.9, "P(D = 0% < R <= 1% | E = -1% <= R <= 0%)": 0.05909090909090909, "P(D = R > 1% | E = -1% <= R <= 0%)": 0.00909090909090909, "P(D = R < -1% | E = 0% < R <= 1%)": 0.043478260869565216, "P(D = -1% <= R <= 0% | E = 0% < R <= 1%)": 0.7453416149068323, "P(D = 0% < R <= 1% | E = 0% < R <= 1%)": 0.16770186335403728, "P(D = R > 1% | E = 0% < R <= 1%)": 0.043478260869565216, "P(D = R < -1% | E = R > 1%)": 0.0, "P(D = -1% <= R <= 0% | E = R > 1%)": 0.5384615384615384, "P(D = 0% < R <= 1% | E = R > 1%)": 0.2692307692307692, "P(D = R > 1% | E = R > 1%)": 0.19230769230769232}