{"P(D = R < -1% | E = R < -1%)": 0.3001474926253687, "P(D = -1% <= R <= 0% | E = R < -1%)": 0.6187315634218289, "P(D = 0% < R <= 1% | E = R < -1%)": 0.0, "P(D = R > 1% | E = R < -1%)": 0.08112094395280237, "P(D = R < -1% | E = -1% <= R <= 0%)": 0.13391442155309033, "P(D = -1% <= R <= 0% | E = -1% <= R <= 0%)": 0.7480190174326465, "P(D = 0% < R <= 1% | E = -1% <= R <= 0%)": 0.0, "P(D = R > 1% | E = -1% <= R <= 0%)": 0.11806656101426308, "P(D = R < -1% | E = 0% < R <= 1%)": 0.17013232514177692, "P(D = -1% <= R <= 0% | E = 0% < R <= 1%)": 0.7448015122873346, "P(D = 0% < R <= 1% | E = 0% < R <= 1%)": 0.0, "P(D = R > 1% | E = 0% < R <= 1%)": 0.08506616257088846, "P(D = R < -1% | E = R > 1%)": 0.14654517843583903, "P(D = -1% <= R <= 0% | E = R > 1%)": 0.6165527714502658, "P(D = 0% < R <= 1% | E = R > 1%)": 0.0, "P(D = R > 1% | E = R > 1%)": 0.23690205011389523}