{"P(D = R < -1% | E = R < -1%)": 0.23901098901098902, "P(D = -1% <= R <= 0% | E = R < -1%)": 0.6373626373626373, "P(D = 0% < R <= 1% | E = R < -1%)": 0.09340659340659341, "P(D = R > 1% | E = R < -1%)": 0.03021978021978022, "P(D = R < -1% | E = -1% <= R <= 0%)": 0.05263157894736842, "P(D = -1% <= R <= 0% | E = -1% <= R <= 0%)": 0.8245614035087719, "P(D = 0% < R <= 1% | E = -1% <= R <= 0%)": 0.0804093567251462, "P(D = R > 1% | E = -1% <= R <= 0%)": 0.04239766081871345, "P(D = R < -1% | E = 0% < R <= 1%)": 0.024691358024691357, "P(D = -1% <= R <= 0% | E = 0% < R <= 1%)": 0.781305114638448, "P(D = 0% < R <= 1% | E = 0% < R <= 1%)": 0.15167548500881833, "P(D = R > 1% | E = 0% < R <= 1%)": 0.042328042328042326, "P(D = R < -1% | E = R > 1%)": 0.030985915492957747, "P(D = -1% <= R <= 0% | E = R > 1%)": 0.647887323943662, "P(D = 0% < R <= 1% | E = R > 1%)": 0.1352112676056338, "P(D = R > 1% | E = R > 1%)": 0.18591549295774648}