{"P(D = R < -1% | E = R < -1%)": 0.07988980716253444, "P(D = -1% <= R <= 0% | E = R < -1%)": 0.8705234159779615, "P(D = 0% < R <= 1% | E = R < -1%)": 0.0, "P(D = R > 1% | E = R < -1%)": 0.049586776859504134, "P(D = R < -1% | E = -1% <= R <= 0%)": 0.012517385257301807, "P(D = -1% <= R <= 0% | E = -1% <= R <= 0%)": 0.9541029207232267, "P(D = 0% < R <= 1% | E = -1% <= R <= 0%)": 0.0, "P(D = R > 1% | E = -1% <= R <= 0%)": 0.03337969401947149, "P(D = R < -1% | E = 0% < R <= 1%)": 0.007677543186180422, "P(D = -1% <= R <= 0% | E = 0% < R <= 1%)": 0.9558541266794626, "P(D = 0% < R <= 1% | E = 0% < R <= 1%)": 0.0, "P(D = R > 1% | E = 0% < R <= 1%)": 0.036468330134357005, "P(D = R < -1% | E = R > 1%)": 0.0029411764705882353, "P(D = -1% <= R <= 0% | E = R > 1%)": 0.888235294117647, "P(D = 0% < R <= 1% | E = R > 1%)": 0.0, "P(D = R > 1% | E = R > 1%)": 0.10882352941176471}