{"P(D = R < -1% | E = R < -1%)": 0.008771929824561403, "P(D = -1% <= R <= 0% | E = R < -1%)": 0.37719298245614036, "P(D = 0% < R <= 1% | E = R < -1%)": 0.45614035087719296, "P(D = R > 1% | E = R < -1%)": 0.15789473684210525, "P(D = R < -1% | E = -1% <= R <= 0%)": 0.01488095238095238, "P(D = -1% <= R <= 0% | E = -1% <= R <= 0%)": 0.35119047619047616, "P(D = 0% < R <= 1% | E = -1% <= R <= 0%)": 0.5982142857142857, "P(D = R > 1% | E = -1% <= R <= 0%)": 0.03571428571428571, "P(D = R < -1% | E = 0% < R <= 1%)": 0.0, "P(D = -1% <= R <= 0% | E = 0% < R <= 1%)": 0.24299065420560748, "P(D = 0% < R <= 1% | E = 0% < R <= 1%)": 0.7133956386292835, "P(D = R > 1% | E = 0% < R <= 1%)": 0.04361370716510903, "P(D = R < -1% | E = R > 1%)": 0.02586206896551724, "P(D = -1% <= R <= 0% | E = R > 1%)": 0.3706896551724138, "P(D = 0% < R <= 1% | E = R > 1%)": 0.41379310344827586, "P(D = R > 1% | E = R > 1%)": 0.1896551724137931}