{"P(D = R < -1% | E = R < -1%)": 0.5805330243337196, "P(D = -1% <= R <= 0% | E = R < -1%)": 0.0, "P(D = 0% < R <= 1% | E = R < -1%)": 0.01738122827346466, "P(D = R > 1% | E = R < -1%)": 0.4020857473928158, "P(D = R < -1% | E = -1% <= R <= 0%)": 0.46511627906976744, "P(D = -1% <= R <= 0% | E = -1% <= R <= 0%)": 0.0, "P(D = 0% < R <= 1% | E = -1% <= R <= 0%)": 0.01967799642218247, "P(D = R > 1% | E = -1% <= R <= 0%)": 0.5152057245080501, "P(D = R < -1% | E = 0% < R <= 1%)": 0.4430379746835443, "P(D = -1% <= R <= 0% | E = 0% < R <= 1%)": 0.0, "P(D = 0% < R <= 1% | E = 0% < R <= 1%)": 0.03375527426160337, "P(D = R > 1% | E = 0% < R <= 1%)": 0.5232067510548524, "P(D = R < -1% | E = R > 1%)": 0.41938997821350765, "P(D = -1% <= R <= 0% | E = R > 1%)": 0.0, "P(D = 0% < R <= 1% | E = R > 1%)": 0.018518518518518517, "P(D = R > 1% | E = R > 1%)": 0.5620915032679739}