{"P(D = R < -1% | E = R < -1%)": 0.8881987577639752, "P(D = -1% <= R <= 0% | E = R < -1%)": 0.0, "P(D = 0% < R <= 1% | E = R < -1%)": 0.006211180124223602, "P(D = R > 1% | E = R < -1%)": 0.10559006211180125, "P(D = R < -1% | E = -1% <= R <= 0%)": 0.918918918918919, "P(D = -1% <= R <= 0% | E = -1% <= R <= 0%)": 0.0, "P(D = 0% < R <= 1% | E = -1% <= R <= 0%)": 0.0, "P(D = R > 1% | E = -1% <= R <= 0%)": 0.08108108108108109, "P(D = R < -1% | E = 0% < R <= 1%)": 0.775, "P(D = -1% <= R <= 0% | E = 0% < R <= 1%)": 0.0, "P(D = 0% < R <= 1% | E = 0% < R <= 1%)": 0.1, "P(D = R > 1% | E = 0% < R <= 1%)": 0.125, "P(D = R < -1% | E = R > 1%)": 0.7737226277372263, "P(D = -1% <= R <= 0% | E = R > 1%)": 0.0, "P(D = 0% < R <= 1% | E = R > 1%)": 0.0, "P(D = R > 1% | E = R > 1%)": 0.22627737226277372}