{"P(D = R < -1% | E = R < -1%)": 0.6689419795221843, "P(D = -1% <= R <= 0% | E = R < -1%)": 0.013651877133105802, "P(D = 0% < R <= 1% | E = R < -1%)": 0.0, "P(D = R > 1% | E = R < -1%)": 0.3174061433447099, "P(D = R < -1% | E = -1% <= R <= 0%)": 0.5470085470085471, "P(D = -1% <= R <= 0% | E = -1% <= R <= 0%)": 0.008547008547008548, "P(D = 0% < R <= 1% | E = -1% <= R <= 0%)": 0.0, "P(D = R > 1% | E = -1% <= R <= 0%)": 0.4444444444444444, "P(D = R < -1% | E = 0% < R <= 1%)": 0.5238095238095238, "P(D = -1% <= R <= 0% | E = 0% < R <= 1%)": 0.0, "P(D = 0% < R <= 1% | E = 0% < R <= 1%)": 0.0, "P(D = R > 1% | E = 0% < R <= 1%)": 0.47619047619047616, "P(D = R < -1% | E = R > 1%)": 0.3696369636963696, "P(D = -1% <= R <= 0% | E = R > 1%)": 0.009900990099009901, "P(D = 0% < R <= 1% | E = R > 1%)": 0.0, "P(D = R > 1% | E = R > 1%)": 0.6204620462046204}