{"P(D = R < -1% | E = R < -1%)": 0.6427340608845491, "P(D = -1% <= R <= 0% | E = R < -1%)": 0.1883974727168294, "P(D = 0% < R <= 1% | E = R < -1%)": 0.00861573808156232, "P(D = R > 1% | E = R < -1%)": 0.16025272831705917, "P(D = R < -1% | E = -1% <= R <= 0%)": 0.28, "P(D = -1% <= R <= 0% | E = -1% <= R <= 0%)": 0.5922580645161291, "P(D = 0% < R <= 1% | E = -1% <= R <= 0%)": 0.003870967741935484, "P(D = R > 1% | E = -1% <= R <= 0%)": 0.12387096774193548, "P(D = R < -1% | E = 0% < R <= 1%)": 0.6656151419558359, "P(D = -1% <= R <= 0% | E = 0% < R <= 1%)": 0.0, "P(D = 0% < R <= 1% | E = 0% < R <= 1%)": 0.01892744479495268, "P(D = R > 1% | E = 0% < R <= 1%)": 0.31545741324921134, "P(D = R < -1% | E = R > 1%)": 0.5413481584433635, "P(D = -1% <= R <= 0% | E = R > 1%)": 0.23627519110493397, "P(D = 0% < R <= 1% | E = R > 1%)": 0.0118137595552467, "P(D = R > 1% | E = R > 1%)": 0.21056289089645588}