{"P(D = R < -1% | E = R < -1%)": 0.4827586206896552, "P(D = -1% <= R <= 0% | E = R < -1%)": 0.1724137931034483, "P(D = 0% < R <= 1% | E = R < -1%)": 0.15517241379310345, "P(D = R > 1% | E = R < -1%)": 0.1896551724137931, "P(D = R < -1% | E = -1% <= R <= 0%)": 0.25, "P(D = -1% <= R <= 0% | E = -1% <= R <= 0%)": 0.35294117647058826, "P(D = 0% < R <= 1% | E = -1% <= R <= 0%)": 0.3382352941176471, "P(D = R > 1% | E = -1% <= R <= 0%)": 0.058823529411764705, "P(D = R < -1% | E = 0% < R <= 1%)": 0.11864406779661017, "P(D = -1% <= R <= 0% | E = 0% < R <= 1%)": 0.2542372881355932, "P(D = 0% < R <= 1% | E = 0% < R <= 1%)": 0.4915254237288136, "P(D = R > 1% | E = 0% < R <= 1%)": 0.13559322033898305, "P(D = R < -1% | E = R > 1%)": 0.31666666666666665, "P(D = -1% <= R <= 0% | E = R > 1%)": 0.06666666666666667, "P(D = 0% < R <= 1% | E = R > 1%)": 0.3, "P(D = R > 1% | E = R > 1%)": 0.31666666666666665}