{"P(D = R < -1% | E = R < -1%)": 0.0, "P(D = -1% <= R <= 0% | E = R < -1%)": 0.7692307692307693, "P(D = 0% < R <= 1% | E = R < -1%)": 0.23076923076923078, "P(D = R > 1% | E = R < -1%)": 0.0, "P(D = R < -1% | E = -1% <= R <= 0%)": 0.022099447513812154, "P(D = -1% <= R <= 0% | E = -1% <= R <= 0%)": 0.8895027624309392, "P(D = 0% < R <= 1% | E = -1% <= R <= 0%)": 0.08839779005524862, "P(D = R > 1% | E = -1% <= R <= 0%)": 0.0, "P(D = R < -1% | E = 0% < R <= 1%)": 0.0, "P(D = -1% <= R <= 0% | E = 0% < R <= 1%)": 0.7341772151898734, "P(D = 0% < R <= 1% | E = 0% < R <= 1%)": 0.22151898734177214, "P(D = R > 1% | E = 0% < R <= 1%)": 0.04430379746835443, "P(D = R < -1% | E = R > 1%)": 0.0, "P(D = -1% <= R <= 0% | E = R > 1%)": 0.55, "P(D = 0% < R <= 1% | E = R > 1%)": 0.4, "P(D = R > 1% | E = R > 1%)": 0.05}