{"P(D = R < -1% | E = R < -1%)": 0.6190476190476191, "P(D = -1% <= R <= 0% | E = R < -1%)": 0.0, "P(D = 0% < R <= 1% | E = R < -1%)": 0.007936507936507936, "P(D = R > 1% | E = R < -1%)": 0.373015873015873, "P(D = R < -1% | E = -1% <= R <= 0%)": 0.2903225806451613, "P(D = -1% <= R <= 0% | E = -1% <= R <= 0%)": 0.03225806451612903, "P(D = 0% < R <= 1% | E = -1% <= R <= 0%)": 0.0, "P(D = R > 1% | E = -1% <= R <= 0%)": 0.6774193548387096, "P(D = R < -1% | E = 0% < R <= 1%)": 0.2916666666666667, "P(D = -1% <= R <= 0% | E = 0% < R <= 1%)": 0.0, "P(D = 0% < R <= 1% | E = 0% < R <= 1%)": 0.0, "P(D = R > 1% | E = 0% < R <= 1%)": 0.7083333333333334, "P(D = R < -1% | E = R > 1%)": 0.2992125984251969, "P(D = -1% <= R <= 0% | E = R > 1%)": 0.007874015748031496, "P(D = 0% < R <= 1% | E = R > 1%)": 0.0, "P(D = R > 1% | E = R > 1%)": 0.6929133858267716}