{"P(D = R < -1% | E = R < -1%)": 0.35294117647058826, "P(D = -1% <= R <= 0% | E = R < -1%)": 0.23529411764705882, "P(D = 0% < R <= 1% | E = R < -1%)": 0.11764705882352941, "P(D = R > 1% | E = R < -1%)": 0.29411764705882354, "P(D = R < -1% | E = -1% <= R <= 0%)": 0.15, "P(D = -1% <= R <= 0% | E = -1% <= R <= 0%)": 0.45, "P(D = 0% < R <= 1% | E = -1% <= R <= 0%)": 0.15, "P(D = R > 1% | E = -1% <= R <= 0%)": 0.25, "P(D = R < -1% | E = 0% < R <= 1%)": 0.0, "P(D = -1% <= R <= 0% | E = 0% < R <= 1%)": 0.14285714285714285, "P(D = 0% < R <= 1% | E = 0% < R <= 1%)": 0.7142857142857143, "P(D = R > 1% | E = 0% < R <= 1%)": 0.14285714285714285, "P(D = R < -1% | E = R > 1%)": 0.08333333333333333, "P(D = -1% <= R <= 0% | E = R > 1%)": 0.041666666666666664, "P(D = 0% < R <= 1% | E = R > 1%)": 0.25, "P(D = R > 1% | E = R > 1%)": 0.625}