{"P(D = R < -1% | E = R < -1%)": 0.15151515151515152, "P(D = -1% <= R <= 0% | E = R < -1%)": 0.5757575757575758, "P(D = 0% < R <= 1% | E = R < -1%)": 0.2727272727272727, "P(D = R > 1% | E = R < -1%)": 0.0, "P(D = R < -1% | E = -1% <= R <= 0%)": 0.035, "P(D = -1% <= R <= 0% | E = -1% <= R <= 0%)": 0.74, "P(D = 0% < R <= 1% | E = -1% <= R <= 0%)": 0.225, "P(D = R > 1% | E = -1% <= R <= 0%)": 0.0, "P(D = R < -1% | E = 0% < R <= 1%)": 0.041884816753926704, "P(D = -1% <= R <= 0% | E = 0% < R <= 1%)": 0.5968586387434555, "P(D = 0% < R <= 1% | E = 0% < R <= 1%)": 0.3612565445026178, "P(D = R > 1% | E = 0% < R <= 1%)": 0.0, "P(D = R < -1% | E = R > 1%)": 0.13043478260869565, "P(D = -1% <= R <= 0% | E = R > 1%)": 0.5942028985507246, "P(D = 0% < R <= 1% | E = R > 1%)": 0.2753623188405797, "P(D = R > 1% | E = R > 1%)": 0.0}