{"P(D = R < -1% | E = R < -1%)": 0.49514563106796117, "P(D = -1% <= R <= 0% | E = R < -1%)": 0.24271844660194175, "P(D = 0% < R <= 1% | E = R < -1%)": 0.24271844660194175, "P(D = R > 1% | E = R < -1%)": 0.019417475728155338, "P(D = R < -1% | E = -1% <= R <= 0%)": 0.16058394160583941, "P(D = -1% <= R <= 0% | E = -1% <= R <= 0%)": 0.3357664233576642, "P(D = 0% < R <= 1% | E = -1% <= R <= 0%)": 0.41605839416058393, "P(D = R > 1% | E = -1% <= R <= 0%)": 0.08759124087591241, "P(D = R < -1% | E = 0% < R <= 1%)": 0.12931034482758622, "P(D = -1% <= R <= 0% | E = 0% < R <= 1%)": 0.15517241379310345, "P(D = 0% < R <= 1% | E = 0% < R <= 1%)": 0.5862068965517241, "P(D = R > 1% | E = 0% < R <= 1%)": 0.12931034482758622, "P(D = R < -1% | E = R > 1%)": 0.12, "P(D = -1% <= R <= 0% | E = R > 1%)": 0.12, "P(D = 0% < R <= 1% | E = R > 1%)": 0.3, "P(D = R > 1% | E = R > 1%)": 0.46}