{"P(D = R < -1% | E = R < -1%)": 0.17940199335548174, "P(D = -1% <= R <= 0% | E = R < -1%)": 0.07973421926910298, "P(D = 0% < R <= 1% | E = R < -1%)": 0.6013289036544851, "P(D = R > 1% | E = R < -1%)": 0.13953488372093023, "P(D = R < -1% | E = -1% <= R <= 0%)": 0.125, "P(D = -1% <= R <= 0% | E = -1% <= R <= 0%)": 0.07443820224719101, "P(D = 0% < R <= 1% | E = -1% <= R <= 0%)": 0.6601123595505618, "P(D = R > 1% | E = -1% <= R <= 0%)": 0.1404494382022472, "P(D = R < -1% | E = 0% < R <= 1%)": 0.061366806136680614, "P(D = -1% <= R <= 0% | E = 0% < R <= 1%)": 0.07531380753138076, "P(D = 0% < R <= 1% | E = 0% < R <= 1%)": 0.7210599721059973, "P(D = R > 1% | E = 0% < R <= 1%)": 0.14225941422594143, "P(D = R < -1% | E = R > 1%)": 0.08774583963691376, "P(D = -1% <= R <= 0% | E = R > 1%)": 0.06354009077155824, "P(D = 0% < R <= 1% | E = R > 1%)": 0.6157337367624811, "P(D = R > 1% | E = R > 1%)": 0.2329803328290469}