{"P(D = R < -1% | E = R < -1%)": 0.336, "P(D = -1% <= R <= 0% | E = R < -1%)": 0.368, "P(D = 0% < R <= 1% | E = R < -1%)": 0.192, "P(D = R > 1% | E = R < -1%)": 0.104, "P(D = R < -1% | E = -1% <= R <= 0%)": 0.08737864077669903, "P(D = -1% <= R <= 0% | E = -1% <= R <= 0%)": 0.5194174757281553, "P(D = 0% < R <= 1% | E = -1% <= R <= 0%)": 0.3300970873786408, "P(D = R > 1% | E = -1% <= R <= 0%)": 0.06310679611650485, "P(D = R < -1% | E = 0% < R <= 1%)": 0.0945273631840796, "P(D = -1% <= R <= 0% | E = 0% < R <= 1%)": 0.3681592039800995, "P(D = 0% < R <= 1% | E = 0% < R <= 1%)": 0.4427860696517413, "P(D = R > 1% | E = 0% < R <= 1%)": 0.0945273631840796, "P(D = R < -1% | E = R > 1%)": 0.11764705882352941, "P(D = -1% <= R <= 0% | E = R > 1%)": 0.2689075630252101, "P(D = 0% < R <= 1% | E = R > 1%)": 0.36134453781512604, "P(D = R > 1% | E = R > 1%)": 0.25210084033613445}