{"P(D = R < -1% | E = R < -1%)": 0.23863636363636365, "P(D = -1% <= R <= 0% | E = R < -1%)": 0.4431818181818182, "P(D = 0% < R <= 1% | E = R < -1%)": 0.22727272727272727, "P(D = R > 1% | E = R < -1%)": 0.09090909090909091, "P(D = R < -1% | E = -1% <= R <= 0%)": 0.15517241379310345, "P(D = -1% <= R <= 0% | E = -1% <= R <= 0%)": 0.5344827586206896, "P(D = 0% < R <= 1% | E = -1% <= R <= 0%)": 0.2413793103448276, "P(D = R > 1% | E = -1% <= R <= 0%)": 0.06896551724137931, "P(D = R < -1% | E = 0% < R <= 1%)": 0.09821428571428571, "P(D = -1% <= R <= 0% | E = 0% < R <= 1%)": 0.25892857142857145, "P(D = 0% < R <= 1% | E = 0% < R <= 1%)": 0.5267857142857143, "P(D = R > 1% | E = 0% < R <= 1%)": 0.11607142857142858, "P(D = R < -1% | E = R > 1%)": 0.11688311688311688, "P(D = -1% <= R <= 0% | E = R > 1%)": 0.23376623376623376, "P(D = 0% < R <= 1% | E = R > 1%)": 0.2857142857142857, "P(D = R > 1% | E = R > 1%)": 0.36363636363636365}