{"P(D = R < -1% | E = R < -1%)": 0.34185303514376997, "P(D = -1% <= R <= 0% | E = R < -1%)": 0.5143769968051118, "P(D = 0% < R <= 1% | E = R < -1%)": 0.10543130990415335, "P(D = R > 1% | E = R < -1%)": 0.038338658146964855, "P(D = R < -1% | E = -1% <= R <= 0%)": 0.07109004739336493, "P(D = -1% <= R <= 0% | E = -1% <= R <= 0%)": 0.6872037914691943, "P(D = 0% < R <= 1% | E = -1% <= R <= 0%)": 0.2014218009478673, "P(D = R > 1% | E = -1% <= R <= 0%)": 0.04028436018957346, "P(D = R < -1% | E = 0% < R <= 1%)": 0.040880503144654086, "P(D = -1% <= R <= 0% | E = 0% < R <= 1%)": 0.6415094339622641, "P(D = 0% < R <= 1% | E = 0% < R <= 1%)": 0.24842767295597484, "P(D = R > 1% | E = 0% < R <= 1%)": 0.06918238993710692, "P(D = R < -1% | E = R > 1%)": 0.09688581314878893, "P(D = -1% <= R <= 0% | E = R > 1%)": 0.6020761245674741, "P(D = 0% < R <= 1% | E = R > 1%)": 0.15916955017301038, "P(D = R > 1% | E = R > 1%)": 0.14186851211072665}