{"P(D = R < -1% | E = R < -1%)": 0.14792899408284024, "P(D = -1% <= R <= 0% | E = R < -1%)": 0.33727810650887574, "P(D = 0% < R <= 1% | E = R < -1%)": 0.4378698224852071, "P(D = R > 1% | E = R < -1%)": 0.07692307692307693, "P(D = R < -1% | E = -1% <= R <= 0%)": 0.040419161676646706, "P(D = -1% <= R <= 0% | E = -1% <= R <= 0%)": 0.344311377245509, "P(D = 0% < R <= 1% | E = -1% <= R <= 0%)": 0.5703592814371258, "P(D = R > 1% | E = -1% <= R <= 0%)": 0.04491017964071856, "P(D = R < -1% | E = 0% < R <= 1%)": 0.02276707530647986, "P(D = -1% <= R <= 0% | E = 0% < R <= 1%)": 0.22416812609457093, "P(D = 0% < R <= 1% | E = 0% < R <= 1%)": 0.712784588441331, "P(D = R > 1% | E = 0% < R <= 1%)": 0.040280210157618214, "P(D = R < -1% | E = R > 1%)": 0.012345679012345678, "P(D = -1% <= R <= 0% | E = R > 1%)": 0.24382716049382716, "P(D = 0% < R <= 1% | E = R > 1%)": 0.49691358024691357, "P(D = R > 1% | E = R > 1%)": 0.24691358024691357}