{"P(D = R < -1% | E = R < -1%)": 0.20408163265306123, "P(D = -1% <= R <= 0% | E = R < -1%)": 0.7142857142857143, "P(D = 0% < R <= 1% | E = R < -1%)": 0.0, "P(D = R > 1% | E = R < -1%)": 0.08163265306122448, "P(D = R < -1% | E = -1% <= R <= 0%)": 0.07042253521126761, "P(D = -1% <= R <= 0% | E = -1% <= R <= 0%)": 0.8685446009389671, "P(D = 0% < R <= 1% | E = -1% <= R <= 0%)": 0.0, "P(D = R > 1% | E = -1% <= R <= 0%)": 0.06103286384976526, "P(D = R < -1% | E = 0% < R <= 1%)": 0.05555555555555555, "P(D = -1% <= R <= 0% | E = 0% < R <= 1%)": 0.7962962962962963, "P(D = 0% < R <= 1% | E = 0% < R <= 1%)": 0.0, "P(D = R > 1% | E = 0% < R <= 1%)": 0.14814814814814814, "P(D = R < -1% | E = R > 1%)": 0.13612565445026178, "P(D = -1% <= R <= 0% | E = R > 1%)": 0.7068062827225131, "P(D = 0% < R <= 1% | E = R > 1%)": 0.0, "P(D = R > 1% | E = R > 1%)": 0.15706806282722513}