{"P(D = R < -1% | E = R < -1%)": 0.1989795918367347, "P(D = -1% <= R <= 0% | E = R < -1%)": 0.16326530612244897, "P(D = 0% < R <= 1% | E = R < -1%)": 0.5714285714285714, "P(D = R > 1% | E = R < -1%)": 0.0663265306122449, "P(D = R < -1% | E = -1% <= R <= 0%)": 0.043689320388349516, "P(D = -1% <= R <= 0% | E = -1% <= R <= 0%)": 0.12135922330097088, "P(D = 0% < R <= 1% | E = -1% <= R <= 0%)": 0.7961165048543689, "P(D = R > 1% | E = -1% <= R <= 0%)": 0.038834951456310676, "P(D = R < -1% | E = 0% < R <= 1%)": 0.046798029556650245, "P(D = -1% <= R <= 0% | E = 0% < R <= 1%)": 0.1022167487684729, "P(D = 0% < R <= 1% | E = 0% < R <= 1%)": 0.8238916256157636, "P(D = R > 1% | E = 0% < R <= 1%)": 0.027093596059113302, "P(D = R < -1% | E = R > 1%)": 0.14942528735632185, "P(D = -1% <= R <= 0% | E = R > 1%)": 0.22701149425287356, "P(D = 0% < R <= 1% | E = R > 1%)": 0.5287356321839081, "P(D = R > 1% | E = R > 1%)": 0.09482758620689655}