{"P(D = R < -1% | E = R < -1%)": 0.2463768115942029, "P(D = -1% <= R <= 0% | E = R < -1%)": 0.34782608695652173, "P(D = 0% < R <= 1% | E = R < -1%)": 0.30434782608695654, "P(D = R > 1% | E = R < -1%)": 0.10144927536231885, "P(D = R < -1% | E = -1% <= R <= 0%)": 0.07272727272727272, "P(D = -1% <= R <= 0% | E = -1% <= R <= 0%)": 0.3575757575757576, "P(D = 0% < R <= 1% | E = -1% <= R <= 0%)": 0.5151515151515151, "P(D = R > 1% | E = -1% <= R <= 0%)": 0.05454545454545454, "P(D = R < -1% | E = 0% < R <= 1%)": 0.027586206896551724, "P(D = -1% <= R <= 0% | E = 0% < R <= 1%)": 0.296551724137931, "P(D = 0% < R <= 1% | E = 0% < R <= 1%)": 0.6068965517241379, "P(D = R > 1% | E = 0% < R <= 1%)": 0.06896551724137931, "P(D = R < -1% | E = R > 1%)": 0.015625, "P(D = -1% <= R <= 0% | E = R > 1%)": 0.1875, "P(D = 0% < R <= 1% | E = R > 1%)": 0.4375, "P(D = R > 1% | E = R > 1%)": 0.359375}