{"P(D = R < -1% | E = R < -1%)": 0.8034582132564841, "P(D = -1% <= R <= 0% | E = R < -1%)": 0.19654178674351586, "P(D = 0% < R <= 1% | E = R < -1%)": 0.0, "P(D = R > 1% | E = R < -1%)": 0.0, "P(D = R < -1% | E = -1% <= R <= 0%)": 0.4457274826789838, "P(D = -1% <= R <= 0% | E = -1% <= R <= 0%)": 0.5542725173210161, "P(D = 0% < R <= 1% | E = -1% <= R <= 0%)": 0.0, "P(D = R > 1% | E = -1% <= R <= 0%)": 0.0, "P(D = R < -1% | E = 0% < R <= 1%)": 1.0, "P(D = -1% <= R <= 0% | E = 0% < R <= 1%)": 0.0, "P(D = 0% < R <= 1% | E = 0% < R <= 1%)": 0.0, "P(D = R > 1% | E = 0% < R <= 1%)": 0.0, "P(D = R < -1% | E = R > 1%)": 0.7690566037735849, "P(D = -1% <= R <= 0% | E = R > 1%)": 0.2309433962264151, "P(D = 0% < R <= 1% | E = R > 1%)": 0.0, "P(D = R > 1% | E = R > 1%)": 0.0}