{"P(D = R < -1% | E = R < -1%)": 0.24324324324324326, "P(D = -1% <= R <= 0% | E = R < -1%)": 0.5945945945945946, "P(D = 0% < R <= 1% | E = R < -1%)": 0.08108108108108109, "P(D = R > 1% | E = R < -1%)": 0.08108108108108109, "P(D = R < -1% | E = -1% <= R <= 0%)": 0.044585987261146494, "P(D = -1% <= R <= 0% | E = -1% <= R <= 0%)": 0.802547770700637, "P(D = 0% < R <= 1% | E = -1% <= R <= 0%)": 0.12101910828025478, "P(D = R > 1% | E = -1% <= R <= 0%)": 0.03184713375796178, "P(D = R < -1% | E = 0% < R <= 1%)": 0.025806451612903226, "P(D = -1% <= R <= 0% | E = 0% < R <= 1%)": 0.6064516129032258, "P(D = 0% < R <= 1% | E = 0% < R <= 1%)": 0.2838709677419355, "P(D = R > 1% | E = 0% < R <= 1%)": 0.08387096774193549, "P(D = R < -1% | E = R > 1%)": 0.013157894736842105, "P(D = -1% <= R <= 0% | E = R > 1%)": 0.3684210526315789, "P(D = 0% < R <= 1% | E = R > 1%)": 0.32894736842105265, "P(D = R > 1% | E = R > 1%)": 0.2894736842105263}