{"P(D = R < -1% | E = R < -1%)": 0.4111111111111111, "P(D = -1% <= R <= 0% | E = R < -1%)": 0.3888888888888889, "P(D = 0% < R <= 1% | E = R < -1%)": 0.05555555555555555, "P(D = R > 1% | E = R < -1%)": 0.14444444444444443, "P(D = R < -1% | E = -1% <= R <= 0%)": 0.15053763440860216, "P(D = -1% <= R <= 0% | E = -1% <= R <= 0%)": 0.7903225806451613, "P(D = 0% < R <= 1% | E = -1% <= R <= 0%)": 0.005376344086021506, "P(D = R > 1% | E = -1% <= R <= 0%)": 0.053763440860215055, "P(D = R < -1% | E = 0% < R <= 1%)": 0.12121212121212122, "P(D = -1% <= R <= 0% | E = 0% < R <= 1%)": 0.5909090909090909, "P(D = 0% < R <= 1% | E = 0% < R <= 1%)": 0.045454545454545456, "P(D = R > 1% | E = 0% < R <= 1%)": 0.24242424242424243, "P(D = R < -1% | E = R > 1%)": 0.09411764705882353, "P(D = -1% <= R <= 0% | E = R > 1%)": 0.27058823529411763, "P(D = 0% < R <= 1% | E = R > 1%)": 0.047058823529411764, "P(D = R > 1% | E = R > 1%)": 0.5882352941176471}