{"P(D = R < -1% | E = R < -1%)": 0.24412532637075718, "P(D = -1% <= R <= 0% | E = R < -1%)": 0.3968668407310705, "P(D = 0% < R <= 1% | E = R < -1%)": 0.1801566579634465, "P(D = R > 1% | E = R < -1%)": 0.17885117493472585, "P(D = R < -1% | E = -1% <= R <= 0%)": 0.16037735849056603, "P(D = -1% <= R <= 0% | E = -1% <= R <= 0%)": 0.5047169811320755, "P(D = 0% < R <= 1% | E = -1% <= R <= 0%)": 0.19811320754716982, "P(D = R > 1% | E = -1% <= R <= 0%)": 0.13679245283018868, "P(D = R < -1% | E = 0% < R <= 1%)": 0.16134453781512606, "P(D = -1% <= R <= 0% | E = 0% < R <= 1%)": 0.46050420168067224, "P(D = 0% < R <= 1% | E = 0% < R <= 1%)": 0.24369747899159663, "P(D = R > 1% | E = 0% < R <= 1%)": 0.13445378151260504, "P(D = R < -1% | E = R > 1%)": 0.2306684141546527, "P(D = -1% <= R <= 0% | E = R > 1%)": 0.3473132372214941, "P(D = 0% < R <= 1% | E = R > 1%)": 0.17955439056356487, "P(D = R > 1% | E = R > 1%)": 0.24246395806028834}