{"P(D = R < -1% | E = R < -1%)": 0.21739130434782608, "P(D = -1% <= R <= 0% | E = R < -1%)": 0.7391304347826086, "P(D = 0% < R <= 1% | E = R < -1%)": 0.0, "P(D = R > 1% | E = R < -1%)": 0.043478260869565216, "P(D = R < -1% | E = -1% <= R <= 0%)": 0.09266943291839558, "P(D = -1% <= R <= 0% | E = -1% <= R <= 0%)": 0.8547717842323651, "P(D = 0% < R <= 1% | E = -1% <= R <= 0%)": 0.0, "P(D = R > 1% | E = -1% <= R <= 0%)": 0.05255878284923928, "P(D = R < -1% | E = 0% < R <= 1%)": 0.047619047619047616, "P(D = -1% <= R <= 0% | E = 0% < R <= 1%)": 0.8994708994708994, "P(D = 0% < R <= 1% | E = 0% < R <= 1%)": 0.0, "P(D = R > 1% | E = 0% < R <= 1%)": 0.05291005291005291, "P(D = R < -1% | E = R > 1%)": 0.019002375296912115, "P(D = -1% <= R <= 0% | E = R > 1%)": 0.7197149643705463, "P(D = 0% < R <= 1% | E = R > 1%)": 0.0, "P(D = R > 1% | E = R > 1%)": 0.26128266033254155}