{"P(D = R < -1% | E = R < -1%)": 0.08433734939759036, "P(D = -1% <= R <= 0% | E = R < -1%)": 0.20481927710843373, "P(D = 0% < R <= 1% | E = R < -1%)": 0.7108433734939759, "P(D = R > 1% | E = R < -1%)": 0.0, "P(D = R < -1% | E = -1% <= R <= 0%)": 0.05, "P(D = -1% <= R <= 0% | E = -1% <= R <= 0%)": 0.4, "P(D = 0% < R <= 1% | E = -1% <= R <= 0%)": 0.55, "P(D = R > 1% | E = -1% <= R <= 0%)": 0.0, "P(D = R < -1% | E = 0% < R <= 1%)": 0.05263157894736842, "P(D = -1% <= R <= 0% | E = 0% < R <= 1%)": 0.15789473684210525, "P(D = 0% < R <= 1% | E = 0% < R <= 1%)": 0.7894736842105263, "P(D = R > 1% | E = 0% < R <= 1%)": 0.0, "P(D = R < -1% | E = R > 1%)": 0.10144927536231885, "P(D = -1% <= R <= 0% | E = R > 1%)": 0.18840579710144928, "P(D = 0% < R <= 1% | E = R > 1%)": 0.7101449275362319, "P(D = R > 1% | E = R > 1%)": 0.0}