{"P(D = R < -1% | E = R < -1%)": 0.539622641509434, "P(D = -1% <= R <= 0% | E = R < -1%)": 0.0, "P(D = 0% < R <= 1% | E = R < -1%)": 0.0037735849056603774, "P(D = R > 1% | E = R < -1%)": 0.45660377358490567, "P(D = R < -1% | E = -1% <= R <= 0%)": 0.48514851485148514, "P(D = -1% <= R <= 0% | E = -1% <= R <= 0%)": 0.0, "P(D = 0% < R <= 1% | E = -1% <= R <= 0%)": 0.0, "P(D = R > 1% | E = -1% <= R <= 0%)": 0.5148514851485149, "P(D = R < -1% | E = 0% < R <= 1%)": 0.38636363636363635, "P(D = -1% <= R <= 0% | E = 0% < R <= 1%)": 0.0, "P(D = 0% < R <= 1% | E = 0% < R <= 1%)": 0.0, "P(D = R > 1% | E = 0% < R <= 1%)": 0.6136363636363636, "P(D = R < -1% | E = R > 1%)": 0.3412698412698413, "P(D = -1% <= R <= 0% | E = R > 1%)": 0.0, "P(D = 0% < R <= 1% | E = R > 1%)": 0.0, "P(D = R > 1% | E = R > 1%)": 0.6587301587301587}