{"P(D = R < -1% | E = R < -1%)": 0.0, "P(D = -1% <= R <= 0% | E = R < -1%)": 0.5555555555555556, "P(D = 0% < R <= 1% | E = R < -1%)": 0.4166666666666667, "P(D = R > 1% | E = R < -1%)": 0.027777777777777776, "P(D = R < -1% | E = -1% <= R <= 0%)": 0.0, "P(D = -1% <= R <= 0% | E = -1% <= R <= 0%)": 0.5398773006134969, "P(D = 0% < R <= 1% | E = -1% <= R <= 0%)": 0.4294478527607362, "P(D = R > 1% | E = -1% <= R <= 0%)": 0.03067484662576687, "P(D = R < -1% | E = 0% < R <= 1%)": 0.0, "P(D = -1% <= R <= 0% | E = 0% < R <= 1%)": 0.38028169014084506, "P(D = 0% < R <= 1% | E = 0% < R <= 1%)": 0.5985915492957746, "P(D = R > 1% | E = 0% < R <= 1%)": 0.02112676056338028, "P(D = R < -1% | E = R > 1%)": 0.0, "P(D = -1% <= R <= 0% | E = R > 1%)": 0.4358974358974359, "P(D = 0% < R <= 1% | E = R > 1%)": 0.38461538461538464, "P(D = R > 1% | E = R > 1%)": 0.1794871794871795}