{"P(D = R < -1% | E = R < -1%)": 0.1565217391304348, "P(D = -1% <= R <= 0% | E = R < -1%)": 0.3130434782608696, "P(D = 0% < R <= 1% | E = R < -1%)": 0.5043478260869565, "P(D = R > 1% | E = R < -1%)": 0.02608695652173913, "P(D = R < -1% | E = -1% <= R <= 0%)": 0.027237354085603113, "P(D = -1% <= R <= 0% | E = -1% <= R <= 0%)": 0.1867704280155642, "P(D = 0% < R <= 1% | E = -1% <= R <= 0%)": 0.7509727626459144, "P(D = R > 1% | E = -1% <= R <= 0%)": 0.03501945525291829, "P(D = R < -1% | E = 0% < R <= 1%)": 0.02100840336134454, "P(D = -1% <= R <= 0% | E = 0% < R <= 1%)": 0.10084033613445378, "P(D = 0% < R <= 1% | E = 0% < R <= 1%)": 0.8571428571428571, "P(D = R > 1% | E = 0% < R <= 1%)": 0.02100840336134454, "P(D = R < -1% | E = R > 1%)": 0.0625, "P(D = -1% <= R <= 0% | E = R > 1%)": 0.23214285714285715, "P(D = 0% < R <= 1% | E = R > 1%)": 0.5267857142857143, "P(D = R > 1% | E = R > 1%)": 0.17857142857142858}