{"P(D = R < -1% | E = R < -1%)": 0.0958904109589041, "P(D = -1% <= R <= 0% | E = R < -1%)": 0.684931506849315, "P(D = 0% < R <= 1% | E = R < -1%)": 0.136986301369863, "P(D = R > 1% | E = R < -1%)": 0.0821917808219178, "P(D = R < -1% | E = -1% <= R <= 0%)": 0.021164021164021163, "P(D = -1% <= R <= 0% | E = -1% <= R <= 0%)": 0.6190476190476191, "P(D = 0% < R <= 1% | E = -1% <= R <= 0%)": 0.31216931216931215, "P(D = R > 1% | E = -1% <= R <= 0%)": 0.047619047619047616, "P(D = R < -1% | E = 0% < R <= 1%)": 0.011111111111111112, "P(D = -1% <= R <= 0% | E = 0% < R <= 1%)": 0.45, "P(D = 0% < R <= 1% | E = 0% < R <= 1%)": 0.45, "P(D = R > 1% | E = 0% < R <= 1%)": 0.08888888888888889, "P(D = R < -1% | E = R > 1%)": 0.014492753623188406, "P(D = -1% <= R <= 0% | E = R > 1%)": 0.2608695652173913, "P(D = 0% < R <= 1% | E = R > 1%)": 0.4492753623188406, "P(D = R > 1% | E = R > 1%)": 0.2753623188405797}