{"P(D = R < -1% | E = R < -1%)": 0.1816326530612245, "P(D = -1% <= R <= 0% | E = R < -1%)": 0.7163265306122449, "P(D = 0% < R <= 1% | E = R < -1%)": 0.0, "P(D = R > 1% | E = R < -1%)": 0.10204081632653061, "P(D = R < -1% | E = -1% <= R <= 0%)": 0.09469153515064563, "P(D = -1% <= R <= 0% | E = -1% <= R <= 0%)": 0.8177905308464849, "P(D = 0% < R <= 1% | E = -1% <= R <= 0%)": 0.0, "P(D = R > 1% | E = -1% <= R <= 0%)": 0.08751793400286945, "P(D = R < -1% | E = 0% < R <= 1%)": 0.056105610561056105, "P(D = -1% <= R <= 0% | E = 0% < R <= 1%)": 0.8217821782178217, "P(D = 0% < R <= 1% | E = 0% < R <= 1%)": 0.0, "P(D = R > 1% | E = 0% < R <= 1%)": 0.12211221122112212, "P(D = R < -1% | E = R > 1%)": 0.052525252525252523, "P(D = -1% <= R <= 0% | E = R > 1%)": 0.6242424242424243, "P(D = 0% < R <= 1% | E = R > 1%)": 0.0, "P(D = R > 1% | E = R > 1%)": 0.32323232323232326}