{"P(D = R < -1% | E = R < -1%)": 0.7659574468085106, "P(D = -1% <= R <= 0% | E = R < -1%)": 0.0, "P(D = 0% < R <= 1% | E = R < -1%)": 0.0, "P(D = R > 1% | E = R < -1%)": 0.23404255319148937, "P(D = R < -1% | E = -1% <= R <= 0%)": 0.6739130434782609, "P(D = -1% <= R <= 0% | E = -1% <= R <= 0%)": 0.021739130434782608, "P(D = 0% < R <= 1% | E = -1% <= R <= 0%)": 0.0, "P(D = R > 1% | E = -1% <= R <= 0%)": 0.30434782608695654, "P(D = R < -1% | E = 0% < R <= 1%)": 0.7142857142857143, "P(D = -1% <= R <= 0% | E = 0% < R <= 1%)": 0.0, "P(D = 0% < R <= 1% | E = 0% < R <= 1%)": 0.0, "P(D = R > 1% | E = 0% < R <= 1%)": 0.2857142857142857, "P(D = R < -1% | E = R > 1%)": 0.4883720930232558, "P(D = -1% <= R <= 0% | E = R > 1%)": 0.0, "P(D = 0% < R <= 1% | E = R > 1%)": 0.0, "P(D = R > 1% | E = R > 1%)": 0.5116279069767442}