{"P(D = R < -1% | E = R < -1%)": 0.5, "P(D = -1% <= R <= 0% | E = R < -1%)": 0.125, "P(D = 0% < R <= 1% | E = R < -1%)": 0.2361111111111111, "P(D = R > 1% | E = R < -1%)": 0.1388888888888889, "P(D = R < -1% | E = -1% <= R <= 0%)": 0.39285714285714285, "P(D = -1% <= R <= 0% | E = -1% <= R <= 0%)": 0.26785714285714285, "P(D = 0% < R <= 1% | E = -1% <= R <= 0%)": 0.21428571428571427, "P(D = R > 1% | E = -1% <= R <= 0%)": 0.125, "P(D = R < -1% | E = 0% < R <= 1%)": 0.38, "P(D = -1% <= R <= 0% | E = 0% < R <= 1%)": 0.14, "P(D = 0% < R <= 1% | E = 0% < R <= 1%)": 0.38, "P(D = R > 1% | E = 0% < R <= 1%)": 0.1, "P(D = R < -1% | E = R > 1%)": 0.3620689655172414, "P(D = -1% <= R <= 0% | E = R > 1%)": 0.08620689655172414, "P(D = 0% < R <= 1% | E = R > 1%)": 0.22413793103448276, "P(D = R > 1% | E = R > 1%)": 0.3275862068965517}