{"P(D = R < -1% | E = R < -1%)": 0.582562747688243, "P(D = -1% <= R <= 0% | E = R < -1%)": 0.0, "P(D = 0% < R <= 1% | E = R < -1%)": 0.002642007926023778, "P(D = R > 1% | E = R < -1%)": 0.4147952443857332, "P(D = R < -1% | E = -1% <= R <= 0%)": 0.4888888888888889, "P(D = -1% <= R <= 0% | E = -1% <= R <= 0%)": 0.0, "P(D = 0% < R <= 1% | E = -1% <= R <= 0%)": 0.0, "P(D = R > 1% | E = -1% <= R <= 0%)": 0.5111111111111111, "P(D = R < -1% | E = 0% < R <= 1%)": 0.41064638783269963, "P(D = -1% <= R <= 0% | E = 0% < R <= 1%)": 0.0, "P(D = 0% < R <= 1% | E = 0% < R <= 1%)": 0.022813688212927757, "P(D = R > 1% | E = 0% < R <= 1%)": 0.5665399239543726, "P(D = R < -1% | E = R > 1%)": 0.3516778523489933, "P(D = -1% <= R <= 0% | E = R > 1%)": 0.0, "P(D = 0% < R <= 1% | E = R > 1%)": 0.0026845637583892616, "P(D = R > 1% | E = R > 1%)": 0.6456375838926175}