{"P(D = R < -1% | E = R < -1%)": 0.4489795918367347, "P(D = -1% <= R <= 0% | E = R < -1%)": 0.2653061224489796, "P(D = 0% < R <= 1% | E = R < -1%)": 0.0, "P(D = R > 1% | E = R < -1%)": 0.2857142857142857, "P(D = R < -1% | E = -1% <= R <= 0%)": 0.13095238095238096, "P(D = -1% <= R <= 0% | E = -1% <= R <= 0%)": 0.7261904761904762, "P(D = 0% < R <= 1% | E = -1% <= R <= 0%)": 0.0, "P(D = R > 1% | E = -1% <= R <= 0%)": 0.14285714285714285, "P(D = R < -1% | E = 0% < R <= 1%)": 0.12962962962962962, "P(D = -1% <= R <= 0% | E = 0% < R <= 1%)": 0.7222222222222222, "P(D = 0% < R <= 1% | E = 0% < R <= 1%)": 0.0, "P(D = R > 1% | E = 0% < R <= 1%)": 0.14814814814814814, "P(D = R < -1% | E = R > 1%)": 0.25862068965517243, "P(D = -1% <= R <= 0% | E = R > 1%)": 0.29310344827586204, "P(D = 0% < R <= 1% | E = R > 1%)": 0.0, "P(D = R > 1% | E = R > 1%)": 0.4482758620689655}