{"P(D = R < -1% | E = R < -1%)": 0.1186046511627907, "P(D = -1% <= R <= 0% | E = R < -1%)": 0.7372093023255814, "P(D = 0% < R <= 1% | E = R < -1%)": 0.0, "P(D = R > 1% | E = R < -1%)": 0.14418604651162792, "P(D = R < -1% | E = -1% <= R <= 0%)": 0.04234527687296417, "P(D = -1% <= R <= 0% | E = -1% <= R <= 0%)": 0.8876221498371335, "P(D = 0% < R <= 1% | E = -1% <= R <= 0%)": 0.0, "P(D = R > 1% | E = -1% <= R <= 0%)": 0.07003257328990228, "P(D = R < -1% | E = 0% < R <= 1%)": 0.01729106628242075, "P(D = -1% <= R <= 0% | E = 0% < R <= 1%)": 0.9164265129682997, "P(D = 0% < R <= 1% | E = 0% < R <= 1%)": 0.0, "P(D = R > 1% | E = 0% < R <= 1%)": 0.06628242074927954, "P(D = R < -1% | E = R > 1%)": 0.05737704918032787, "P(D = -1% <= R <= 0% | E = R > 1%)": 0.6741803278688525, "P(D = 0% < R <= 1% | E = R > 1%)": 0.0, "P(D = R > 1% | E = R > 1%)": 0.26844262295081966}