{"P(D = R < -1% | E = R < -1%)": 0.21818181818181817, "P(D = -1% <= R <= 0% | E = R < -1%)": 0.7227272727272728, "P(D = 0% < R <= 1% | E = R < -1%)": 0.0, "P(D = R > 1% | E = R < -1%)": 0.05909090909090909, "P(D = R < -1% | E = -1% <= R <= 0%)": 0.12406015037593984, "P(D = -1% <= R <= 0% | E = -1% <= R <= 0%)": 0.7706766917293233, "P(D = 0% < R <= 1% | E = -1% <= R <= 0%)": 0.0, "P(D = R > 1% | E = -1% <= R <= 0%)": 0.10526315789473684, "P(D = R < -1% | E = 0% < R <= 1%)": 0.09523809523809523, "P(D = -1% <= R <= 0% | E = 0% < R <= 1%)": 0.8163265306122449, "P(D = 0% < R <= 1% | E = 0% < R <= 1%)": 0.0, "P(D = R > 1% | E = 0% < R <= 1%)": 0.08843537414965986, "P(D = R < -1% | E = R > 1%)": 0.04090909090909091, "P(D = -1% <= R <= 0% | E = R > 1%)": 0.6090909090909091, "P(D = 0% < R <= 1% | E = R > 1%)": 0.0, "P(D = R > 1% | E = R > 1%)": 0.35}