{"P(D = R < -1% | E = R < -1%)": 0.40177133655394526, "P(D = -1% <= R <= 0% | E = R < -1%)": 0.2069243156199678, "P(D = 0% < R <= 1% | E = R < -1%)": 0.0, "P(D = R > 1% | E = R < -1%)": 0.391304347826087, "P(D = R < -1% | E = -1% <= R <= 0%)": 0.2374331550802139, "P(D = -1% <= R <= 0% | E = -1% <= R <= 0%)": 0.2663101604278075, "P(D = 0% < R <= 1% | E = -1% <= R <= 0%)": 0.0, "P(D = R > 1% | E = -1% <= R <= 0%)": 0.49625668449197863, "P(D = R < -1% | E = 0% < R <= 1%)": 0.21141374837872892, "P(D = -1% <= R <= 0% | E = 0% < R <= 1%)": 0.26848249027237353, "P(D = 0% < R <= 1% | E = 0% < R <= 1%)": 0.0, "P(D = R > 1% | E = 0% < R <= 1%)": 0.5201037613488976, "P(D = R < -1% | E = R > 1%)": 0.1744097486671744, "P(D = -1% <= R <= 0% | E = R > 1%)": 0.16907844630616908, "P(D = 0% < R <= 1% | E = R > 1%)": 0.0, "P(D = R > 1% | E = R > 1%)": 0.6565118050266565}