{"P(D = R < -1% | E = R < -1%)": 0.5468227424749164, "P(D = -1% <= R <= 0% | E = R < -1%)": 0.005016722408026756, "P(D = 0% < R <= 1% | E = R < -1%)": 0.0, "P(D = R > 1% | E = R < -1%)": 0.44816053511705684, "P(D = R < -1% | E = -1% <= R <= 0%)": 0.5304659498207885, "P(D = -1% <= R <= 0% | E = -1% <= R <= 0%)": 0.0, "P(D = 0% < R <= 1% | E = -1% <= R <= 0%)": 0.0, "P(D = R > 1% | E = -1% <= R <= 0%)": 0.46953405017921146, "P(D = R < -1% | E = 0% < R <= 1%)": 0.4896907216494845, "P(D = -1% <= R <= 0% | E = 0% < R <= 1%)": 0.0, "P(D = 0% < R <= 1% | E = 0% < R <= 1%)": 0.0, "P(D = R > 1% | E = 0% < R <= 1%)": 0.5103092783505154, "P(D = R < -1% | E = R > 1%)": 0.42073170731707316, "P(D = -1% <= R <= 0% | E = R > 1%)": 0.001524390243902439, "P(D = 0% < R <= 1% | E = R > 1%)": 0.0, "P(D = R > 1% | E = R > 1%)": 0.5777439024390244}