{"P(D = R < -1% | E = R < -1%)": 0.16556291390728478, "P(D = -1% <= R <= 0% | E = R < -1%)": 0.6490066225165563, "P(D = 0% < R <= 1% | E = R < -1%)": 0.09271523178807947, "P(D = R > 1% | E = R < -1%)": 0.09271523178807947, "P(D = R < -1% | E = -1% <= R <= 0%)": 0.06276150627615062, "P(D = -1% <= R <= 0% | E = -1% <= R <= 0%)": 0.8535564853556485, "P(D = 0% < R <= 1% | E = -1% <= R <= 0%)": 0.0502092050209205, "P(D = R > 1% | E = -1% <= R <= 0%)": 0.03347280334728033, "P(D = R < -1% | E = 0% < R <= 1%)": 0.06435643564356436, "P(D = -1% <= R <= 0% | E = 0% < R <= 1%)": 0.7524752475247525, "P(D = 0% < R <= 1% | E = 0% < R <= 1%)": 0.1188118811881188, "P(D = R > 1% | E = 0% < R <= 1%)": 0.06435643564356436, "P(D = R < -1% | E = R > 1%)": 0.08270676691729323, "P(D = -1% <= R <= 0% | E = R > 1%)": 0.7368421052631579, "P(D = 0% < R <= 1% | E = R > 1%)": 0.07518796992481203, "P(D = R > 1% | E = R > 1%)": 0.10526315789473684}