{"P(D = R < -1% | E = R < -1%)": 0.4886039886039886, "P(D = -1% <= R <= 0% | E = R < -1%)": 0.19515669515669515, "P(D = 0% < R <= 1% | E = R < -1%)": 0.0, "P(D = R > 1% | E = R < -1%)": 0.3162393162393162, "P(D = R < -1% | E = -1% <= R <= 0%)": 0.2200557103064067, "P(D = -1% <= R <= 0% | E = -1% <= R <= 0%)": 0.5389972144846796, "P(D = 0% < R <= 1% | E = -1% <= R <= 0%)": 0.0, "P(D = R > 1% | E = -1% <= R <= 0%)": 0.24094707520891365, "P(D = R < -1% | E = 0% < R <= 1%)": 0.29777777777777775, "P(D = -1% <= R <= 0% | E = 0% < R <= 1%)": 0.37333333333333335, "P(D = 0% < R <= 1% | E = 0% < R <= 1%)": 0.0, "P(D = R > 1% | E = 0% < R <= 1%)": 0.3288888888888889, "P(D = R < -1% | E = R > 1%)": 0.21654135338345865, "P(D = -1% <= R <= 0% | E = R > 1%)": 0.2721804511278195, "P(D = 0% < R <= 1% | E = R > 1%)": 0.0, "P(D = R > 1% | E = R > 1%)": 0.5112781954887218}