{"P(D = R < -1% | E = R < -1%)": 0.5031847133757962, "P(D = -1% <= R <= 0% | E = R < -1%)": 0.0, "P(D = 0% < R <= 1% | E = R < -1%)": 0.01592356687898089, "P(D = R > 1% | E = R < -1%)": 0.48089171974522293, "P(D = R < -1% | E = -1% <= R <= 0%)": 0.35714285714285715, "P(D = -1% <= R <= 0% | E = -1% <= R <= 0%)": 0.0, "P(D = 0% < R <= 1% | E = -1% <= R <= 0%)": 0.007142857142857143, "P(D = R > 1% | E = -1% <= R <= 0%)": 0.6357142857142857, "P(D = R < -1% | E = 0% < R <= 1%)": 0.2, "P(D = -1% <= R <= 0% | E = 0% < R <= 1%)": 0.0, "P(D = 0% < R <= 1% | E = 0% < R <= 1%)": 0.06666666666666667, "P(D = R > 1% | E = 0% < R <= 1%)": 0.7333333333333333, "P(D = R < -1% | E = R > 1%)": 0.2571428571428571, "P(D = -1% <= R <= 0% | E = R > 1%)": 0.0, "P(D = 0% < R <= 1% | E = R > 1%)": 0.004081632653061225, "P(D = R > 1% | E = R > 1%)": 0.7387755102040816}