{"P(D = R < -1% | E = R < -1%)": 0.75, "P(D = -1% <= R <= 0% | E = R < -1%)": 0.006097560975609756, "P(D = 0% < R <= 1% | E = R < -1%)": 0.0, "P(D = R > 1% | E = R < -1%)": 0.24390243902439024, "P(D = R < -1% | E = -1% <= R <= 0%)": 0.7088607594936709, "P(D = -1% <= R <= 0% | E = -1% <= R <= 0%)": 0.02531645569620253, "P(D = 0% < R <= 1% | E = -1% <= R <= 0%)": 0.0, "P(D = R > 1% | E = -1% <= R <= 0%)": 0.26582278481012656, "P(D = R < -1% | E = 0% < R <= 1%)": 0.5714285714285714, "P(D = -1% <= R <= 0% | E = 0% < R <= 1%)": 0.0, "P(D = 0% < R <= 1% | E = 0% < R <= 1%)": 0.0, "P(D = R > 1% | E = 0% < R <= 1%)": 0.42857142857142855, "P(D = R < -1% | E = R > 1%)": 0.5352112676056338, "P(D = -1% <= R <= 0% | E = R > 1%)": 0.014084507042253521, "P(D = 0% < R <= 1% | E = R > 1%)": 0.0, "P(D = R > 1% | E = R > 1%)": 0.4507042253521127}