{"P(D = R < -1% | E = R < -1%)": 0.14444444444444443, "P(D = -1% <= R <= 0% | E = R < -1%)": 0.6666666666666666, "P(D = 0% < R <= 1% | E = R < -1%)": 0.12222222222222222, "P(D = R > 1% | E = R < -1%)": 0.06666666666666667, "P(D = R < -1% | E = -1% <= R <= 0%)": 0.0273972602739726, "P(D = -1% <= R <= 0% | E = -1% <= R <= 0%)": 0.910958904109589, "P(D = 0% < R <= 1% | E = -1% <= R <= 0%)": 0.05821917808219178, "P(D = R > 1% | E = -1% <= R <= 0%)": 0.003424657534246575, "P(D = R < -1% | E = 0% < R <= 1%)": 0.05725190839694656, "P(D = -1% <= R <= 0% | E = 0% < R <= 1%)": 0.7633587786259542, "P(D = 0% < R <= 1% | E = 0% < R <= 1%)": 0.17938931297709923, "P(D = R > 1% | E = 0% < R <= 1%)": 0.0, "P(D = R < -1% | E = R > 1%)": 0.03896103896103896, "P(D = -1% <= R <= 0% | E = R > 1%)": 0.6103896103896104, "P(D = 0% < R <= 1% | E = R > 1%)": 0.2727272727272727, "P(D = R > 1% | E = R > 1%)": 0.07792207792207792}