{"P(D = R < -1% | E = R < -1%)": 0.3135678391959799, "P(D = -1% <= R <= 0% | E = R < -1%)": 0.5587939698492462, "P(D = 0% < R <= 1% | E = R < -1%)": 0.0020100502512562816, "P(D = R > 1% | E = R < -1%)": 0.12562814070351758, "P(D = R < -1% | E = -1% <= R <= 0%)": 0.11454849498327759, "P(D = -1% <= R <= 0% | E = -1% <= R <= 0%)": 0.7508361204013378, "P(D = 0% < R <= 1% | E = -1% <= R <= 0%)": 0.0008361204013377926, "P(D = R > 1% | E = -1% <= R <= 0%)": 0.13377926421404682, "P(D = R < -1% | E = 0% < R <= 1%)": 0.1016260162601626, "P(D = -1% <= R <= 0% | E = 0% < R <= 1%)": 0.6971544715447154, "P(D = 0% < R <= 1% | E = 0% < R <= 1%)": 0.0040650406504065045, "P(D = R > 1% | E = 0% < R <= 1%)": 0.19715447154471544, "P(D = R < -1% | E = R > 1%)": 0.0916988416988417, "P(D = -1% <= R <= 0% | E = R > 1%)": 0.5482625482625483, "P(D = 0% < R <= 1% | E = R > 1%)": 0.0019305019305019305, "P(D = R > 1% | E = R > 1%)": 0.3581081081081081}