{"P(D = R < -1% | E = R < -1%)": 0.38986013986013984, "P(D = -1% <= R <= 0% | E = R < -1%)": 0.5786713286713286, "P(D = 0% < R <= 1% | E = R < -1%)": 0.0, "P(D = R > 1% | E = R < -1%)": 0.03146853146853147, "P(D = R < -1% | E = -1% <= R <= 0%)": 0.2117039586919105, "P(D = -1% <= R <= 0% | E = -1% <= R <= 0%)": 0.76592082616179, "P(D = 0% < R <= 1% | E = -1% <= R <= 0%)": 0.0, "P(D = R > 1% | E = -1% <= R <= 0%)": 0.022375215146299483, "P(D = R < -1% | E = 0% < R <= 1%)": 0.29411764705882354, "P(D = -1% <= R <= 0% | E = 0% < R <= 1%)": 0.6470588235294118, "P(D = 0% < R <= 1% | E = 0% < R <= 1%)": 0.0, "P(D = R > 1% | E = 0% < R <= 1%)": 0.058823529411764705, "P(D = R < -1% | E = R > 1%)": 0.2702702702702703, "P(D = -1% <= R <= 0% | E = R > 1%)": 0.6683046683046683, "P(D = 0% < R <= 1% | E = R > 1%)": 0.0, "P(D = R > 1% | E = R > 1%)": 0.06142506142506143}