{"P(D = R < -1% | E = R < -1%)": 0.12121212121212122, "P(D = -1% <= R <= 0% | E = R < -1%)": 0.7878787878787878, "P(D = 0% < R <= 1% | E = R < -1%)": 0.0, "P(D = R > 1% | E = R < -1%)": 0.09090909090909091, "P(D = R < -1% | E = -1% <= R <= 0%)": 0.041916167664670656, "P(D = -1% <= R <= 0% | E = -1% <= R <= 0%)": 0.9041916167664671, "P(D = 0% < R <= 1% | E = -1% <= R <= 0%)": 0.0, "P(D = R > 1% | E = -1% <= R <= 0%)": 0.05389221556886228, "P(D = R < -1% | E = 0% < R <= 1%)": 0.03787878787878788, "P(D = -1% <= R <= 0% | E = 0% < R <= 1%)": 0.9166666666666666, "P(D = 0% < R <= 1% | E = 0% < R <= 1%)": 0.0, "P(D = R > 1% | E = 0% < R <= 1%)": 0.045454545454545456, "P(D = R < -1% | E = R > 1%)": 0.046511627906976744, "P(D = -1% <= R <= 0% | E = R > 1%)": 0.6627906976744186, "P(D = 0% < R <= 1% | E = R > 1%)": 0.0, "P(D = R > 1% | E = R > 1%)": 0.29069767441860467}