{"P(D = R < -1% | E = R < -1%)": 0.244, "P(D = -1% <= R <= 0% | E = R < -1%)": 0.568, "P(D = 0% < R <= 1% | E = R < -1%)": 0.12, "P(D = R > 1% | E = R < -1%)": 0.068, "P(D = R < -1% | E = -1% <= R <= 0%)": 0.057279236276849645, "P(D = -1% <= R <= 0% | E = -1% <= R <= 0%)": 0.7756563245823389, "P(D = 0% < R <= 1% | E = -1% <= R <= 0%)": 0.0954653937947494, "P(D = R > 1% | E = -1% <= R <= 0%)": 0.07159904534606205, "P(D = R < -1% | E = 0% < R <= 1%)": 0.04040404040404041, "P(D = -1% <= R <= 0% | E = 0% < R <= 1%)": 0.7348484848484849, "P(D = 0% < R <= 1% | E = 0% < R <= 1%)": 0.11363636363636363, "P(D = R > 1% | E = 0% < R <= 1%)": 0.1111111111111111, "P(D = R < -1% | E = R > 1%)": 0.03088803088803089, "P(D = -1% <= R <= 0% | E = R > 1%)": 0.4826254826254826, "P(D = 0% < R <= 1% | E = R > 1%)": 0.1776061776061776, "P(D = R > 1% | E = R > 1%)": 0.3088803088803089}