{"P(D = R < -1% | E = R < -1%)": 0.15311909262759923, "P(D = -1% <= R <= 0% | E = R < -1%)": 0.390359168241966, "P(D = 0% < R <= 1% | E = R < -1%)": 0.3563327032136106, "P(D = R > 1% | E = R < -1%)": 0.1001890359168242, "P(D = R < -1% | E = -1% <= R <= 0%)": 0.07948717948717948, "P(D = -1% <= R <= 0% | E = -1% <= R <= 0%)": 0.4153846153846154, "P(D = 0% < R <= 1% | E = -1% <= R <= 0%)": 0.41025641025641024, "P(D = R > 1% | E = -1% <= R <= 0%)": 0.09487179487179487, "P(D = R < -1% | E = 0% < R <= 1%)": 0.0625, "P(D = -1% <= R <= 0% | E = 0% < R <= 1%)": 0.32859848484848486, "P(D = 0% < R <= 1% | E = 0% < R <= 1%)": 0.4895833333333333, "P(D = R > 1% | E = 0% < R <= 1%)": 0.11931818181818182, "P(D = R < -1% | E = R > 1%)": 0.0858843537414966, "P(D = -1% <= R <= 0% | E = R > 1%)": 0.3120748299319728, "P(D = 0% < R <= 1% | E = R > 1%)": 0.4192176870748299, "P(D = R > 1% | E = R > 1%)": 0.1828231292517007}