{"P(D = R < -1% | E = R < -1%)": 0.4107142857142857, "P(D = -1% <= R <= 0% | E = R < -1%)": 0.4642857142857143, "P(D = 0% < R <= 1% | E = R < -1%)": 0.03571428571428571, "P(D = R > 1% | E = R < -1%)": 0.08928571428571429, "P(D = R < -1% | E = -1% <= R <= 0%)": 0.06993006993006994, "P(D = -1% <= R <= 0% | E = -1% <= R <= 0%)": 0.7762237762237763, "P(D = 0% < R <= 1% | E = -1% <= R <= 0%)": 0.11188811188811189, "P(D = R > 1% | E = -1% <= R <= 0%)": 0.04195804195804196, "P(D = R < -1% | E = 0% < R <= 1%)": 0.020833333333333332, "P(D = -1% <= R <= 0% | E = 0% < R <= 1%)": 0.7291666666666666, "P(D = 0% < R <= 1% | E = 0% < R <= 1%)": 0.13541666666666666, "P(D = R > 1% | E = 0% < R <= 1%)": 0.11458333333333333, "P(D = R < -1% | E = R > 1%)": 0.05357142857142857, "P(D = -1% <= R <= 0% | E = R > 1%)": 0.42857142857142855, "P(D = 0% < R <= 1% | E = R > 1%)": 0.19642857142857142, "P(D = R > 1% | E = R > 1%)": 0.32142857142857145}