{"P(D = R < -1% | E = R < -1%)": 0.2, "P(D = -1% <= R <= 0% | E = R < -1%)": 0.5882352941176471, "P(D = 0% < R <= 1% | E = R < -1%)": 0.17647058823529413, "P(D = R > 1% | E = R < -1%)": 0.03529411764705882, "P(D = R < -1% | E = -1% <= R <= 0%)": 0.041379310344827586, "P(D = -1% <= R <= 0% | E = -1% <= R <= 0%)": 0.6517241379310345, "P(D = 0% < R <= 1% | E = -1% <= R <= 0%)": 0.27586206896551724, "P(D = R > 1% | E = -1% <= R <= 0%)": 0.03103448275862069, "P(D = R < -1% | E = 0% < R <= 1%)": 0.05092592592592592, "P(D = -1% <= R <= 0% | E = 0% < R <= 1%)": 0.44907407407407407, "P(D = 0% < R <= 1% | E = 0% < R <= 1%)": 0.47685185185185186, "P(D = R > 1% | E = 0% < R <= 1%)": 0.023148148148148147, "P(D = R < -1% | E = R > 1%)": 0.09876543209876543, "P(D = -1% <= R <= 0% | E = R > 1%)": 0.43209876543209874, "P(D = 0% < R <= 1% | E = R > 1%)": 0.30864197530864196, "P(D = R > 1% | E = R > 1%)": 0.16049382716049382}