{"P(D = R < -1% | E = R < -1%)": 0.06535947712418301, "P(D = -1% <= R <= 0% | E = R < -1%)": 0.6928104575163399, "P(D = 0% < R <= 1% | E = R < -1%)": 0.13071895424836602, "P(D = R > 1% | E = R < -1%)": 0.1111111111111111, "P(D = R < -1% | E = -1% <= R <= 0%)": 0.013215859030837005, "P(D = -1% <= R <= 0% | E = -1% <= R <= 0%)": 0.8502202643171806, "P(D = 0% < R <= 1% | E = -1% <= R <= 0%)": 0.09911894273127753, "P(D = R > 1% | E = -1% <= R <= 0%)": 0.037444933920704845, "P(D = R < -1% | E = 0% < R <= 1%)": 0.012315270935960592, "P(D = -1% <= R <= 0% | E = 0% < R <= 1%)": 0.7906403940886699, "P(D = 0% < R <= 1% | E = 0% < R <= 1%)": 0.15024630541871922, "P(D = R > 1% | E = 0% < R <= 1%)": 0.046798029556650245, "P(D = R < -1% | E = R > 1%)": 0.07602339181286549, "P(D = -1% <= R <= 0% | E = R > 1%)": 0.7017543859649122, "P(D = 0% < R <= 1% | E = R > 1%)": 0.1286549707602339, "P(D = R > 1% | E = R > 1%)": 0.0935672514619883}