{"P(D = R < -1% | E = R < -1%)": 0.022222222222222223, "P(D = -1% <= R <= 0% | E = R < -1%)": 0.25555555555555554, "P(D = 0% < R <= 1% | E = R < -1%)": 0.6222222222222222, "P(D = R > 1% | E = R < -1%)": 0.1, "P(D = R < -1% | E = -1% <= R <= 0%)": 0.0, "P(D = -1% <= R <= 0% | E = -1% <= R <= 0%)": 0.1806282722513089, "P(D = 0% < R <= 1% | E = -1% <= R <= 0%)": 0.8036649214659686, "P(D = R > 1% | E = -1% <= R <= 0%)": 0.015706806282722512, "P(D = R < -1% | E = 0% < R <= 1%)": 0.0, "P(D = -1% <= R <= 0% | E = 0% < R <= 1%)": 0.10697674418604651, "P(D = 0% < R <= 1% | E = 0% < R <= 1%)": 0.8767441860465116, "P(D = R > 1% | E = 0% < R <= 1%)": 0.01627906976744186, "P(D = R < -1% | E = R > 1%)": 0.010526315789473684, "P(D = -1% <= R <= 0% | E = R > 1%)": 0.16842105263157894, "P(D = 0% < R <= 1% | E = R > 1%)": 0.6947368421052632, "P(D = R > 1% | E = R > 1%)": 0.12631578947368421}