{"P(D = R < -1% | E = R < -1%)": 0.7346938775510204, "P(D = -1% <= R <= 0% | E = R < -1%)": 0.0, "P(D = 0% < R <= 1% | E = R < -1%)": 0.015306122448979591, "P(D = R > 1% | E = R < -1%)": 0.25, "P(D = R < -1% | E = -1% <= R <= 0%)": 0.6712328767123288, "P(D = -1% <= R <= 0% | E = -1% <= R <= 0%)": 0.0, "P(D = 0% < R <= 1% | E = -1% <= R <= 0%)": 0.0, "P(D = R > 1% | E = -1% <= R <= 0%)": 0.3287671232876712, "P(D = R < -1% | E = 0% < R <= 1%)": 0.639344262295082, "P(D = -1% <= R <= 0% | E = 0% < R <= 1%)": 0.0, "P(D = 0% < R <= 1% | E = 0% < R <= 1%)": 0.04918032786885246, "P(D = R > 1% | E = 0% < R <= 1%)": 0.3114754098360656, "P(D = R < -1% | E = R > 1%)": 0.5838150289017341, "P(D = -1% <= R <= 0% | E = R > 1%)": 0.0, "P(D = 0% < R <= 1% | E = R > 1%)": 0.011560693641618497, "P(D = R > 1% | E = R > 1%)": 0.4046242774566474}