{"P(D = R < -1% | E = R < -1%)": 0.5583405358686258, "P(D = -1% <= R <= 0% | E = R < -1%)": 0.39325842696629215, "P(D = 0% < R <= 1% | E = R < -1%)": 0.005185825410544511, "P(D = R > 1% | E = R < -1%)": 0.043215211754537596, "P(D = R < -1% | E = -1% <= R <= 0%)": 0.22310756972111553, "P(D = -1% <= R <= 0% | E = -1% <= R <= 0%)": 0.7410358565737052, "P(D = 0% < R <= 1% | E = -1% <= R <= 0%)": 0.0015936254980079682, "P(D = R > 1% | E = -1% <= R <= 0%)": 0.034262948207171316, "P(D = R < -1% | E = 0% < R <= 1%)": 0.4801587301587302, "P(D = -1% <= R <= 0% | E = 0% < R <= 1%)": 0.4126984126984127, "P(D = 0% < R <= 1% | E = 0% < R <= 1%)": 0.01984126984126984, "P(D = R > 1% | E = 0% < R <= 1%)": 0.0873015873015873, "P(D = R < -1% | E = R > 1%)": 0.28239499553172476, "P(D = -1% <= R <= 0% | E = R > 1%)": 0.6309204647006256, "P(D = 0% < R <= 1% | E = R > 1%)": 0.004468275245755138, "P(D = R > 1% | E = R > 1%)": 0.08221626452189455}