{"P(D = R < -1% | E = R < -1%)": 0.2322435174746336, "P(D = -1% <= R <= 0% | E = R < -1%)": 0.2762119503945885, "P(D = 0% < R <= 1% | E = R < -1%)": 0.16347237880496054, "P(D = R > 1% | E = R < -1%)": 0.32807215332581735, "P(D = R < -1% | E = -1% <= R <= 0%)": 0.17271589486858574, "P(D = -1% <= R <= 0% | E = -1% <= R <= 0%)": 0.2816020025031289, "P(D = 0% < R <= 1% | E = -1% <= R <= 0%)": 0.2165206508135169, "P(D = R > 1% | E = -1% <= R <= 0%)": 0.32916145181476847, "P(D = R < -1% | E = 0% < R <= 1%)": 0.1925207756232687, "P(D = -1% <= R <= 0% | E = 0% < R <= 1%)": 0.2853185595567867, "P(D = 0% < R <= 1% | E = 0% < R <= 1%)": 0.24930747922437674, "P(D = R > 1% | E = 0% < R <= 1%)": 0.27285318559556787, "P(D = R < -1% | E = R > 1%)": 0.175303197353914, "P(D = -1% <= R <= 0% | E = R > 1%)": 0.25027563395810365, "P(D = 0% < R <= 1% | E = R > 1%)": 0.18081587651598677, "P(D = R > 1% | E = R > 1%)": 0.3936052921719956}