{"P(D = R < -1% | E = R < -1%)": 0.21494102228047182, "P(D = -1% <= R <= 0% | E = R < -1%)": 0.6330275229357798, "P(D = 0% < R <= 1% | E = R < -1%)": 0.0, "P(D = R > 1% | E = R < -1%)": 0.15203145478374835, "P(D = R < -1% | E = -1% <= R <= 0%)": 0.08463541666666667, "P(D = -1% <= R <= 0% | E = -1% <= R <= 0%)": 0.81640625, "P(D = 0% < R <= 1% | E = -1% <= R <= 0%)": 0.0, "P(D = R > 1% | E = -1% <= R <= 0%)": 0.09895833333333333, "P(D = R < -1% | E = 0% < R <= 1%)": 0.11044776119402985, "P(D = -1% <= R <= 0% | E = 0% < R <= 1%)": 0.7492537313432835, "P(D = 0% < R <= 1% | E = 0% < R <= 1%)": 0.0, "P(D = R > 1% | E = 0% < R <= 1%)": 0.14029850746268657, "P(D = R < -1% | E = R > 1%)": 0.16296296296296298, "P(D = -1% <= R <= 0% | E = R > 1%)": 0.6308641975308642, "P(D = 0% < R <= 1% | E = R > 1%)": 0.0, "P(D = R > 1% | E = R > 1%)": 0.20617283950617285}