{"P(D = R < -1% | E = R < -1%)": 0.5131164742917104, "P(D = -1% <= R <= 0% | E = R < -1%)": 0.002098635886673662, "P(D = 0% < R <= 1% | E = R < -1%)": 0.0, "P(D = R > 1% | E = R < -1%)": 0.48478488982161594, "P(D = R < -1% | E = -1% <= R <= 0%)": 0.5036818851251841, "P(D = -1% <= R <= 0% | E = -1% <= R <= 0%)": 0.005891016200294551, "P(D = 0% < R <= 1% | E = -1% <= R <= 0%)": 0.0, "P(D = R > 1% | E = -1% <= R <= 0%)": 0.49042709867452133, "P(D = R < -1% | E = 0% < R <= 1%)": 0.4625, "P(D = -1% <= R <= 0% | E = 0% < R <= 1%)": 0.003125, "P(D = 0% < R <= 1% | E = 0% < R <= 1%)": 0.0, "P(D = R > 1% | E = 0% < R <= 1%)": 0.534375, "P(D = R < -1% | E = R > 1%)": 0.45957918050941304, "P(D = -1% <= R <= 0% | E = R > 1%)": 0.0022148394241417496, "P(D = 0% < R <= 1% | E = R > 1%)": 0.0, "P(D = R > 1% | E = R > 1%)": 0.5382059800664452}