{"P(D = R < -1% | E = R < -1%)": 0.13626373626373625, "P(D = -1% <= R <= 0% | E = R < -1%)": 0.7714285714285715, "P(D = 0% < R <= 1% | E = R < -1%)": 0.0, "P(D = R > 1% | E = R < -1%)": 0.09230769230769231, "P(D = R < -1% | E = -1% <= R <= 0%)": 0.07704160246533127, "P(D = -1% <= R <= 0% | E = -1% <= R <= 0%)": 0.8428351309707242, "P(D = 0% < R <= 1% | E = -1% <= R <= 0%)": 0.0, "P(D = R > 1% | E = -1% <= R <= 0%)": 0.08012326656394453, "P(D = R < -1% | E = 0% < R <= 1%)": 0.03669724770642202, "P(D = -1% <= R <= 0% | E = 0% < R <= 1%)": 0.9036697247706422, "P(D = 0% < R <= 1% | E = 0% < R <= 1%)": 0.0, "P(D = R > 1% | E = 0% < R <= 1%)": 0.05963302752293578, "P(D = R < -1% | E = R > 1%)": 0.06415094339622641, "P(D = -1% <= R <= 0% | E = R > 1%)": 0.690566037735849, "P(D = 0% < R <= 1% | E = R > 1%)": 0.0, "P(D = R > 1% | E = R > 1%)": 0.24528301886792453}