{"P(D = R < -1% | E = R < -1%)": 0.20481927710843373, "P(D = -1% <= R <= 0% | E = R < -1%)": 0.6144578313253012, "P(D = 0% < R <= 1% | E = R < -1%)": 0.12048192771084337, "P(D = R > 1% | E = R < -1%)": 0.060240963855421686, "P(D = R < -1% | E = -1% <= R <= 0%)": 0.023474178403755867, "P(D = -1% <= R <= 0% | E = -1% <= R <= 0%)": 0.863849765258216, "P(D = 0% < R <= 1% | E = -1% <= R <= 0%)": 0.07042253521126761, "P(D = R > 1% | E = -1% <= R <= 0%)": 0.04225352112676056, "P(D = R < -1% | E = 0% < R <= 1%)": 0.042328042328042326, "P(D = -1% <= R <= 0% | E = 0% < R <= 1%)": 0.7407407407407407, "P(D = 0% < R <= 1% | E = 0% < R <= 1%)": 0.18518518518518517, "P(D = R > 1% | E = 0% < R <= 1%)": 0.031746031746031744, "P(D = R < -1% | E = R > 1%)": 0.09230769230769231, "P(D = -1% <= R <= 0% | E = R > 1%)": 0.46153846153846156, "P(D = 0% < R <= 1% | E = R > 1%)": 0.16923076923076924, "P(D = R > 1% | E = R > 1%)": 0.27692307692307694}