{"P(D = R < -1% | E = R < -1%)": 0.21559633027522937, "P(D = -1% <= R <= 0% | E = R < -1%)": 0.7087155963302753, "P(D = 0% < R <= 1% | E = R < -1%)": 0.0, "P(D = R > 1% | E = R < -1%)": 0.07568807339449542, "P(D = R < -1% | E = -1% <= R <= 0%)": 0.08395522388059702, "P(D = -1% <= R <= 0% | E = -1% <= R <= 0%)": 0.8190298507462687, "P(D = 0% < R <= 1% | E = -1% <= R <= 0%)": 0.0, "P(D = R > 1% | E = -1% <= R <= 0%)": 0.09701492537313433, "P(D = R < -1% | E = 0% < R <= 1%)": 0.06153846153846154, "P(D = -1% <= R <= 0% | E = 0% < R <= 1%)": 0.7538461538461538, "P(D = 0% < R <= 1% | E = 0% < R <= 1%)": 0.0, "P(D = R > 1% | E = 0% < R <= 1%)": 0.18461538461538463, "P(D = R < -1% | E = R > 1%)": 0.05867970660146699, "P(D = -1% <= R <= 0% | E = R > 1%)": 0.6577017114914425, "P(D = 0% < R <= 1% | E = R > 1%)": 0.0, "P(D = R > 1% | E = R > 1%)": 0.28361858190709044}