{"P(D = R < -1% | E = R < -1%)": 0.15151515151515152, "P(D = -1% <= R <= 0% | E = R < -1%)": 0.6363636363636364, "P(D = 0% < R <= 1% | E = R < -1%)": 0.06060606060606061, "P(D = R > 1% | E = R < -1%)": 0.15151515151515152, "P(D = R < -1% | E = -1% <= R <= 0%)": 0.030927835051546393, "P(D = -1% <= R <= 0% | E = -1% <= R <= 0%)": 0.9484536082474226, "P(D = 0% < R <= 1% | E = -1% <= R <= 0%)": 0.0, "P(D = R > 1% | E = -1% <= R <= 0%)": 0.020618556701030927, "P(D = R < -1% | E = 0% < R <= 1%)": 0.0, "P(D = -1% <= R <= 0% | E = 0% < R <= 1%)": 0.9310344827586207, "P(D = 0% < R <= 1% | E = 0% < R <= 1%)": 0.034482758620689655, "P(D = R > 1% | E = 0% < R <= 1%)": 0.034482758620689655, "P(D = R < -1% | E = R > 1%)": 0.041666666666666664, "P(D = -1% <= R <= 0% | E = R > 1%)": 0.5416666666666666, "P(D = 0% < R <= 1% | E = R > 1%)": 0.0, "P(D = R > 1% | E = R > 1%)": 0.4166666666666667}