{"P(D = R < -1% | E = R < -1%)": 0.34, "P(D = -1% <= R <= 0% | E = R < -1%)": 0.58, "P(D = 0% < R <= 1% | E = R < -1%)": 0.04, "P(D = R > 1% | E = R < -1%)": 0.04, "P(D = R < -1% | E = -1% <= R <= 0%)": 0.05172413793103448, "P(D = -1% <= R <= 0% | E = -1% <= R <= 0%)": 0.896551724137931, "P(D = 0% < R <= 1% | E = -1% <= R <= 0%)": 0.0, "P(D = R > 1% | E = -1% <= R <= 0%)": 0.05172413793103448, "P(D = R < -1% | E = 0% < R <= 1%)": 0.058823529411764705, "P(D = -1% <= R <= 0% | E = 0% < R <= 1%)": 0.5294117647058824, "P(D = 0% < R <= 1% | E = 0% < R <= 1%)": 0.11764705882352941, "P(D = R > 1% | E = 0% < R <= 1%)": 0.29411764705882354, "P(D = R < -1% | E = R > 1%)": 0.06382978723404255, "P(D = -1% <= R <= 0% | E = R > 1%)": 0.425531914893617, "P(D = 0% < R <= 1% | E = R > 1%)": 0.02127659574468085, "P(D = R > 1% | E = R > 1%)": 0.48936170212765956}