{"P(D = R < -1% | E = R < -1%)": 0.3481848184818482, "P(D = -1% <= R <= 0% | E = R < -1%)": 0.3448844884488449, "P(D = 0% < R <= 1% | E = R < -1%)": 0.1419141914191419, "P(D = R > 1% | E = R < -1%)": 0.16501650165016502, "P(D = R < -1% | E = -1% <= R <= 0%)": 0.14328808446455504, "P(D = -1% <= R <= 0% | E = -1% <= R <= 0%)": 0.5731523378582202, "P(D = 0% < R <= 1% | E = -1% <= R <= 0%)": 0.12518853695324283, "P(D = R > 1% | E = -1% <= R <= 0%)": 0.1583710407239819, "P(D = R < -1% | E = 0% < R <= 1%)": 0.1423948220064725, "P(D = -1% <= R <= 0% | E = 0% < R <= 1%)": 0.5032362459546925, "P(D = 0% < R <= 1% | E = 0% < R <= 1%)": 0.17313915857605178, "P(D = R > 1% | E = 0% < R <= 1%)": 0.18122977346278318, "P(D = R < -1% | E = R > 1%)": 0.17076923076923076, "P(D = -1% <= R <= 0% | E = R > 1%)": 0.3353846153846154, "P(D = 0% < R <= 1% | E = R > 1%)": 0.1646153846153846, "P(D = R > 1% | E = R > 1%)": 0.3292307692307692}