{"P(D = R < -1% | E = R < -1%)": 0.5058078141499472, "P(D = -1% <= R <= 0% | E = R < -1%)": 0.24076029567053855, "P(D = 0% < R <= 1% | E = R < -1%)": 0.0, "P(D = R > 1% | E = R < -1%)": 0.25343189017951423, "P(D = R < -1% | E = -1% <= R <= 0%)": 0.32459016393442625, "P(D = -1% <= R <= 0% | E = -1% <= R <= 0%)": 0.3639344262295082, "P(D = 0% < R <= 1% | E = -1% <= R <= 0%)": 0.0, "P(D = R > 1% | E = -1% <= R <= 0%)": 0.3114754098360656, "P(D = R < -1% | E = 0% < R <= 1%)": 0.29107981220657275, "P(D = -1% <= R <= 0% | E = 0% < R <= 1%)": 0.4084507042253521, "P(D = 0% < R <= 1% | E = 0% < R <= 1%)": 0.0, "P(D = R > 1% | E = 0% < R <= 1%)": 0.3004694835680751, "P(D = R < -1% | E = R > 1%)": 0.2831578947368421, "P(D = -1% <= R <= 0% | E = R > 1%)": 0.2294736842105263, "P(D = 0% < R <= 1% | E = R > 1%)": 0.0, "P(D = R > 1% | E = R > 1%)": 0.48736842105263156}