{"P(D = R < -1% | E = R < -1%)": 0.659634317862166, "P(D = -1% <= R <= 0% | E = R < -1%)": 0.012658227848101266, "P(D = 0% < R <= 1% | E = R < -1%)": 0.0, "P(D = R > 1% | E = R < -1%)": 0.32770745428973275, "P(D = R < -1% | E = -1% <= R <= 0%)": 0.5962566844919787, "P(D = -1% <= R <= 0% | E = -1% <= R <= 0%)": 0.0053475935828877, "P(D = 0% < R <= 1% | E = -1% <= R <= 0%)": 0.0, "P(D = R > 1% | E = -1% <= R <= 0%)": 0.3983957219251337, "P(D = R < -1% | E = 0% < R <= 1%)": 0.5477707006369427, "P(D = -1% <= R <= 0% | E = 0% < R <= 1%)": 0.0, "P(D = 0% < R <= 1% | E = 0% < R <= 1%)": 0.0, "P(D = R > 1% | E = 0% < R <= 1%)": 0.45222929936305734, "P(D = R < -1% | E = R > 1%)": 0.42748091603053434, "P(D = -1% <= R <= 0% | E = R > 1%)": 0.00916030534351145, "P(D = 0% < R <= 1% | E = R > 1%)": 0.0, "P(D = R > 1% | E = R > 1%)": 0.5633587786259542}