{"P(D = R < -1% | E = R < -1%)": 0.4756756756756757, "P(D = -1% <= R <= 0% | E = R < -1%)": 0.021621621621621623, "P(D = 0% < R <= 1% | E = R < -1%)": 0.0, "P(D = R > 1% | E = R < -1%)": 0.5027027027027027, "P(D = R < -1% | E = -1% <= R <= 0%)": 0.36823104693140796, "P(D = -1% <= R <= 0% | E = -1% <= R <= 0%)": 0.02527075812274368, "P(D = 0% < R <= 1% | E = -1% <= R <= 0%)": 0.0, "P(D = R > 1% | E = -1% <= R <= 0%)": 0.6064981949458483, "P(D = R < -1% | E = 0% < R <= 1%)": 0.3251231527093596, "P(D = -1% <= R <= 0% | E = 0% < R <= 1%)": 0.034482758620689655, "P(D = 0% < R <= 1% | E = 0% < R <= 1%)": 0.0, "P(D = R > 1% | E = 0% < R <= 1%)": 0.6403940886699507, "P(D = R < -1% | E = R > 1%)": 0.2868020304568528, "P(D = -1% <= R <= 0% | E = R > 1%)": 0.025380710659898477, "P(D = 0% < R <= 1% | E = R > 1%)": 0.0, "P(D = R > 1% | E = R > 1%)": 0.6878172588832487}