{"P(D = R < -1% | E = R < -1%)": 0.09345794392523364, "P(D = -1% <= R <= 0% | E = R < -1%)": 0.37383177570093457, "P(D = 0% < R <= 1% | E = R < -1%)": 0.40186915887850466, "P(D = R > 1% | E = R < -1%)": 0.1308411214953271, "P(D = R < -1% | E = -1% <= R <= 0%)": 0.03398058252427184, "P(D = -1% <= R <= 0% | E = -1% <= R <= 0%)": 0.3446601941747573, "P(D = 0% < R <= 1% | E = -1% <= R <= 0%)": 0.5800970873786407, "P(D = R > 1% | E = -1% <= R <= 0%)": 0.0412621359223301, "P(D = R < -1% | E = 0% < R <= 1%)": 0.025252525252525252, "P(D = -1% <= R <= 0% | E = 0% < R <= 1%)": 0.2297979797979798, "P(D = 0% < R <= 1% | E = 0% < R <= 1%)": 0.696969696969697, "P(D = R > 1% | E = 0% < R <= 1%)": 0.047979797979797977, "P(D = R < -1% | E = R > 1%)": 0.05128205128205128, "P(D = -1% <= R <= 0% | E = R > 1%)": 0.28205128205128205, "P(D = 0% < R <= 1% | E = R > 1%)": 0.46153846153846156, "P(D = R > 1% | E = R > 1%)": 0.20512820512820512}