{"P(D = R < -1% | E = R < -1%)": 0.18702290076335878, "P(D = -1% <= R <= 0% | E = R < -1%)": 0.7480916030534351, "P(D = 0% < R <= 1% | E = R < -1%)": 0.0, "P(D = R > 1% | E = R < -1%)": 0.0648854961832061, "P(D = R < -1% | E = -1% <= R <= 0%)": 0.08305647840531562, "P(D = -1% <= R <= 0% | E = -1% <= R <= 0%)": 0.840531561461794, "P(D = 0% < R <= 1% | E = -1% <= R <= 0%)": 0.0, "P(D = R > 1% | E = -1% <= R <= 0%)": 0.07641196013289037, "P(D = R < -1% | E = 0% < R <= 1%)": 0.05625879043600562, "P(D = -1% <= R <= 0% | E = 0% < R <= 1%)": 0.8677918424753868, "P(D = 0% < R <= 1% | E = 0% < R <= 1%)": 0.0, "P(D = R > 1% | E = 0% < R <= 1%)": 0.0759493670886076, "P(D = R < -1% | E = R > 1%)": 0.05595026642984014, "P(D = -1% <= R <= 0% | E = R > 1%)": 0.7539964476021315, "P(D = 0% < R <= 1% | E = R > 1%)": 0.0, "P(D = R > 1% | E = R > 1%)": 0.19005328596802842}