{"P(D = R < -1% | E = R < -1%)": 0.25, "P(D = -1% <= R <= 0% | E = R < -1%)": 0.75, "P(D = 0% < R <= 1% | E = R < -1%)": 0.0, "P(D = R > 1% | E = R < -1%)": 0.0, "P(D = R < -1% | E = -1% <= R <= 0%)": 0.0, "P(D = -1% <= R <= 0% | E = -1% <= R <= 0%)": 0.8596491228070176, "P(D = 0% < R <= 1% | E = -1% <= R <= 0%)": 0.14035087719298245, "P(D = R > 1% | E = -1% <= R <= 0%)": 0.0, "P(D = R < -1% | E = 0% < R <= 1%)": 0.0, "P(D = -1% <= R <= 0% | E = 0% < R <= 1%)": 0.5945945945945946, "P(D = 0% < R <= 1% | E = 0% < R <= 1%)": 0.3783783783783784, "P(D = R > 1% | E = 0% < R <= 1%)": 0.02702702702702703, "P(D = R < -1% | E = R > 1%)": 0.0, "P(D = -1% <= R <= 0% | E = R > 1%)": 0.2, "P(D = 0% < R <= 1% | E = R > 1%)": 0.6, "P(D = R > 1% | E = R > 1%)": 0.2}