{"P(D = R < -1% | E = R < -1%)": 0.125, "P(D = -1% <= R <= 0% | E = R < -1%)": 0.7, "P(D = 0% < R <= 1% | E = R < -1%)": 0.1375, "P(D = R > 1% | E = R < -1%)": 0.0375, "P(D = R < -1% | E = -1% <= R <= 0%)": 0.014134275618374558, "P(D = -1% <= R <= 0% | E = -1% <= R <= 0%)": 0.872791519434629, "P(D = 0% < R <= 1% | E = -1% <= R <= 0%)": 0.10600706713780919, "P(D = R > 1% | E = -1% <= R <= 0%)": 0.007067137809187279, "P(D = R < -1% | E = 0% < R <= 1%)": 0.011406844106463879, "P(D = -1% <= R <= 0% | E = 0% < R <= 1%)": 0.8212927756653993, "P(D = 0% < R <= 1% | E = 0% < R <= 1%)": 0.12927756653992395, "P(D = R > 1% | E = 0% < R <= 1%)": 0.03802281368821293, "P(D = R < -1% | E = R > 1%)": 0.08333333333333333, "P(D = -1% <= R <= 0% | E = R > 1%)": 0.6805555555555556, "P(D = 0% < R <= 1% | E = R > 1%)": 0.125, "P(D = R > 1% | E = R > 1%)": 0.1111111111111111}