{"P(D = R < -1% | E = R < -1%)": 0.25984251968503935, "P(D = -1% <= R <= 0% | E = R < -1%)": 0.6325459317585301, "P(D = 0% < R <= 1% | E = R < -1%)": 0.0, "P(D = R > 1% | E = R < -1%)": 0.10761154855643044, "P(D = R < -1% | E = -1% <= R <= 0%)": 0.08617234468937876, "P(D = -1% <= R <= 0% | E = -1% <= R <= 0%)": 0.8396793587174348, "P(D = 0% < R <= 1% | E = -1% <= R <= 0%)": 0.0, "P(D = R > 1% | E = -1% <= R <= 0%)": 0.07414829659318638, "P(D = R < -1% | E = 0% < R <= 1%)": 0.056338028169014086, "P(D = -1% <= R <= 0% | E = 0% < R <= 1%)": 0.8309859154929577, "P(D = 0% < R <= 1% | E = 0% < R <= 1%)": 0.0, "P(D = R > 1% | E = 0% < R <= 1%)": 0.11267605633802817, "P(D = R < -1% | E = R > 1%)": 0.14893617021276595, "P(D = -1% <= R <= 0% | E = R > 1%)": 0.6702127659574468, "P(D = 0% < R <= 1% | E = R > 1%)": 0.0, "P(D = R > 1% | E = R > 1%)": 0.18085106382978725}