{"P(D = R < -1% | E = R < -1%)": 0.0, "P(D = -1% <= R <= 0% | E = R < -1%)": 0.9444444444444444, "P(D = 0% < R <= 1% | E = R < -1%)": 0.05555555555555555, "P(D = R > 1% | E = R < -1%)": 0.0, "P(D = R < -1% | E = -1% <= R <= 0%)": 0.0, "P(D = -1% <= R <= 0% | E = -1% <= R <= 0%)": 0.8953488372093024, "P(D = 0% < R <= 1% | E = -1% <= R <= 0%)": 0.10465116279069768, "P(D = R > 1% | E = -1% <= R <= 0%)": 0.0, "P(D = R < -1% | E = 0% < R <= 1%)": 0.0, "P(D = -1% <= R <= 0% | E = 0% < R <= 1%)": 0.7761194029850746, "P(D = 0% < R <= 1% | E = 0% < R <= 1%)": 0.22388059701492538, "P(D = R > 1% | E = 0% < R <= 1%)": 0.0, "P(D = R < -1% | E = R > 1%)": 0.0, "P(D = -1% <= R <= 0% | E = R > 1%)": 0.9047619047619048, "P(D = 0% < R <= 1% | E = R > 1%)": 0.09523809523809523, "P(D = R > 1% | E = R > 1%)": 0.0}