{"P(D = R < -1% | E = R < -1%)": 0.3333333333333333, "P(D = -1% <= R <= 0% | E = R < -1%)": 0.5317460317460317, "P(D = 0% < R <= 1% | E = R < -1%)": 0.0, "P(D = R > 1% | E = R < -1%)": 0.1349206349206349, "P(D = R < -1% | E = -1% <= R <= 0%)": 0.15404040404040403, "P(D = -1% <= R <= 0% | E = -1% <= R <= 0%)": 0.7095959595959596, "P(D = 0% < R <= 1% | E = -1% <= R <= 0%)": 0.0, "P(D = R > 1% | E = -1% <= R <= 0%)": 0.13636363636363635, "P(D = R < -1% | E = 0% < R <= 1%)": 0.09523809523809523, "P(D = -1% <= R <= 0% | E = 0% < R <= 1%)": 0.7738095238095238, "P(D = 0% < R <= 1% | E = 0% < R <= 1%)": 0.0, "P(D = R > 1% | E = 0% < R <= 1%)": 0.13095238095238096, "P(D = R < -1% | E = R > 1%)": 0.1783783783783784, "P(D = -1% <= R <= 0% | E = R > 1%)": 0.5162162162162162, "P(D = 0% < R <= 1% | E = R > 1%)": 0.0, "P(D = R > 1% | E = R > 1%)": 0.3054054054054054}