{"P(D = R < -1% | E = R < -1%)": 0.3051948051948052, "P(D = -1% <= R <= 0% | E = R < -1%)": 0.6277056277056277, "P(D = 0% < R <= 1% | E = R < -1%)": 0.0, "P(D = R > 1% | E = R < -1%)": 0.0670995670995671, "P(D = R < -1% | E = -1% <= R <= 0%)": 0.11349693251533742, "P(D = -1% <= R <= 0% | E = -1% <= R <= 0%)": 0.7944785276073619, "P(D = 0% < R <= 1% | E = -1% <= R <= 0%)": 0.0, "P(D = R > 1% | E = -1% <= R <= 0%)": 0.09202453987730061, "P(D = R < -1% | E = 0% < R <= 1%)": 0.09022556390977443, "P(D = -1% <= R <= 0% | E = 0% < R <= 1%)": 0.7744360902255639, "P(D = 0% < R <= 1% | E = 0% < R <= 1%)": 0.0, "P(D = R > 1% | E = 0% < R <= 1%)": 0.13533834586466165, "P(D = R < -1% | E = R > 1%)": 0.10304449648711944, "P(D = -1% <= R <= 0% | E = R > 1%)": 0.629976580796253, "P(D = 0% < R <= 1% | E = R > 1%)": 0.0, "P(D = R > 1% | E = R > 1%)": 0.26697892271662765}