{"P(D = R < -1% | E = R < -1%)": 0.2941834451901566, "P(D = -1% <= R <= 0% | E = R < -1%)": 0.007829977628635347, "P(D = 0% < R <= 1% | E = R < -1%)": 0.5201342281879194, "P(D = R > 1% | E = R < -1%)": 0.17785234899328858, "P(D = R < -1% | E = -1% <= R <= 0%)": 0.1309987029831388, "P(D = -1% <= R <= 0% | E = -1% <= R <= 0%)": 0.009079118028534372, "P(D = 0% < R <= 1% | E = -1% <= R <= 0%)": 0.6718547341115434, "P(D = R > 1% | E = -1% <= R <= 0%)": 0.1880674448767834, "P(D = R < -1% | E = 0% < R <= 1%)": 0.11559888579387187, "P(D = -1% <= R <= 0% | E = 0% < R <= 1%)": 0.011142061281337047, "P(D = 0% < R <= 1% | E = 0% < R <= 1%)": 0.6545961002785515, "P(D = R > 1% | E = 0% < R <= 1%)": 0.21866295264623956, "P(D = R < -1% | E = R > 1%)": 0.13211600429645542, "P(D = -1% <= R <= 0% | E = R > 1%)": 0.0053705692803437165, "P(D = 0% < R <= 1% | E = R > 1%)": 0.527389903329753, "P(D = R > 1% | E = R > 1%)": 0.3351235230934479}