{"P(D = R < -1% | E = R < -1%)": 0.282560706401766, "P(D = -1% <= R <= 0% | E = R < -1%)": 0.46578366445916114, "P(D = 0% < R <= 1% | E = R < -1%)": 0.18984547461368653, "P(D = R > 1% | E = R < -1%)": 0.06181015452538632, "P(D = R < -1% | E = -1% <= R <= 0%)": 0.07197696737044146, "P(D = -1% <= R <= 0% | E = -1% <= R <= 0%)": 0.6429942418426103, "P(D = 0% < R <= 1% | E = -1% <= R <= 0%)": 0.23416506717850288, "P(D = R > 1% | E = -1% <= R <= 0%)": 0.0508637236084453, "P(D = R < -1% | E = 0% < R <= 1%)": 0.04942528735632184, "P(D = -1% <= R <= 0% | E = 0% < R <= 1%)": 0.535632183908046, "P(D = 0% < R <= 1% | E = 0% < R <= 1%)": 0.34367816091954023, "P(D = R > 1% | E = 0% < R <= 1%)": 0.07126436781609195, "P(D = R < -1% | E = R > 1%)": 0.07311320754716981, "P(D = -1% <= R <= 0% | E = R > 1%)": 0.37735849056603776, "P(D = 0% < R <= 1% | E = R > 1%)": 0.30424528301886794, "P(D = R > 1% | E = R > 1%)": 0.24528301886792453}