{"P(D = R < -1% | E = R < -1%)": 0.5748502994011976, "P(D = -1% <= R <= 0% | E = R < -1%)": 0.10778443113772455, "P(D = 0% < R <= 1% | E = R < -1%)": 0.0, "P(D = R > 1% | E = R < -1%)": 0.31736526946107785, "P(D = R < -1% | E = -1% <= R <= 0%)": 0.2948717948717949, "P(D = -1% <= R <= 0% | E = -1% <= R <= 0%)": 0.1282051282051282, "P(D = 0% < R <= 1% | E = -1% <= R <= 0%)": 0.0, "P(D = R > 1% | E = -1% <= R <= 0%)": 0.5769230769230769, "P(D = R < -1% | E = 0% < R <= 1%)": 0.38461538461538464, "P(D = -1% <= R <= 0% | E = 0% < R <= 1%)": 0.07692307692307693, "P(D = 0% < R <= 1% | E = 0% < R <= 1%)": 0.0, "P(D = R > 1% | E = 0% < R <= 1%)": 0.5384615384615384, "P(D = R < -1% | E = R > 1%)": 0.1986754966887417, "P(D = -1% <= R <= 0% | E = R > 1%)": 0.06622516556291391, "P(D = 0% < R <= 1% | E = R > 1%)": 0.0, "P(D = R > 1% | E = R > 1%)": 0.7350993377483444}