{"P(D = R < -1% | E = R < -1%)": 0.89, "P(D = -1% <= R <= 0% | E = R < -1%)": 0.0, "P(D = 0% < R <= 1% | E = R < -1%)": 0.0, "P(D = R > 1% | E = R < -1%)": 0.11, "P(D = R < -1% | E = -1% <= R <= 0%)": 0.918918918918919, "P(D = -1% <= R <= 0% | E = -1% <= R <= 0%)": 0.04054054054054054, "P(D = 0% < R <= 1% | E = -1% <= R <= 0%)": 0.0, "P(D = R > 1% | E = -1% <= R <= 0%)": 0.04054054054054054, "P(D = R < -1% | E = 0% < R <= 1%)": 0.9512195121951219, "P(D = -1% <= R <= 0% | E = 0% < R <= 1%)": 0.024390243902439025, "P(D = 0% < R <= 1% | E = 0% < R <= 1%)": 0.0, "P(D = R > 1% | E = 0% < R <= 1%)": 0.024390243902439025, "P(D = R < -1% | E = R > 1%)": 0.7686567164179104, "P(D = -1% <= R <= 0% | E = R > 1%)": 0.007462686567164179, "P(D = 0% < R <= 1% | E = R > 1%)": 0.022388059701492536, "P(D = R > 1% | E = R > 1%)": 0.20149253731343283}