{"P(D = R < -1% | E = R < -1%)": 0.2367816091954023, "P(D = -1% <= R <= 0% | E = R < -1%)": 0.6360153256704981, "P(D = 0% < R <= 1% | E = R < -1%)": 0.0, "P(D = R > 1% | E = R < -1%)": 0.12720306513409962, "P(D = R < -1% | E = -1% <= R <= 0%)": 0.10457963089542037, "P(D = -1% <= R <= 0% | E = -1% <= R <= 0%)": 0.7388926862611073, "P(D = 0% < R <= 1% | E = -1% <= R <= 0%)": 0.0, "P(D = R > 1% | E = -1% <= R <= 0%)": 0.15652768284347232, "P(D = R < -1% | E = 0% < R <= 1%)": 0.06896551724137931, "P(D = -1% <= R <= 0% | E = 0% < R <= 1%)": 0.7931034482758621, "P(D = 0% < R <= 1% | E = 0% < R <= 1%)": 0.0, "P(D = R > 1% | E = 0% < R <= 1%)": 0.13793103448275862, "P(D = R < -1% | E = R > 1%)": 0.08841940532081377, "P(D = -1% <= R <= 0% | E = R > 1%)": 0.6150234741784038, "P(D = 0% < R <= 1% | E = R > 1%)": 0.0, "P(D = R > 1% | E = R > 1%)": 0.2965571205007825}