{"P(D = R < -1% | E = R < -1%)": 0.8308457711442786, "P(D = -1% <= R <= 0% | E = R < -1%)": 0.0, "P(D = 0% < R <= 1% | E = R < -1%)": 0.0, "P(D = R > 1% | E = R < -1%)": 0.1691542288557214, "P(D = R < -1% | E = -1% <= R <= 0%)": 0.8333333333333334, "P(D = -1% <= R <= 0% | E = -1% <= R <= 0%)": 0.0, "P(D = 0% < R <= 1% | E = -1% <= R <= 0%)": 0.0, "P(D = R > 1% | E = -1% <= R <= 0%)": 0.16666666666666666, "P(D = R < -1% | E = 0% < R <= 1%)": 0.8367346938775511, "P(D = -1% <= R <= 0% | E = 0% < R <= 1%)": 0.0, "P(D = 0% < R <= 1% | E = 0% < R <= 1%)": 0.02040816326530612, "P(D = R > 1% | E = 0% < R <= 1%)": 0.14285714285714285, "P(D = R < -1% | E = R > 1%)": 0.6541353383458647, "P(D = -1% <= R <= 0% | E = R > 1%)": 0.0, "P(D = 0% < R <= 1% | E = R > 1%)": 0.0, "P(D = R > 1% | E = R > 1%)": 0.3458646616541353}