{"P(D = R < -1% | E = R < -1%)": 0.23344370860927152, "P(D = -1% <= R <= 0% | E = R < -1%)": 0.4470198675496689, "P(D = 0% < R <= 1% | E = R < -1%)": 0.19370860927152317, "P(D = R > 1% | E = R < -1%)": 0.12582781456953643, "P(D = R < -1% | E = -1% <= R <= 0%)": 0.1072463768115942, "P(D = -1% <= R <= 0% | E = -1% <= R <= 0%)": 0.49130434782608695, "P(D = 0% < R <= 1% | E = -1% <= R <= 0%)": 0.27391304347826084, "P(D = R > 1% | E = -1% <= R <= 0%)": 0.12753623188405797, "P(D = R < -1% | E = 0% < R <= 1%)": 0.07757404795486601, "P(D = -1% <= R <= 0% | E = 0% < R <= 1%)": 0.4301833568406206, "P(D = 0% < R <= 1% | E = 0% < R <= 1%)": 0.35966149506346967, "P(D = R > 1% | E = 0% < R <= 1%)": 0.1325811001410437, "P(D = R < -1% | E = R > 1%)": 0.084375, "P(D = -1% <= R <= 0% | E = R > 1%)": 0.4125, "P(D = 0% < R <= 1% | E = R > 1%)": 0.2359375, "P(D = R > 1% | E = R > 1%)": 0.2671875}