{"P(D = R < -1% | E = R < -1%)": 0.6089108910891089, "P(D = -1% <= R <= 0% | E = R < -1%)": 0.0, "P(D = 0% < R <= 1% | E = R < -1%)": 0.0049504950495049506, "P(D = R > 1% | E = R < -1%)": 0.38613861386138615, "P(D = R < -1% | E = -1% <= R <= 0%)": 0.5, "P(D = -1% <= R <= 0% | E = -1% <= R <= 0%)": 0.0, "P(D = 0% < R <= 1% | E = -1% <= R <= 0%)": 0.02702702702702703, "P(D = R > 1% | E = -1% <= R <= 0%)": 0.47297297297297297, "P(D = R < -1% | E = 0% < R <= 1%)": 0.5205479452054794, "P(D = -1% <= R <= 0% | E = 0% < R <= 1%)": 0.0, "P(D = 0% < R <= 1% | E = 0% < R <= 1%)": 0.0136986301369863, "P(D = R > 1% | E = 0% < R <= 1%)": 0.4657534246575342, "P(D = R < -1% | E = R > 1%)": 0.3269230769230769, "P(D = -1% <= R <= 0% | E = R > 1%)": 0.0, "P(D = 0% < R <= 1% | E = R > 1%)": 0.0, "P(D = R > 1% | E = R > 1%)": 0.6730769230769231}