{"P(D = R < -1% | E = R < -1%)": 0.12121212121212122, "P(D = -1% <= R <= 0% | E = R < -1%)": 0.7916666666666666, "P(D = 0% < R <= 1% | E = R < -1%)": 0.0, "P(D = R > 1% | E = R < -1%)": 0.08712121212121213, "P(D = R < -1% | E = -1% <= R <= 0%)": 0.037900874635568516, "P(D = -1% <= R <= 0% | E = -1% <= R <= 0%)": 0.892128279883382, "P(D = 0% < R <= 1% | E = -1% <= R <= 0%)": 0.0, "P(D = R > 1% | E = -1% <= R <= 0%)": 0.06997084548104957, "P(D = R < -1% | E = 0% < R <= 1%)": 0.015384615384615385, "P(D = -1% <= R <= 0% | E = 0% < R <= 1%)": 0.9461538461538461, "P(D = 0% < R <= 1% | E = 0% < R <= 1%)": 0.0, "P(D = R > 1% | E = 0% < R <= 1%)": 0.038461538461538464, "P(D = R < -1% | E = R > 1%)": 0.06042296072507553, "P(D = -1% <= R <= 0% | E = R > 1%)": 0.7341389728096677, "P(D = 0% < R <= 1% | E = R > 1%)": 0.0, "P(D = R > 1% | E = R > 1%)": 0.2054380664652568}