{"P(D = R < -1% | E = R < -1%)": 0.18181818181818182, "P(D = -1% <= R <= 0% | E = R < -1%)": 0.29545454545454547, "P(D = 0% < R <= 1% | E = R < -1%)": 0.5, "P(D = R > 1% | E = R < -1%)": 0.022727272727272728, "P(D = R < -1% | E = -1% <= R <= 0%)": 0.02040816326530612, "P(D = -1% <= R <= 0% | E = -1% <= R <= 0%)": 0.42857142857142855, "P(D = 0% < R <= 1% | E = -1% <= R <= 0%)": 0.5255102040816326, "P(D = R > 1% | E = -1% <= R <= 0%)": 0.025510204081632654, "P(D = R < -1% | E = 0% < R <= 1%)": 0.013513513513513514, "P(D = -1% <= R <= 0% | E = 0% < R <= 1%)": 0.2972972972972973, "P(D = 0% < R <= 1% | E = 0% < R <= 1%)": 0.6486486486486487, "P(D = R > 1% | E = 0% < R <= 1%)": 0.04054054054054054, "P(D = R < -1% | E = R > 1%)": 0.09090909090909091, "P(D = -1% <= R <= 0% | E = R > 1%)": 0.21212121212121213, "P(D = 0% < R <= 1% | E = R > 1%)": 0.5151515151515151, "P(D = R > 1% | E = R > 1%)": 0.18181818181818182}