{"P(D = R < -1% | E = R < -1%)": 0.45454545454545453, "P(D = -1% <= R <= 0% | E = R < -1%)": 0.3090909090909091, "P(D = 0% < R <= 1% | E = R < -1%)": 0.15454545454545454, "P(D = R > 1% | E = R < -1%)": 0.08181818181818182, "P(D = R < -1% | E = -1% <= R <= 0%)": 0.10655737704918032, "P(D = -1% <= R <= 0% | E = -1% <= R <= 0%)": 0.5081967213114754, "P(D = 0% < R <= 1% | E = -1% <= R <= 0%)": 0.3114754098360656, "P(D = R > 1% | E = -1% <= R <= 0%)": 0.07377049180327869, "P(D = R < -1% | E = 0% < R <= 1%)": 0.12244897959183673, "P(D = -1% <= R <= 0% | E = 0% < R <= 1%)": 0.32653061224489793, "P(D = 0% < R <= 1% | E = 0% < R <= 1%)": 0.42857142857142855, "P(D = R > 1% | E = 0% < R <= 1%)": 0.12244897959183673, "P(D = R < -1% | E = R > 1%)": 0.09574468085106383, "P(D = -1% <= R <= 0% | E = R > 1%)": 0.32978723404255317, "P(D = 0% < R <= 1% | E = R > 1%)": 0.23404255319148937, "P(D = R > 1% | E = R > 1%)": 0.3404255319148936}