{"P(D = R < -1% | E = R < -1%)": 0.5934065934065934, "P(D = -1% <= R <= 0% | E = R < -1%)": 0.13186813186813187, "P(D = 0% < R <= 1% | E = R < -1%)": 0.02197802197802198, "P(D = R > 1% | E = R < -1%)": 0.25274725274725274, "P(D = R < -1% | E = -1% <= R <= 0%)": 0.36585365853658536, "P(D = -1% <= R <= 0% | E = -1% <= R <= 0%)": 0.25609756097560976, "P(D = 0% < R <= 1% | E = -1% <= R <= 0%)": 0.024390243902439025, "P(D = R > 1% | E = -1% <= R <= 0%)": 0.35365853658536583, "P(D = R < -1% | E = 0% < R <= 1%)": 0.35, "P(D = -1% <= R <= 0% | E = 0% < R <= 1%)": 0.075, "P(D = 0% < R <= 1% | E = 0% < R <= 1%)": 0.05, "P(D = R > 1% | E = 0% < R <= 1%)": 0.525, "P(D = R < -1% | E = R > 1%)": 0.18888888888888888, "P(D = -1% <= R <= 0% | E = R > 1%)": 0.07777777777777778, "P(D = 0% < R <= 1% | E = R > 1%)": 0.011111111111111112, "P(D = R > 1% | E = R > 1%)": 0.7222222222222222}