{"P(D = R < -1% | E = R < -1%)": 0.2689075630252101, "P(D = -1% <= R <= 0% | E = R < -1%)": 0.6554621848739496, "P(D = 0% < R <= 1% | E = R < -1%)": 0.03361344537815126, "P(D = R > 1% | E = R < -1%)": 0.04201680672268908, "P(D = R < -1% | E = -1% <= R <= 0%)": 0.06422018348623854, "P(D = -1% <= R <= 0% | E = -1% <= R <= 0%)": 0.8211009174311926, "P(D = 0% < R <= 1% | E = -1% <= R <= 0%)": 0.06422018348623854, "P(D = R > 1% | E = -1% <= R <= 0%)": 0.05045871559633028, "P(D = R < -1% | E = 0% < R <= 1%)": 0.08125, "P(D = -1% <= R <= 0% | E = 0% < R <= 1%)": 0.76875, "P(D = 0% < R <= 1% | E = 0% < R <= 1%)": 0.09375, "P(D = R > 1% | E = 0% < R <= 1%)": 0.05625, "P(D = R < -1% | E = R > 1%)": 0.07339449541284404, "P(D = -1% <= R <= 0% | E = R > 1%)": 0.6513761467889908, "P(D = 0% < R <= 1% | E = R > 1%)": 0.09174311926605505, "P(D = R > 1% | E = R > 1%)": 0.1834862385321101}