{"P(D = R < -1% | E = R < -1%)": 0.2661290322580645, "P(D = -1% <= R <= 0% | E = R < -1%)": 0.0, "P(D = 0% < R <= 1% | E = R < -1%)": 0.03225806451612903, "P(D = R > 1% | E = R < -1%)": 0.7016129032258065, "P(D = R < -1% | E = -1% <= R <= 0%)": 0.14457831325301204, "P(D = -1% <= R <= 0% | E = -1% <= R <= 0%)": 0.0, "P(D = 0% < R <= 1% | E = -1% <= R <= 0%)": 0.024096385542168676, "P(D = R > 1% | E = -1% <= R <= 0%)": 0.8313253012048193, "P(D = R < -1% | E = 0% < R <= 1%)": 0.10714285714285714, "P(D = -1% <= R <= 0% | E = 0% < R <= 1%)": 0.0, "P(D = 0% < R <= 1% | E = 0% < R <= 1%)": 0.03571428571428571, "P(D = R > 1% | E = 0% < R <= 1%)": 0.8571428571428571, "P(D = R < -1% | E = R > 1%)": 0.1388888888888889, "P(D = -1% <= R <= 0% | E = R > 1%)": 0.0, "P(D = 0% < R <= 1% | E = R > 1%)": 0.020833333333333332, "P(D = R > 1% | E = R > 1%)": 0.8402777777777778}