{"P(D = R < -1% | E = R < -1%)": 0.0, "P(D = -1% <= R <= 0% | E = R < -1%)": 0.5263157894736842, "P(D = 0% < R <= 1% | E = R < -1%)": 0.47368421052631576, "P(D = R > 1% | E = R < -1%)": 0.0, "P(D = R < -1% | E = -1% <= R <= 0%)": 0.0, "P(D = -1% <= R <= 0% | E = -1% <= R <= 0%)": 0.6966292134831461, "P(D = 0% < R <= 1% | E = -1% <= R <= 0%)": 0.30337078651685395, "P(D = R > 1% | E = -1% <= R <= 0%)": 0.0, "P(D = R < -1% | E = 0% < R <= 1%)": 0.0, "P(D = -1% <= R <= 0% | E = 0% < R <= 1%)": 0.3939393939393939, "P(D = 0% < R <= 1% | E = 0% < R <= 1%)": 0.6060606060606061, "P(D = R > 1% | E = 0% < R <= 1%)": 0.0, "P(D = R < -1% | E = R > 1%)": 0.0, "P(D = -1% <= R <= 0% | E = R > 1%)": 0.6666666666666666, "P(D = 0% < R <= 1% | E = R > 1%)": 0.3333333333333333, "P(D = R > 1% | E = R > 1%)": 0.0}