{"P(D = R < -1% | E = R < -1%)": 0.0, "P(D = -1% <= R <= 0% | E = R < -1%)": 0.46875, "P(D = 0% < R <= 1% | E = R < -1%)": 0.5, "P(D = R > 1% | E = R < -1%)": 0.03125, "P(D = R < -1% | E = -1% <= R <= 0%)": 0.0, "P(D = -1% <= R <= 0% | E = -1% <= R <= 0%)": 0.3902439024390244, "P(D = 0% < R <= 1% | E = -1% <= R <= 0%)": 0.5772357723577236, "P(D = R > 1% | E = -1% <= R <= 0%)": 0.032520325203252036, "P(D = R < -1% | E = 0% < R <= 1%)": 0.0, "P(D = -1% <= R <= 0% | E = 0% < R <= 1%)": 0.308411214953271, "P(D = 0% < R <= 1% | E = 0% < R <= 1%)": 0.6822429906542056, "P(D = R > 1% | E = 0% < R <= 1%)": 0.009345794392523364, "P(D = R < -1% | E = R > 1%)": 0.0, "P(D = -1% <= R <= 0% | E = R > 1%)": 0.42857142857142855, "P(D = 0% < R <= 1% | E = R > 1%)": 0.5079365079365079, "P(D = R > 1% | E = R > 1%)": 0.06349206349206349}