{"P(D = R < -1% | E = R < -1%)": 0.014388489208633094, "P(D = -1% <= R <= 0% | E = R < -1%)": 0.60431654676259, "P(D = 0% < R <= 1% | E = R < -1%)": 0.302158273381295, "P(D = R > 1% | E = R < -1%)": 0.07913669064748201, "P(D = R < -1% | E = -1% <= R <= 0%)": 0.0037593984962406013, "P(D = -1% <= R <= 0% | E = -1% <= R <= 0%)": 0.6528822055137845, "P(D = 0% < R <= 1% | E = -1% <= R <= 0%)": 0.3157894736842105, "P(D = R > 1% | E = -1% <= R <= 0%)": 0.02756892230576441, "P(D = R < -1% | E = 0% < R <= 1%)": 0.0068775790921595595, "P(D = -1% <= R <= 0% | E = 0% < R <= 1%)": 0.5653370013755158, "P(D = 0% < R <= 1% | E = 0% < R <= 1%)": 0.40990371389270974, "P(D = R > 1% | E = 0% < R <= 1%)": 0.017881705639614855, "P(D = R < -1% | E = R > 1%)": 0.03389830508474576, "P(D = -1% <= R <= 0% | E = R > 1%)": 0.5169491525423728, "P(D = 0% < R <= 1% | E = R > 1%)": 0.3050847457627119, "P(D = R > 1% | E = R > 1%)": 0.1440677966101695}