{"P(D = R < -1% | E = R < -1%)": 0.1815068493150685, "P(D = -1% <= R <= 0% | E = R < -1%)": 0.6917808219178082, "P(D = 0% < R <= 1% | E = R < -1%)": 0.0, "P(D = R > 1% | E = R < -1%)": 0.1267123287671233, "P(D = R < -1% | E = -1% <= R <= 0%)": 0.08403361344537816, "P(D = -1% <= R <= 0% | E = -1% <= R <= 0%)": 0.8123249299719888, "P(D = 0% < R <= 1% | E = -1% <= R <= 0%)": 0.0, "P(D = R > 1% | E = -1% <= R <= 0%)": 0.10364145658263306, "P(D = R < -1% | E = 0% < R <= 1%)": 0.0625, "P(D = -1% <= R <= 0% | E = 0% < R <= 1%)": 0.8333333333333334, "P(D = 0% < R <= 1% | E = 0% < R <= 1%)": 0.0, "P(D = R > 1% | E = 0% < R <= 1%)": 0.10416666666666667, "P(D = R < -1% | E = R > 1%)": 0.1032258064516129, "P(D = -1% <= R <= 0% | E = R > 1%)": 0.6870967741935484, "P(D = 0% < R <= 1% | E = R > 1%)": 0.0, "P(D = R > 1% | E = R > 1%)": 0.20967741935483872}