{"P(D = R < -1% | E = R < -1%)": 0.16129032258064516, "P(D = -1% <= R <= 0% | E = R < -1%)": 0.6989247311827957, "P(D = 0% < R <= 1% | E = R < -1%)": 0.053763440860215055, "P(D = R > 1% | E = R < -1%)": 0.08602150537634409, "P(D = R < -1% | E = -1% <= R <= 0%)": 0.04861111111111111, "P(D = -1% <= R <= 0% | E = -1% <= R <= 0%)": 0.8854166666666666, "P(D = 0% < R <= 1% | E = -1% <= R <= 0%)": 0.0625, "P(D = R > 1% | E = -1% <= R <= 0%)": 0.003472222222222222, "P(D = R < -1% | E = 0% < R <= 1%)": 0.027522935779816515, "P(D = -1% <= R <= 0% | E = 0% < R <= 1%)": 0.7798165137614679, "P(D = 0% < R <= 1% | E = 0% < R <= 1%)": 0.15137614678899083, "P(D = R > 1% | E = 0% < R <= 1%)": 0.04128440366972477, "P(D = R < -1% | E = R > 1%)": 0.06315789473684211, "P(D = -1% <= R <= 0% | E = R > 1%)": 0.5263157894736842, "P(D = 0% < R <= 1% | E = R > 1%)": 0.18947368421052632, "P(D = R > 1% | E = R > 1%)": 0.22105263157894736}