{"P(D = R < -1% | E = R < -1%)": 0.5571428571428572, "P(D = -1% <= R <= 0% | E = R < -1%)": 0.2857142857142857, "P(D = 0% < R <= 1% | E = R < -1%)": 0.0, "P(D = R > 1% | E = R < -1%)": 0.15714285714285714, "P(D = R < -1% | E = -1% <= R <= 0%)": 0.18604651162790697, "P(D = -1% <= R <= 0% | E = -1% <= R <= 0%)": 0.5813953488372093, "P(D = 0% < R <= 1% | E = -1% <= R <= 0%)": 0.0, "P(D = R > 1% | E = -1% <= R <= 0%)": 0.23255813953488372, "P(D = R < -1% | E = 0% < R <= 1%)": 0, "P(D = -1% <= R <= 0% | E = 0% < R <= 1%)": 0, "P(D = 0% < R <= 1% | E = 0% < R <= 1%)": 0, "P(D = R > 1% | E = 0% < R <= 1%)": 0, "P(D = R < -1% | E = R > 1%)": 0.14285714285714285, "P(D = -1% <= R <= 0% | E = R > 1%)": 0.38095238095238093, "P(D = 0% < R <= 1% | E = R > 1%)": 0.0, "P(D = R > 1% | E = R > 1%)": 0.47619047619047616}