{"P(D = R < -1% | E = R < -1%)": 0.8495575221238938, "P(D = -1% <= R <= 0% | E = R < -1%)": 0.017699115044247787, "P(D = 0% < R <= 1% | E = R < -1%)": 0.017699115044247787, "P(D = R > 1% | E = R < -1%)": 0.11504424778761062, "P(D = R < -1% | E = -1% <= R <= 0%)": 0.7073170731707317, "P(D = -1% <= R <= 0% | E = -1% <= R <= 0%)": 0.04878048780487805, "P(D = 0% < R <= 1% | E = -1% <= R <= 0%)": 0.024390243902439025, "P(D = R > 1% | E = -1% <= R <= 0%)": 0.21951219512195122, "P(D = R < -1% | E = 0% < R <= 1%)": 0.627906976744186, "P(D = -1% <= R <= 0% | E = 0% < R <= 1%)": 0.0, "P(D = 0% < R <= 1% | E = 0% < R <= 1%)": 0.046511627906976744, "P(D = R > 1% | E = 0% < R <= 1%)": 0.32558139534883723, "P(D = R < -1% | E = R > 1%)": 0.7045454545454546, "P(D = -1% <= R <= 0% | E = R > 1%)": 0.011363636363636364, "P(D = 0% < R <= 1% | E = R > 1%)": 0.03409090909090909, "P(D = R > 1% | E = R > 1%)": 0.25}