{"P(D = R < -1% | E = R < -1%)": 0.2111111111111111, "P(D = -1% <= R <= 0% | E = R < -1%)": 0.6888888888888889, "P(D = 0% < R <= 1% | E = R < -1%)": 0.0, "P(D = R > 1% | E = R < -1%)": 0.1, "P(D = R < -1% | E = -1% <= R <= 0%)": 0.04819277108433735, "P(D = -1% <= R <= 0% | E = -1% <= R <= 0%)": 0.9036144578313253, "P(D = 0% < R <= 1% | E = -1% <= R <= 0%)": 0.0, "P(D = R > 1% | E = -1% <= R <= 0%)": 0.04819277108433735, "P(D = R < -1% | E = 0% < R <= 1%)": 0.07, "P(D = -1% <= R <= 0% | E = 0% < R <= 1%)": 0.82, "P(D = 0% < R <= 1% | E = 0% < R <= 1%)": 0.0, "P(D = R > 1% | E = 0% < R <= 1%)": 0.11, "P(D = R < -1% | E = R > 1%)": 0.04597701149425287, "P(D = -1% <= R <= 0% | E = R > 1%)": 0.5747126436781609, "P(D = 0% < R <= 1% | E = R > 1%)": 0.0, "P(D = R > 1% | E = R > 1%)": 0.3793103448275862}