{"P(D = R < -1% | E = R < -1%)": 0.176, "P(D = -1% <= R <= 0% | E = R < -1%)": 0.584, "P(D = 0% < R <= 1% | E = R < -1%)": 0.2, "P(D = R > 1% | E = R < -1%)": 0.04, "P(D = R < -1% | E = -1% <= R <= 0%)": 0.045845272206303724, "P(D = -1% <= R <= 0% | E = -1% <= R <= 0%)": 0.7765042979942693, "P(D = 0% < R <= 1% | E = -1% <= R <= 0%)": 0.166189111747851, "P(D = R > 1% | E = -1% <= R <= 0%)": 0.011461318051575931, "P(D = R < -1% | E = 0% < R <= 1%)": 0.036065573770491806, "P(D = -1% <= R <= 0% | E = 0% < R <= 1%)": 0.6360655737704918, "P(D = 0% < R <= 1% | E = 0% < R <= 1%)": 0.2983606557377049, "P(D = R > 1% | E = 0% < R <= 1%)": 0.029508196721311476, "P(D = R < -1% | E = R > 1%)": 0.11570247933884298, "P(D = -1% <= R <= 0% | E = R > 1%)": 0.4380165289256198, "P(D = 0% < R <= 1% | E = R > 1%)": 0.3140495867768595, "P(D = R > 1% | E = R > 1%)": 0.1322314049586777}