{"P(D = R < -1% | E = R < -1%)": 0.13392857142857142, "P(D = -1% <= R <= 0% | E = R < -1%)": 0.6517857142857143, "P(D = 0% < R <= 1% | E = R < -1%)": 0.16071428571428573, "P(D = R > 1% | E = R < -1%)": 0.05357142857142857, "P(D = R < -1% | E = -1% <= R <= 0%)": 0.028985507246376812, "P(D = -1% <= R <= 0% | E = -1% <= R <= 0%)": 0.677536231884058, "P(D = 0% < R <= 1% | E = -1% <= R <= 0%)": 0.25, "P(D = R > 1% | E = -1% <= R <= 0%)": 0.043478260869565216, "P(D = R < -1% | E = 0% < R <= 1%)": 0.04184100418410042, "P(D = -1% <= R <= 0% | E = 0% < R <= 1%)": 0.4435146443514644, "P(D = 0% < R <= 1% | E = 0% < R <= 1%)": 0.4602510460251046, "P(D = R > 1% | E = 0% < R <= 1%)": 0.05439330543933055, "P(D = R < -1% | E = R > 1%)": 0.04040404040404041, "P(D = -1% <= R <= 0% | E = R > 1%)": 0.29292929292929293, "P(D = 0% < R <= 1% | E = R > 1%)": 0.45454545454545453, "P(D = R > 1% | E = R > 1%)": 0.21212121212121213}