{"P(D = R < -1% | E = R < -1%)": 0.13953488372093023, "P(D = -1% <= R <= 0% | E = R < -1%)": 0.4796511627906977, "P(D = 0% < R <= 1% | E = R < -1%)": 0.35755813953488375, "P(D = R > 1% | E = R < -1%)": 0.023255813953488372, "P(D = R < -1% | E = -1% <= R <= 0%)": 0.03789836347975883, "P(D = -1% <= R <= 0% | E = -1% <= R <= 0%)": 0.4763135228251507, "P(D = 0% < R <= 1% | E = -1% <= R <= 0%)": 0.47114556416882, "P(D = R > 1% | E = -1% <= R <= 0%)": 0.014642549526270457, "P(D = R < -1% | E = 0% < R <= 1%)": 0.020114942528735632, "P(D = -1% <= R <= 0% | E = 0% < R <= 1%)": 0.4061302681992337, "P(D = 0% < R <= 1% | E = 0% < R <= 1%)": 0.5488505747126436, "P(D = R > 1% | E = 0% < R <= 1%)": 0.02490421455938697, "P(D = R < -1% | E = R > 1%)": 0.05483028720626632, "P(D = -1% <= R <= 0% | E = R > 1%)": 0.412532637075718, "P(D = 0% < R <= 1% | E = R > 1%)": 0.4412532637075718, "P(D = R > 1% | E = R > 1%)": 0.09138381201044386}