{"P(D = R < -1% | E = R < -1%)": 0.3845521774856204, "P(D = -1% <= R <= 0% | E = R < -1%)": 0.4979457682826623, "P(D = 0% < R <= 1% | E = R < -1%)": 0.0, "P(D = R > 1% | E = R < -1%)": 0.11750205423171733, "P(D = R < -1% | E = -1% <= R <= 0%)": 0.23318872017353579, "P(D = -1% <= R <= 0% | E = -1% <= R <= 0%)": 0.6648590021691974, "P(D = 0% < R <= 1% | E = -1% <= R <= 0%)": 0.0, "P(D = R > 1% | E = -1% <= R <= 0%)": 0.1019522776572668, "P(D = R < -1% | E = 0% < R <= 1%)": 0.1859375, "P(D = -1% <= R <= 0% | E = 0% < R <= 1%)": 0.66875, "P(D = 0% < R <= 1% | E = 0% < R <= 1%)": 0.0, "P(D = R > 1% | E = 0% < R <= 1%)": 0.1453125, "P(D = R < -1% | E = R > 1%)": 0.22117202268431002, "P(D = -1% <= R <= 0% | E = R > 1%)": 0.5293005671077504, "P(D = 0% < R <= 1% | E = R > 1%)": 0.0, "P(D = R > 1% | E = R > 1%)": 0.2495274102079395}