{"P(D = R < -1% | E = R < -1%)": 0.7384615384615385, "P(D = -1% <= R <= 0% | E = R < -1%)": 0.023076923076923078, "P(D = 0% < R <= 1% | E = R < -1%)": 0.0, "P(D = R > 1% | E = R < -1%)": 0.23846153846153847, "P(D = R < -1% | E = -1% <= R <= 0%)": 0.7105263157894737, "P(D = -1% <= R <= 0% | E = -1% <= R <= 0%)": 0.013157894736842105, "P(D = 0% < R <= 1% | E = -1% <= R <= 0%)": 0.0, "P(D = R > 1% | E = -1% <= R <= 0%)": 0.27631578947368424, "P(D = R < -1% | E = 0% < R <= 1%)": 0.7058823529411765, "P(D = -1% <= R <= 0% | E = 0% < R <= 1%)": 0.0, "P(D = 0% < R <= 1% | E = 0% < R <= 1%)": 0.0, "P(D = R > 1% | E = 0% < R <= 1%)": 0.29411764705882354, "P(D = R < -1% | E = R > 1%)": 0.5384615384615384, "P(D = -1% <= R <= 0% | E = R > 1%)": 0.03076923076923077, "P(D = 0% < R <= 1% | E = R > 1%)": 0.0, "P(D = R > 1% | E = R > 1%)": 0.4307692307692308}