{"P(D = R < -1% | E = R < -1%)": 0.07846715328467153, "P(D = -1% <= R <= 0% | E = R < -1%)": 0.8047445255474452, "P(D = 0% < R <= 1% | E = R < -1%)": 0.0, "P(D = R > 1% | E = R < -1%)": 0.11678832116788321, "P(D = R < -1% | E = -1% <= R <= 0%)": 0.052132701421800945, "P(D = -1% <= R <= 0% | E = -1% <= R <= 0%)": 0.8546603475513428, "P(D = 0% < R <= 1% | E = -1% <= R <= 0%)": 0.0, "P(D = R > 1% | E = -1% <= R <= 0%)": 0.09320695102685624, "P(D = R < -1% | E = 0% < R <= 1%)": 0.0738255033557047, "P(D = -1% <= R <= 0% | E = 0% < R <= 1%)": 0.802013422818792, "P(D = 0% < R <= 1% | E = 0% < R <= 1%)": 0.0, "P(D = R > 1% | E = 0% < R <= 1%)": 0.12416107382550336, "P(D = R < -1% | E = R > 1%)": 0.05128205128205128, "P(D = -1% <= R <= 0% | E = R > 1%)": 0.7299145299145299, "P(D = 0% < R <= 1% | E = R > 1%)": 0.0, "P(D = R > 1% | E = R > 1%)": 0.2188034188034188}