{"P(D = R < -1% | E = R < -1%)": 0.430939226519337, "P(D = -1% <= R <= 0% | E = R < -1%)": 0.1445672191528545, "P(D = 0% < R <= 1% | E = R < -1%)": 0.0, "P(D = R > 1% | E = R < -1%)": 0.4244935543278085, "P(D = R < -1% | E = -1% <= R <= 0%)": 0.30903155603917304, "P(D = -1% <= R <= 0% | E = -1% <= R <= 0%)": 0.13166485310119697, "P(D = 0% < R <= 1% | E = -1% <= R <= 0%)": 0.0, "P(D = R > 1% | E = -1% <= R <= 0%)": 0.55930359085963, "P(D = R < -1% | E = 0% < R <= 1%)": 0.26889714993804215, "P(D = -1% <= R <= 0% | E = 0% < R <= 1%)": 0.11648079306071871, "P(D = 0% < R <= 1% | E = 0% < R <= 1%)": 0.0, "P(D = R > 1% | E = 0% < R <= 1%)": 0.6146220570012392, "P(D = R < -1% | E = R > 1%)": 0.30864197530864196, "P(D = -1% <= R <= 0% | E = R > 1%)": 0.11199294532627865, "P(D = 0% < R <= 1% | E = R > 1%)": 0.0, "P(D = R > 1% | E = R > 1%)": 0.5793650793650794}