{"P(D = R < -1% | E = R < -1%)": 0.3065953654188948, "P(D = -1% <= R <= 0% | E = R < -1%)": 0.5900178253119429, "P(D = 0% < R <= 1% | E = R < -1%)": 0.0, "P(D = R > 1% | E = R < -1%)": 0.10338680926916222, "P(D = R < -1% | E = -1% <= R <= 0%)": 0.13097713097713098, "P(D = -1% <= R <= 0% | E = -1% <= R <= 0%)": 0.7505197505197505, "P(D = 0% < R <= 1% | E = -1% <= R <= 0%)": 0.0, "P(D = R > 1% | E = -1% <= R <= 0%)": 0.11850311850311851, "P(D = R < -1% | E = 0% < R <= 1%)": 0.12222222222222222, "P(D = -1% <= R <= 0% | E = 0% < R <= 1%)": 0.7555555555555555, "P(D = 0% < R <= 1% | E = 0% < R <= 1%)": 0.0, "P(D = R > 1% | E = 0% < R <= 1%)": 0.12222222222222222, "P(D = R < -1% | E = R > 1%)": 0.17077798861480076, "P(D = -1% <= R <= 0% | E = R > 1%)": 0.6299810246679317, "P(D = 0% < R <= 1% | E = R > 1%)": 0.0, "P(D = R > 1% | E = R > 1%)": 0.19924098671726756}