{"P(D = R < -1% | E = R < -1%)": 0.6965944272445821, "P(D = -1% <= R <= 0% | E = R < -1%)": 0.006191950464396285, "P(D = 0% < R <= 1% | E = R < -1%)": 0.0030959752321981426, "P(D = R > 1% | E = R < -1%)": 0.29411764705882354, "P(D = R < -1% | E = -1% <= R <= 0%)": 0.6086956521739131, "P(D = -1% <= R <= 0% | E = -1% <= R <= 0%)": 0.02608695652173913, "P(D = 0% < R <= 1% | E = -1% <= R <= 0%)": 0.034782608695652174, "P(D = R > 1% | E = -1% <= R <= 0%)": 0.33043478260869563, "P(D = R < -1% | E = 0% < R <= 1%)": 0.5121951219512195, "P(D = -1% <= R <= 0% | E = 0% < R <= 1%)": 0.012195121951219513, "P(D = 0% < R <= 1% | E = 0% < R <= 1%)": 0.036585365853658534, "P(D = R > 1% | E = 0% < R <= 1%)": 0.43902439024390244, "P(D = R < -1% | E = R > 1%)": 0.5267175572519084, "P(D = -1% <= R <= 0% | E = R > 1%)": 0.003816793893129771, "P(D = 0% < R <= 1% | E = R > 1%)": 0.007633587786259542, "P(D = R > 1% | E = R > 1%)": 0.4618320610687023}