{"P(D = R < -1% | E = R < -1%)": 0.4845890410958904, "P(D = -1% <= R <= 0% | E = R < -1%)": 0.2208904109589041, "P(D = 0% < R <= 1% | E = R < -1%)": 0.0, "P(D = R > 1% | E = R < -1%)": 0.2945205479452055, "P(D = R < -1% | E = -1% <= R <= 0%)": 0.17416829745596868, "P(D = -1% <= R <= 0% | E = -1% <= R <= 0%)": 0.5812133072407045, "P(D = 0% < R <= 1% | E = -1% <= R <= 0%)": 0.0, "P(D = R > 1% | E = -1% <= R <= 0%)": 0.2446183953033268, "P(D = R < -1% | E = 0% < R <= 1%)": 0.33620689655172414, "P(D = -1% <= R <= 0% | E = 0% < R <= 1%)": 0.22413793103448276, "P(D = 0% < R <= 1% | E = 0% < R <= 1%)": 0.0, "P(D = R > 1% | E = 0% < R <= 1%)": 0.4396551724137931, "P(D = R < -1% | E = R > 1%)": 0.2441860465116279, "P(D = -1% <= R <= 0% | E = R > 1%)": 0.2441860465116279, "P(D = 0% < R <= 1% | E = R > 1%)": 0.0, "P(D = R > 1% | E = R > 1%)": 0.5116279069767442}