{"P(D = R < -1% | E = R < -1%)": 0.18711656441717792, "P(D = -1% <= R <= 0% | E = R < -1%)": 0.7024539877300614, "P(D = 0% < R <= 1% | E = R < -1%)": 0.027607361963190184, "P(D = R > 1% | E = R < -1%)": 0.08282208588957055, "P(D = R < -1% | E = -1% <= R <= 0%)": 0.05772811918063315, "P(D = -1% <= R <= 0% | E = -1% <= R <= 0%)": 0.8659217877094972, "P(D = 0% < R <= 1% | E = -1% <= R <= 0%)": 0.00558659217877095, "P(D = R > 1% | E = -1% <= R <= 0%)": 0.07076350093109869, "P(D = R < -1% | E = 0% < R <= 1%)": 0.02207505518763797, "P(D = -1% <= R <= 0% | E = 0% < R <= 1%)": 0.8543046357615894, "P(D = 0% < R <= 1% | E = 0% < R <= 1%)": 0.02207505518763797, "P(D = R > 1% | E = 0% < R <= 1%)": 0.10154525386313466, "P(D = R < -1% | E = R > 1%)": 0.06571428571428571, "P(D = -1% <= R <= 0% | E = R > 1%)": 0.6514285714285715, "P(D = 0% < R <= 1% | E = R > 1%)": 0.008571428571428572, "P(D = R > 1% | E = R > 1%)": 0.2742857142857143}