{"P(D = R < -1% | E = R < -1%)": 0.16701461377870563, "P(D = -1% <= R <= 0% | E = R < -1%)": 0.7390396659707724, "P(D = 0% < R <= 1% | E = R < -1%)": 0.0, "P(D = R > 1% | E = R < -1%)": 0.09394572025052192, "P(D = R < -1% | E = -1% <= R <= 0%)": 0.1069182389937107, "P(D = -1% <= R <= 0% | E = -1% <= R <= 0%)": 0.8197064989517819, "P(D = 0% < R <= 1% | E = -1% <= R <= 0%)": 0.0, "P(D = R > 1% | E = -1% <= R <= 0%)": 0.07337526205450734, "P(D = R < -1% | E = 0% < R <= 1%)": 0.07169811320754717, "P(D = -1% <= R <= 0% | E = 0% < R <= 1%)": 0.8566037735849057, "P(D = 0% < R <= 1% | E = 0% < R <= 1%)": 0.0, "P(D = R > 1% | E = 0% < R <= 1%)": 0.07169811320754717, "P(D = R < -1% | E = R > 1%)": 0.08860759493670886, "P(D = -1% <= R <= 0% | E = R > 1%)": 0.6860759493670886, "P(D = 0% < R <= 1% | E = R > 1%)": 0.0, "P(D = R > 1% | E = R > 1%)": 0.22531645569620254}