{"P(D = R < -1% | E = R < -1%)": 0.0, "P(D = -1% <= R <= 0% | E = R < -1%)": 0.9411764705882353, "P(D = 0% < R <= 1% | E = R < -1%)": 0.029411764705882353, "P(D = R > 1% | E = R < -1%)": 0.029411764705882353, "P(D = R < -1% | E = -1% <= R <= 0%)": 0.0, "P(D = -1% <= R <= 0% | E = -1% <= R <= 0%)": 0.9157894736842105, "P(D = 0% < R <= 1% | E = -1% <= R <= 0%)": 0.07368421052631578, "P(D = R > 1% | E = -1% <= R <= 0%)": 0.010526315789473684, "P(D = R < -1% | E = 0% < R <= 1%)": 0.0, "P(D = -1% <= R <= 0% | E = 0% < R <= 1%)": 0.8181818181818182, "P(D = 0% < R <= 1% | E = 0% < R <= 1%)": 0.06818181818181818, "P(D = R > 1% | E = 0% < R <= 1%)": 0.11363636363636363, "P(D = R < -1% | E = R > 1%)": 0.0, "P(D = -1% <= R <= 0% | E = R > 1%)": 0.5, "P(D = 0% < R <= 1% | E = R > 1%)": 0.21428571428571427, "P(D = R > 1% | E = R > 1%)": 0.2857142857142857}