{"P(D = R < -1% | E = R < -1%)": 0.22903225806451613, "P(D = -1% <= R <= 0% | E = R < -1%)": 0.6258064516129033, "P(D = 0% < R <= 1% | E = R < -1%)": 0.10161290322580645, "P(D = R > 1% | E = R < -1%)": 0.043548387096774194, "P(D = R < -1% | E = -1% <= R <= 0%)": 0.04935767410412441, "P(D = -1% <= R <= 0% | E = -1% <= R <= 0%)": 0.8242055442866801, "P(D = 0% < R <= 1% | E = -1% <= R <= 0%)": 0.0872210953346856, "P(D = R > 1% | E = -1% <= R <= 0%)": 0.0392156862745098, "P(D = R < -1% | E = 0% < R <= 1%)": 0.04490106544901065, "P(D = -1% <= R <= 0% | E = 0% < R <= 1%)": 0.784627092846271, "P(D = 0% < R <= 1% | E = 0% < R <= 1%)": 0.1324200913242009, "P(D = R > 1% | E = 0% < R <= 1%)": 0.0380517503805175, "P(D = R < -1% | E = R > 1%)": 0.09924812030075188, "P(D = -1% <= R <= 0% | E = R > 1%)": 0.6225563909774436, "P(D = 0% < R <= 1% | E = R > 1%)": 0.18345864661654135, "P(D = R > 1% | E = R > 1%)": 0.09473684210526316}