{"P(D = R < -1% | E = R < -1%)": 0.0, "P(D = -1% <= R <= 0% | E = R < -1%)": 0.6, "P(D = 0% < R <= 1% | E = R < -1%)": 0.4, "P(D = R > 1% | E = R < -1%)": 0.0, "P(D = R < -1% | E = -1% <= R <= 0%)": 0.0, "P(D = -1% <= R <= 0% | E = -1% <= R <= 0%)": 0.8035714285714286, "P(D = 0% < R <= 1% | E = -1% <= R <= 0%)": 0.19642857142857142, "P(D = R > 1% | E = -1% <= R <= 0%)": 0.0, "P(D = R < -1% | E = 0% < R <= 1%)": 0.0, "P(D = -1% <= R <= 0% | E = 0% < R <= 1%)": 0.6043956043956044, "P(D = 0% < R <= 1% | E = 0% < R <= 1%)": 0.3956043956043956, "P(D = R > 1% | E = 0% < R <= 1%)": 0.0, "P(D = R < -1% | E = R > 1%)": 0.0, "P(D = -1% <= R <= 0% | E = R > 1%)": 1.0, "P(D = 0% < R <= 1% | E = R > 1%)": 0.0, "P(D = R > 1% | E = R > 1%)": 0.0}