{"P(D = R < -1% | E = R < -1%)": 0.5517241379310345, "P(D = -1% <= R <= 0% | E = R < -1%)": 0.0, "P(D = 0% < R <= 1% | E = R < -1%)": 0.0, "P(D = R > 1% | E = R < -1%)": 0.4482758620689655, "P(D = R < -1% | E = -1% <= R <= 0%)": 0.4117647058823529, "P(D = -1% <= R <= 0% | E = -1% <= R <= 0%)": 0.0, "P(D = 0% < R <= 1% | E = -1% <= R <= 0%)": 0.0, "P(D = R > 1% | E = -1% <= R <= 0%)": 0.5882352941176471, "P(D = R < -1% | E = 0% < R <= 1%)": 0, "P(D = -1% <= R <= 0% | E = 0% < R <= 1%)": 0, "P(D = 0% < R <= 1% | E = 0% < R <= 1%)": 0, "P(D = R > 1% | E = 0% < R <= 1%)": 0, "P(D = R < -1% | E = R > 1%)": 0.33078880407124683, "P(D = -1% <= R <= 0% | E = R > 1%)": 0.0, "P(D = 0% < R <= 1% | E = R > 1%)": 0.0, "P(D = R > 1% | E = R > 1%)": 0.6692111959287532}