{"P(D = R < -1% | E = R < -1%)": 0.5060975609756098, "P(D = -1% <= R <= 0% | E = R < -1%)": 0.0, "P(D = 0% < R <= 1% | E = R < -1%)": 0.0, "P(D = R > 1% | E = R < -1%)": 0.49390243902439024, "P(D = R < -1% | E = -1% <= R <= 0%)": 0.48484848484848486, "P(D = -1% <= R <= 0% | E = -1% <= R <= 0%)": 0.0, "P(D = 0% < R <= 1% | E = -1% <= R <= 0%)": 0.0, "P(D = R > 1% | E = -1% <= R <= 0%)": 0.5151515151515151, "P(D = R < -1% | E = 0% < R <= 1%)": 0.375, "P(D = -1% <= R <= 0% | E = 0% < R <= 1%)": 0.0, "P(D = 0% < R <= 1% | E = 0% < R <= 1%)": 0.015625, "P(D = R > 1% | E = 0% < R <= 1%)": 0.609375, "P(D = R < -1% | E = R > 1%)": 0.37735849056603776, "P(D = -1% <= R <= 0% | E = R > 1%)": 0.0, "P(D = 0% < R <= 1% | E = R > 1%)": 0.006289308176100629, "P(D = R > 1% | E = R > 1%)": 0.6163522012578616}