{"P(D = R < -1% | E = R < -1%)": 0.06060606060606061, "P(D = -1% <= R <= 0% | E = R < -1%)": 0.9242424242424242, "P(D = 0% < R <= 1% | E = R < -1%)": 0.0, "P(D = R > 1% | E = R < -1%)": 0.015151515151515152, "P(D = R < -1% | E = -1% <= R <= 0%)": 0.021739130434782608, "P(D = -1% <= R <= 0% | E = -1% <= R <= 0%)": 0.9492753623188406, "P(D = 0% < R <= 1% | E = -1% <= R <= 0%)": 0.0, "P(D = R > 1% | E = -1% <= R <= 0%)": 0.028985507246376812, "P(D = R < -1% | E = 0% < R <= 1%)": 0.024096385542168676, "P(D = -1% <= R <= 0% | E = 0% < R <= 1%)": 0.8433734939759037, "P(D = 0% < R <= 1% | E = 0% < R <= 1%)": 0.0, "P(D = R > 1% | E = 0% < R <= 1%)": 0.13253012048192772, "P(D = R < -1% | E = R > 1%)": 0.015873015873015872, "P(D = -1% <= R <= 0% | E = R > 1%)": 0.5714285714285714, "P(D = 0% < R <= 1% | E = R > 1%)": 0.0, "P(D = R > 1% | E = R > 1%)": 0.4126984126984127}