{"P(D = R < -1% | E = R < -1%)": 0.0, "P(D = -1% <= R <= 0% | E = R < -1%)": 0.9523809523809523, "P(D = 0% < R <= 1% | E = R < -1%)": 0.047619047619047616, "P(D = R > 1% | E = R < -1%)": 0.0, "P(D = R < -1% | E = -1% <= R <= 0%)": 0.0, "P(D = -1% <= R <= 0% | E = -1% <= R <= 0%)": 0.9626865671641791, "P(D = 0% < R <= 1% | E = -1% <= R <= 0%)": 0.029850746268656716, "P(D = R > 1% | E = -1% <= R <= 0%)": 0.007462686567164179, "P(D = R < -1% | E = 0% < R <= 1%)": 0.0, "P(D = -1% <= R <= 0% | E = 0% < R <= 1%)": 0.8, "P(D = 0% < R <= 1% | E = 0% < R <= 1%)": 0.2, "P(D = R > 1% | E = 0% < R <= 1%)": 0.0, "P(D = R < -1% | E = R > 1%)": 0.0, "P(D = -1% <= R <= 0% | E = R > 1%)": 0.5, "P(D = 0% < R <= 1% | E = R > 1%)": 0.038461538461538464, "P(D = R > 1% | E = R > 1%)": 0.46153846153846156}