{"P(D = R < -1% | E = R < -1%)": 0.2873134328358209, "P(D = -1% <= R <= 0% | E = R < -1%)": 0.5522388059701493, "P(D = 0% < R <= 1% | E = R < -1%)": 0.0, "P(D = R > 1% | E = R < -1%)": 0.16044776119402984, "P(D = R < -1% | E = -1% <= R <= 0%)": 0.12826603325415678, "P(D = -1% <= R <= 0% | E = -1% <= R <= 0%)": 0.7030878859857482, "P(D = 0% < R <= 1% | E = -1% <= R <= 0%)": 0.0, "P(D = R > 1% | E = -1% <= R <= 0%)": 0.16864608076009502, "P(D = R < -1% | E = 0% < R <= 1%)": 0.13993174061433447, "P(D = -1% <= R <= 0% | E = 0% < R <= 1%)": 0.6348122866894198, "P(D = 0% < R <= 1% | E = 0% < R <= 1%)": 0.0, "P(D = R > 1% | E = 0% < R <= 1%)": 0.22525597269624573, "P(D = R < -1% | E = R > 1%)": 0.14152700186219738, "P(D = -1% <= R <= 0% | E = R > 1%)": 0.5195530726256983, "P(D = 0% < R <= 1% | E = R > 1%)": 0.0, "P(D = R > 1% | E = R > 1%)": 0.33891992551210426}