{"P(D = R < -1% | E = R < -1%)": 0.35873472322070454, "P(D = -1% <= R <= 0% | E = R < -1%)": 0.41912293314162474, "P(D = 0% < R <= 1% | E = R < -1%)": 0.0, "P(D = R > 1% | E = R < -1%)": 0.22214234363767074, "P(D = R < -1% | E = -1% <= R <= 0%)": 0.16924398625429554, "P(D = -1% <= R <= 0% | E = -1% <= R <= 0%)": 0.5902061855670103, "P(D = 0% < R <= 1% | E = -1% <= R <= 0%)": 0.0, "P(D = R > 1% | E = -1% <= R <= 0%)": 0.24054982817869416, "P(D = R < -1% | E = 0% < R <= 1%)": 0.12421052631578948, "P(D = -1% <= R <= 0% | E = 0% < R <= 1%)": 0.5778947368421052, "P(D = 0% < R <= 1% | E = 0% < R <= 1%)": 0.0, "P(D = R > 1% | E = 0% < R <= 1%)": 0.29789473684210527, "P(D = R < -1% | E = R > 1%)": 0.1643646408839779, "P(D = -1% <= R <= 0% | E = R > 1%)": 0.4046961325966851, "P(D = 0% < R <= 1% | E = R > 1%)": 0.0, "P(D = R > 1% | E = R > 1%)": 0.430939226519337}