{"P(D = R < -1% | E = R < -1%)": 0.7470664928292047, "P(D = -1% <= R <= 0% | E = R < -1%)": 0.011734028683181226, "P(D = 0% < R <= 1% | E = R < -1%)": 0.0, "P(D = R > 1% | E = R < -1%)": 0.24119947848761408, "P(D = R < -1% | E = -1% <= R <= 0%)": 0.6721611721611722, "P(D = -1% <= R <= 0% | E = -1% <= R <= 0%)": 0.005494505494505495, "P(D = 0% < R <= 1% | E = -1% <= R <= 0%)": 0.0, "P(D = R > 1% | E = -1% <= R <= 0%)": 0.32234432234432236, "P(D = R < -1% | E = 0% < R <= 1%)": 0.6819923371647509, "P(D = -1% <= R <= 0% | E = 0% < R <= 1%)": 0.0038314176245210726, "P(D = 0% < R <= 1% | E = 0% < R <= 1%)": 0.0, "P(D = R > 1% | E = 0% < R <= 1%)": 0.31417624521072796, "P(D = R < -1% | E = R > 1%)": 0.5198973042362003, "P(D = -1% <= R <= 0% | E = R > 1%)": 0.005134788189987163, "P(D = 0% < R <= 1% | E = R > 1%)": 0.0, "P(D = R > 1% | E = R > 1%)": 0.4749679075738126}