{"P(D = R < -1% | E = R < -1%)": 0.8548387096774194, "P(D = -1% <= R <= 0% | E = R < -1%)": 0.0, "P(D = 0% < R <= 1% | E = R < -1%)": 0.0, "P(D = R > 1% | E = R < -1%)": 0.14516129032258066, "P(D = R < -1% | E = -1% <= R <= 0%)": 0.7435897435897436, "P(D = -1% <= R <= 0% | E = -1% <= R <= 0%)": 0.02564102564102564, "P(D = 0% < R <= 1% | E = -1% <= R <= 0%)": 0.0, "P(D = R > 1% | E = -1% <= R <= 0%)": 0.23076923076923078, "P(D = R < -1% | E = 0% < R <= 1%)": 0.7272727272727273, "P(D = -1% <= R <= 0% | E = 0% < R <= 1%)": 0.0, "P(D = 0% < R <= 1% | E = 0% < R <= 1%)": 0.0, "P(D = R > 1% | E = 0% < R <= 1%)": 0.2727272727272727, "P(D = R < -1% | E = R > 1%)": 0.46551724137931033, "P(D = -1% <= R <= 0% | E = R > 1%)": 0.017241379310344827, "P(D = 0% < R <= 1% | E = R > 1%)": 0.0, "P(D = R > 1% | E = R > 1%)": 0.5172413793103449}