{"P(D = R < -1% | E = R < -1%)": 0.7848101265822784, "P(D = -1% <= R <= 0% | E = R < -1%)": 0.0, "P(D = 0% < R <= 1% | E = R < -1%)": 0.08860759493670886, "P(D = R > 1% | E = R < -1%)": 0.12658227848101267, "P(D = R < -1% | E = -1% <= R <= 0%)": 0.6486486486486487, "P(D = -1% <= R <= 0% | E = -1% <= R <= 0%)": 0.02702702702702703, "P(D = 0% < R <= 1% | E = -1% <= R <= 0%)": 0.21621621621621623, "P(D = R > 1% | E = -1% <= R <= 0%)": 0.10810810810810811, "P(D = R < -1% | E = 0% < R <= 1%)": 0.6382978723404256, "P(D = -1% <= R <= 0% | E = 0% < R <= 1%)": 0.0, "P(D = 0% < R <= 1% | E = 0% < R <= 1%)": 0.2765957446808511, "P(D = R > 1% | E = 0% < R <= 1%)": 0.0851063829787234, "P(D = R < -1% | E = R > 1%)": 0.59375, "P(D = -1% <= R <= 0% | E = R > 1%)": 0.0, "P(D = 0% < R <= 1% | E = R > 1%)": 0.171875, "P(D = R > 1% | E = R > 1%)": 0.234375}