{"P(D = R < -1% | E = R < -1%)": 0.1144578313253012, "P(D = -1% <= R <= 0% | E = R < -1%)": 0.28313253012048195, "P(D = 0% < R <= 1% | E = R < -1%)": 0.0, "P(D = R > 1% | E = R < -1%)": 0.6024096385542169, "P(D = R < -1% | E = -1% <= R <= 0%)": 0.0335195530726257, "P(D = -1% <= R <= 0% | E = -1% <= R <= 0%)": 0.329608938547486, "P(D = 0% < R <= 1% | E = -1% <= R <= 0%)": 0.0, "P(D = R > 1% | E = -1% <= R <= 0%)": 0.6368715083798883, "P(D = R < -1% | E = 0% < R <= 1%)": 0.08620689655172414, "P(D = -1% <= R <= 0% | E = 0% < R <= 1%)": 0.22413793103448276, "P(D = 0% < R <= 1% | E = 0% < R <= 1%)": 0.0, "P(D = R > 1% | E = 0% < R <= 1%)": 0.6896551724137931, "P(D = R < -1% | E = R > 1%)": 0.0861244019138756, "P(D = -1% <= R <= 0% | E = R > 1%)": 0.20574162679425836, "P(D = 0% < R <= 1% | E = R > 1%)": 0.0, "P(D = R > 1% | E = R > 1%)": 0.7081339712918661}