{"P(D = R < -1% | E = R < -1%)": 0.8132530120481928, "P(D = -1% <= R <= 0% | E = R < -1%)": 0.0, "P(D = 0% < R <= 1% | E = R < -1%)": 0.006024096385542169, "P(D = R > 1% | E = R < -1%)": 0.18072289156626506, "P(D = R < -1% | E = -1% <= R <= 0%)": 0.7, "P(D = -1% <= R <= 0% | E = -1% <= R <= 0%)": 0.0, "P(D = 0% < R <= 1% | E = -1% <= R <= 0%)": 0.03333333333333333, "P(D = R > 1% | E = -1% <= R <= 0%)": 0.26666666666666666, "P(D = R < -1% | E = 0% < R <= 1%)": 0.6216216216216216, "P(D = -1% <= R <= 0% | E = 0% < R <= 1%)": 0.0, "P(D = 0% < R <= 1% | E = 0% < R <= 1%)": 0.10810810810810811, "P(D = R > 1% | E = 0% < R <= 1%)": 0.2702702702702703, "P(D = R < -1% | E = R > 1%)": 0.647887323943662, "P(D = -1% <= R <= 0% | E = R > 1%)": 0.0, "P(D = 0% < R <= 1% | E = R > 1%)": 0.014084507042253521, "P(D = R > 1% | E = R > 1%)": 0.3380281690140845}