{"P(D = R < -1% | E = R < -1%)": 0.32075471698113206, "P(D = -1% <= R <= 0% | E = R < -1%)": 0.19811320754716982, "P(D = 0% < R <= 1% | E = R < -1%)": 0.0, "P(D = R > 1% | E = R < -1%)": 0.4811320754716981, "P(D = R < -1% | E = -1% <= R <= 0%)": 0.11604095563139932, "P(D = -1% <= R <= 0% | E = -1% <= R <= 0%)": 0.4232081911262799, "P(D = 0% < R <= 1% | E = -1% <= R <= 0%)": 0.0, "P(D = R > 1% | E = -1% <= R <= 0%)": 0.46075085324232085, "P(D = R < -1% | E = 0% < R <= 1%)": 0.12, "P(D = -1% <= R <= 0% | E = 0% < R <= 1%)": 0.336, "P(D = 0% < R <= 1% | E = 0% < R <= 1%)": 0.0, "P(D = R > 1% | E = 0% < R <= 1%)": 0.544, "P(D = R < -1% | E = R > 1%)": 0.16816816816816818, "P(D = -1% <= R <= 0% | E = R > 1%)": 0.1891891891891892, "P(D = 0% < R <= 1% | E = R > 1%)": 0.0, "P(D = R > 1% | E = R > 1%)": 0.6426426426426426}