{"P(D = R < -1% | E = R < -1%)": 0.8589743589743589, "P(D = -1% <= R <= 0% | E = R < -1%)": 0.0, "P(D = 0% < R <= 1% | E = R < -1%)": 0.038461538461538464, "P(D = R > 1% | E = R < -1%)": 0.10256410256410256, "P(D = R < -1% | E = -1% <= R <= 0%)": 0.7857142857142857, "P(D = -1% <= R <= 0% | E = -1% <= R <= 0%)": 0.0, "P(D = 0% < R <= 1% | E = -1% <= R <= 0%)": 0.047619047619047616, "P(D = R > 1% | E = -1% <= R <= 0%)": 0.16666666666666666, "P(D = R < -1% | E = 0% < R <= 1%)": 0.7142857142857143, "P(D = -1% <= R <= 0% | E = 0% < R <= 1%)": 0.0, "P(D = 0% < R <= 1% | E = 0% < R <= 1%)": 0.19047619047619047, "P(D = R > 1% | E = 0% < R <= 1%)": 0.09523809523809523, "P(D = R < -1% | E = R > 1%)": 0.7142857142857143, "P(D = -1% <= R <= 0% | E = R > 1%)": 0.0, "P(D = 0% < R <= 1% | E = R > 1%)": 0.047619047619047616, "P(D = R > 1% | E = R > 1%)": 0.23809523809523808}