{"P(D = R < -1% | E = R < -1%)": 0.16, "P(D = -1% <= R <= 0% | E = R < -1%)": 0.82, "P(D = 0% < R <= 1% | E = R < -1%)": 0.01, "P(D = R > 1% | E = R < -1%)": 0.01, "P(D = R < -1% | E = -1% <= R <= 0%)": 0.05113636363636364, "P(D = -1% <= R <= 0% | E = -1% <= R <= 0%)": 0.8863636363636364, "P(D = 0% < R <= 1% | E = -1% <= R <= 0%)": 0.022727272727272728, "P(D = R > 1% | E = -1% <= R <= 0%)": 0.03977272727272727, "P(D = R < -1% | E = 0% < R <= 1%)": 0.02, "P(D = -1% <= R <= 0% | E = 0% < R <= 1%)": 0.83, "P(D = 0% < R <= 1% | E = 0% < R <= 1%)": 0.03, "P(D = R > 1% | E = 0% < R <= 1%)": 0.12, "P(D = R < -1% | E = R > 1%)": 0.010101010101010102, "P(D = -1% <= R <= 0% | E = R > 1%)": 0.5151515151515151, "P(D = 0% < R <= 1% | E = R > 1%)": 0.06060606060606061, "P(D = R > 1% | E = R > 1%)": 0.41414141414141414}