{"P(D = R < -1% | E = R < -1%)": 0.8193832599118943, "P(D = -1% <= R <= 0% | E = R < -1%)": 0.0, "P(D = 0% < R <= 1% | E = R < -1%)": 0.0, "P(D = R > 1% | E = R < -1%)": 0.18061674008810572, "P(D = R < -1% | E = -1% <= R <= 0%)": 0.7684210526315789, "P(D = -1% <= R <= 0% | E = -1% <= R <= 0%)": 0.015789473684210527, "P(D = 0% < R <= 1% | E = -1% <= R <= 0%)": 0.0, "P(D = R > 1% | E = -1% <= R <= 0%)": 0.21578947368421053, "P(D = R < -1% | E = 0% < R <= 1%)": 0.770949720670391, "P(D = -1% <= R <= 0% | E = 0% < R <= 1%)": 0.0111731843575419, "P(D = 0% < R <= 1% | E = 0% < R <= 1%)": 0.0, "P(D = R > 1% | E = 0% < R <= 1%)": 0.21787709497206703, "P(D = R < -1% | E = R > 1%)": 0.7227272727272728, "P(D = -1% <= R <= 0% | E = R > 1%)": 0.0, "P(D = 0% < R <= 1% | E = R > 1%)": 0.0, "P(D = R > 1% | E = R > 1%)": 0.2772727272727273}