{"P(D = R < -1% | E = R < -1%)": 0.2047244094488189, "P(D = -1% <= R <= 0% | E = R < -1%)": 0.3858267716535433, "P(D = 0% < R <= 1% | E = R < -1%)": 0.3937007874015748, "P(D = R > 1% | E = R < -1%)": 0.015748031496062992, "P(D = R < -1% | E = -1% <= R <= 0%)": 0.08181818181818182, "P(D = -1% <= R <= 0% | E = -1% <= R <= 0%)": 0.4772727272727273, "P(D = 0% < R <= 1% | E = -1% <= R <= 0%)": 0.41818181818181815, "P(D = R > 1% | E = -1% <= R <= 0%)": 0.022727272727272728, "P(D = R < -1% | E = 0% < R <= 1%)": 0.054187192118226604, "P(D = -1% <= R <= 0% | E = 0% < R <= 1%)": 0.32019704433497537, "P(D = 0% < R <= 1% | E = 0% < R <= 1%)": 0.5911330049261084, "P(D = R > 1% | E = 0% < R <= 1%)": 0.034482758620689655, "P(D = R < -1% | E = R > 1%)": 0.12389380530973451, "P(D = -1% <= R <= 0% | E = R > 1%)": 0.3274336283185841, "P(D = 0% < R <= 1% | E = R > 1%)": 0.4336283185840708, "P(D = R > 1% | E = R > 1%)": 0.11504424778761062}