{"P(D = R < -1% | E = R < -1%)": 0.2104089219330855, "P(D = -1% <= R <= 0% | E = R < -1%)": 0.5568773234200743, "P(D = 0% < R <= 1% | E = R < -1%)": 0.0, "P(D = R > 1% | E = R < -1%)": 0.23271375464684016, "P(D = R < -1% | E = -1% <= R <= 0%)": 0.14190871369294605, "P(D = -1% <= R <= 0% | E = -1% <= R <= 0%)": 0.6149377593360996, "P(D = 0% < R <= 1% | E = -1% <= R <= 0%)": 0.0, "P(D = R > 1% | E = -1% <= R <= 0%)": 0.24315352697095435, "P(D = R < -1% | E = 0% < R <= 1%)": 0.09854423292273236, "P(D = -1% <= R <= 0% | E = 0% < R <= 1%)": 0.6080627099664053, "P(D = 0% < R <= 1% | E = 0% < R <= 1%)": 0.0, "P(D = R > 1% | E = 0% < R <= 1%)": 0.2933930571108623, "P(D = R < -1% | E = R > 1%)": 0.10572390572390572, "P(D = -1% <= R <= 0% | E = R > 1%)": 0.5286195286195287, "P(D = 0% < R <= 1% | E = R > 1%)": 0.0, "P(D = R > 1% | E = R > 1%)": 0.3656565656565657}