{"P(D = R < -1% | E = R < -1%)": 0.06896551724137931, "P(D = -1% <= R <= 0% | E = R < -1%)": 0.5172413793103449, "P(D = 0% < R <= 1% | E = R < -1%)": 0.3103448275862069, "P(D = R > 1% | E = R < -1%)": 0.10344827586206896, "P(D = R < -1% | E = -1% <= R <= 0%)": 0.0, "P(D = -1% <= R <= 0% | E = -1% <= R <= 0%)": 0.6746987951807228, "P(D = 0% < R <= 1% | E = -1% <= R <= 0%)": 0.30120481927710846, "P(D = R > 1% | E = -1% <= R <= 0%)": 0.024096385542168676, "P(D = R < -1% | E = 0% < R <= 1%)": 0.0076045627376425855, "P(D = -1% <= R <= 0% | E = 0% < R <= 1%)": 0.41825095057034223, "P(D = 0% < R <= 1% | E = 0% < R <= 1%)": 0.5513307984790875, "P(D = R > 1% | E = 0% < R <= 1%)": 0.022813688212927757, "P(D = R < -1% | E = R > 1%)": 0.023809523809523808, "P(D = -1% <= R <= 0% | E = R > 1%)": 0.6428571428571429, "P(D = 0% < R <= 1% | E = R > 1%)": 0.16666666666666666, "P(D = R > 1% | E = R > 1%)": 0.16666666666666666}