{"P(D = R < -1% | E = R < -1%)": 0.17745535714285715, "P(D = -1% <= R <= 0% | E = R < -1%)": 0.40625, "P(D = 0% < R <= 1% | E = R < -1%)": 0.20200892857142858, "P(D = R > 1% | E = R < -1%)": 0.21428571428571427, "P(D = R < -1% | E = -1% <= R <= 0%)": 0.10755441741357234, "P(D = -1% <= R <= 0% | E = -1% <= R <= 0%)": 0.4827144686299616, "P(D = 0% < R <= 1% | E = -1% <= R <= 0%)": 0.24327784891165172, "P(D = R > 1% | E = -1% <= R <= 0%)": 0.16645326504481434, "P(D = R < -1% | E = 0% < R <= 1%)": 0.10612244897959183, "P(D = -1% <= R <= 0% | E = 0% < R <= 1%)": 0.4272108843537415, "P(D = 0% < R <= 1% | E = 0% < R <= 1%)": 0.29523809523809524, "P(D = R > 1% | E = 0% < R <= 1%)": 0.17142857142857143, "P(D = R < -1% | E = R > 1%)": 0.10520487264673312, "P(D = -1% <= R <= 0% | E = R > 1%)": 0.40420819490586934, "P(D = 0% < R <= 1% | E = R > 1%)": 0.2203765227021041, "P(D = R > 1% | E = R > 1%)": 0.2702104097452935}