{"P(D = R < -1% | E = R < -1%)": 0.14618973561430793, "P(D = -1% <= R <= 0% | E = R < -1%)": 0.614307931570762, "P(D = 0% < R <= 1% | E = R < -1%)": 0.0, "P(D = R > 1% | E = R < -1%)": 0.23950233281493002, "P(D = R < -1% | E = -1% <= R <= 0%)": 0.08288288288288288, "P(D = -1% <= R <= 0% | E = -1% <= R <= 0%)": 0.7117117117117117, "P(D = 0% < R <= 1% | E = -1% <= R <= 0%)": 0.0, "P(D = R > 1% | E = -1% <= R <= 0%)": 0.20540540540540542, "P(D = R < -1% | E = 0% < R <= 1%)": 0.076, "P(D = -1% <= R <= 0% | E = 0% < R <= 1%)": 0.648, "P(D = 0% < R <= 1% | E = 0% < R <= 1%)": 0.0, "P(D = R > 1% | E = 0% < R <= 1%)": 0.276, "P(D = R < -1% | E = R > 1%)": 0.08172362555720654, "P(D = -1% <= R <= 0% | E = R > 1%)": 0.424962852897474, "P(D = 0% < R <= 1% | E = R > 1%)": 0.0, "P(D = R > 1% | E = R > 1%)": 0.4933135215453195}