{"P(D = R < -1% | E = R < -1%)": 0.06218905472636816, "P(D = -1% <= R <= 0% | E = R < -1%)": 0.8980099502487562, "P(D = 0% < R <= 1% | E = R < -1%)": 0.0, "P(D = R > 1% | E = R < -1%)": 0.03980099502487562, "P(D = R < -1% | E = -1% <= R <= 0%)": 0.017391304347826087, "P(D = -1% <= R <= 0% | E = -1% <= R <= 0%)": 0.9739130434782609, "P(D = 0% < R <= 1% | E = -1% <= R <= 0%)": 0.0, "P(D = R > 1% | E = -1% <= R <= 0%)": 0.008695652173913044, "P(D = R < -1% | E = 0% < R <= 1%)": 0.010330578512396695, "P(D = -1% <= R <= 0% | E = 0% < R <= 1%)": 0.9762396694214877, "P(D = 0% < R <= 1% | E = 0% < R <= 1%)": 0.0, "P(D = R > 1% | E = 0% < R <= 1%)": 0.013429752066115703, "P(D = R < -1% | E = R > 1%)": 0.03981264637002342, "P(D = -1% <= R <= 0% | E = R > 1%)": 0.8992974238875878, "P(D = 0% < R <= 1% | E = R > 1%)": 0.0, "P(D = R > 1% | E = R > 1%)": 0.06088992974238876}