{"P(D = R < -1% | E = R < -1%)": 0.21568627450980393, "P(D = -1% <= R <= 0% | E = R < -1%)": 0.6862745098039216, "P(D = 0% < R <= 1% | E = R < -1%)": 0.0, "P(D = R > 1% | E = R < -1%)": 0.09803921568627451, "P(D = R < -1% | E = -1% <= R <= 0%)": 0.03508771929824561, "P(D = -1% <= R <= 0% | E = -1% <= R <= 0%)": 0.9035087719298246, "P(D = 0% < R <= 1% | E = -1% <= R <= 0%)": 0.0, "P(D = R > 1% | E = -1% <= R <= 0%)": 0.06140350877192982, "P(D = R < -1% | E = 0% < R <= 1%)": 0.04081632653061224, "P(D = -1% <= R <= 0% | E = 0% < R <= 1%)": 0.9183673469387755, "P(D = 0% < R <= 1% | E = 0% < R <= 1%)": 0.0, "P(D = R > 1% | E = 0% < R <= 1%)": 0.04081632653061224, "P(D = R < -1% | E = R > 1%)": 0.04081632653061224, "P(D = -1% <= R <= 0% | E = R > 1%)": 0.5102040816326531, "P(D = 0% < R <= 1% | E = R > 1%)": 0.0, "P(D = R > 1% | E = R > 1%)": 0.4489795918367347}