{"P(D = R < -1% | E = R < -1%)": 0.23684210526315788, "P(D = -1% <= R <= 0% | E = R < -1%)": 0.6842105263157895, "P(D = 0% < R <= 1% | E = R < -1%)": 0.0, "P(D = R > 1% | E = R < -1%)": 0.07894736842105263, "P(D = R < -1% | E = -1% <= R <= 0%)": 0.07017543859649122, "P(D = -1% <= R <= 0% | E = -1% <= R <= 0%)": 0.8662280701754386, "P(D = 0% < R <= 1% | E = -1% <= R <= 0%)": 0.0, "P(D = R > 1% | E = -1% <= R <= 0%)": 0.06359649122807018, "P(D = R < -1% | E = 0% < R <= 1%)": 0.04, "P(D = -1% <= R <= 0% | E = 0% < R <= 1%)": 0.84, "P(D = 0% < R <= 1% | E = 0% < R <= 1%)": 0.0, "P(D = R > 1% | E = 0% < R <= 1%)": 0.12, "P(D = R < -1% | E = R > 1%)": 0.10112359550561797, "P(D = -1% <= R <= 0% | E = R > 1%)": 0.6704119850187266, "P(D = 0% < R <= 1% | E = R > 1%)": 0.0, "P(D = R > 1% | E = R > 1%)": 0.22846441947565543}