{"P(D = R < -1% | E = R < -1%)": 0.19642857142857142, "P(D = -1% <= R <= 0% | E = R < -1%)": 0.5892857142857143, "P(D = 0% < R <= 1% | E = R < -1%)": 0.08928571428571429, "P(D = R > 1% | E = R < -1%)": 0.125, "P(D = R < -1% | E = -1% <= R <= 0%)": 0.041237113402061855, "P(D = -1% <= R <= 0% | E = -1% <= R <= 0%)": 0.8762886597938144, "P(D = 0% < R <= 1% | E = -1% <= R <= 0%)": 0.05154639175257732, "P(D = R > 1% | E = -1% <= R <= 0%)": 0.030927835051546393, "P(D = R < -1% | E = 0% < R <= 1%)": 0.025510204081632654, "P(D = -1% <= R <= 0% | E = 0% < R <= 1%)": 0.8214285714285714, "P(D = 0% < R <= 1% | E = 0% < R <= 1%)": 0.12244897959183673, "P(D = R > 1% | E = 0% < R <= 1%)": 0.030612244897959183, "P(D = R < -1% | E = R > 1%)": 0.01818181818181818, "P(D = -1% <= R <= 0% | E = R > 1%)": 0.41818181818181815, "P(D = 0% < R <= 1% | E = R > 1%)": 0.2909090909090909, "P(D = R > 1% | E = R > 1%)": 0.2727272727272727}