{"P(D = R < -1% | E = R < -1%)": 0.10298102981029811, "P(D = -1% <= R <= 0% | E = R < -1%)": 0.2222222222222222, "P(D = 0% < R <= 1% | E = R < -1%)": 0.5663956639566395, "P(D = R > 1% | E = R < -1%)": 0.10840108401084012, "P(D = R < -1% | E = -1% <= R <= 0%)": 0.029447852760736196, "P(D = -1% <= R <= 0% | E = -1% <= R <= 0%)": 0.19754601226993865, "P(D = 0% < R <= 1% | E = -1% <= R <= 0%)": 0.7153374233128834, "P(D = R > 1% | E = -1% <= R <= 0%)": 0.05766871165644172, "P(D = R < -1% | E = 0% < R <= 1%)": 0.012465373961218837, "P(D = -1% <= R <= 0% | E = 0% < R <= 1%)": 0.11772853185595568, "P(D = 0% < R <= 1% | E = 0% < R <= 1%)": 0.8157894736842105, "P(D = R > 1% | E = 0% < R <= 1%)": 0.054016620498614956, "P(D = R < -1% | E = R > 1%)": 0.037333333333333336, "P(D = -1% <= R <= 0% | E = R > 1%)": 0.17866666666666667, "P(D = 0% < R <= 1% | E = R > 1%)": 0.568, "P(D = R > 1% | E = R > 1%)": 0.216}