{"P(D = R < -1% | E = R < -1%)": 0.024793388429752067, "P(D = -1% <= R <= 0% | E = R < -1%)": 0.8512396694214877, "P(D = 0% < R <= 1% | E = R < -1%)": 0.0, "P(D = R > 1% | E = R < -1%)": 0.12396694214876033, "P(D = R < -1% | E = -1% <= R <= 0%)": 0.007042253521126761, "P(D = -1% <= R <= 0% | E = -1% <= R <= 0%)": 0.9741784037558685, "P(D = 0% < R <= 1% | E = -1% <= R <= 0%)": 0.0, "P(D = R > 1% | E = -1% <= R <= 0%)": 0.018779342723004695, "P(D = R < -1% | E = 0% < R <= 1%)": 0.006430868167202572, "P(D = -1% <= R <= 0% | E = 0% < R <= 1%)": 0.9678456591639871, "P(D = 0% < R <= 1% | E = 0% < R <= 1%)": 0.0, "P(D = R > 1% | E = 0% < R <= 1%)": 0.02572347266881029, "P(D = R < -1% | E = R > 1%)": 0.015384615384615385, "P(D = -1% <= R <= 0% | E = R > 1%)": 0.7923076923076923, "P(D = 0% < R <= 1% | E = R > 1%)": 0.0, "P(D = R > 1% | E = R > 1%)": 0.19230769230769232}