{"P(D = R < -1% | E = R < -1%)": 0.49372384937238495, "P(D = -1% <= R <= 0% | E = R < -1%)": 0.04184100418410042, "P(D = 0% < R <= 1% | E = R < -1%)": 0.0, "P(D = R > 1% | E = R < -1%)": 0.46443514644351463, "P(D = R < -1% | E = -1% <= R <= 0%)": 0.48, "P(D = -1% <= R <= 0% | E = -1% <= R <= 0%)": 0.013333333333333334, "P(D = 0% < R <= 1% | E = -1% <= R <= 0%)": 0.0, "P(D = R > 1% | E = -1% <= R <= 0%)": 0.5066666666666667, "P(D = R < -1% | E = 0% < R <= 1%)": 0.5490196078431373, "P(D = -1% <= R <= 0% | E = 0% < R <= 1%)": 0.0, "P(D = 0% < R <= 1% | E = 0% < R <= 1%)": 0.0, "P(D = R > 1% | E = 0% < R <= 1%)": 0.45098039215686275, "P(D = R < -1% | E = R > 1%)": 0.3333333333333333, "P(D = -1% <= R <= 0% | E = R > 1%)": 0.01937984496124031, "P(D = 0% < R <= 1% | E = R > 1%)": 0.0, "P(D = R > 1% | E = R > 1%)": 0.6472868217054264}