{"P(D = R < -1% | E = R < -1%)": 0.2423954372623574, "P(D = -1% <= R <= 0% | E = R < -1%)": 0.10836501901140684, "P(D = 0% < R <= 1% | E = R < -1%)": 0.0, "P(D = R > 1% | E = R < -1%)": 0.6492395437262357, "P(D = R < -1% | E = -1% <= R <= 0%)": 0.17105263157894737, "P(D = -1% <= R <= 0% | E = -1% <= R <= 0%)": 0.14605263157894738, "P(D = 0% < R <= 1% | E = -1% <= R <= 0%)": 0.0, "P(D = R > 1% | E = -1% <= R <= 0%)": 0.6828947368421052, "P(D = R < -1% | E = 0% < R <= 1%)": 0.13722627737226278, "P(D = -1% <= R <= 0% | E = 0% < R <= 1%)": 0.13138686131386862, "P(D = 0% < R <= 1% | E = 0% < R <= 1%)": 0.0, "P(D = R > 1% | E = 0% < R <= 1%)": 0.7313868613138687, "P(D = R < -1% | E = R > 1%)": 0.20791168353265868, "P(D = -1% <= R <= 0% | E = R > 1%)": 0.10395584176632934, "P(D = 0% < R <= 1% | E = R > 1%)": 0.0, "P(D = R > 1% | E = R > 1%)": 0.6881324747010119}