{"P(D = R < -1% | E = R < -1%)": 0.4960053262316911, "P(D = -1% <= R <= 0% | E = R < -1%)": 0.15645805592543274, "P(D = 0% < R <= 1% | E = R < -1%)": 0.0, "P(D = R > 1% | E = R < -1%)": 0.34753661784287615, "P(D = R < -1% | E = -1% <= R <= 0%)": 0.16620111731843576, "P(D = -1% <= R <= 0% | E = -1% <= R <= 0%)": 0.5607541899441341, "P(D = 0% < R <= 1% | E = -1% <= R <= 0%)": 0.0, "P(D = R > 1% | E = -1% <= R <= 0%)": 0.27304469273743015, "P(D = R < -1% | E = 0% < R <= 1%)": 0.37572254335260113, "P(D = -1% <= R <= 0% | E = 0% < R <= 1%)": 0.0, "P(D = 0% < R <= 1% | E = 0% < R <= 1%)": 0.0, "P(D = R > 1% | E = 0% < R <= 1%)": 0.6242774566473989, "P(D = R < -1% | E = R > 1%)": 0.2511078286558346, "P(D = -1% <= R <= 0% | E = R > 1%)": 0.22451994091580502, "P(D = 0% < R <= 1% | E = R > 1%)": 0.0, "P(D = R > 1% | E = R > 1%)": 0.5243722304283605}