{"P(D = R < -1% | E = R < -1%)": 0.6552346570397112, "P(D = -1% <= R <= 0% | E = R < -1%)": 0.26173285198555957, "P(D = 0% < R <= 1% | E = R < -1%)": 0.009025270758122744, "P(D = R > 1% | E = R < -1%)": 0.0740072202166065, "P(D = R < -1% | E = -1% <= R <= 0%)": 0.3772455089820359, "P(D = -1% <= R <= 0% | E = -1% <= R <= 0%)": 0.5029940119760479, "P(D = 0% < R <= 1% | E = -1% <= R <= 0%)": 0.029940119760479042, "P(D = R > 1% | E = -1% <= R <= 0%)": 0.08982035928143713, "P(D = R < -1% | E = 0% < R <= 1%)": 0.0, "P(D = -1% <= R <= 0% | E = 0% < R <= 1%)": 0.0, "P(D = 0% < R <= 1% | E = 0% < R <= 1%)": 1.0, "P(D = R > 1% | E = 0% < R <= 1%)": 0.0, "P(D = R < -1% | E = R > 1%)": 0.5067567567567568, "P(D = -1% <= R <= 0% | E = R > 1%)": 0.35135135135135137, "P(D = 0% < R <= 1% | E = R > 1%)": 0.02027027027027027, "P(D = R > 1% | E = R > 1%)": 0.12162162162162163}