{"P(D = R < -1% | E = R < -1%)": 0.1813186813186813, "P(D = -1% <= R <= 0% | E = R < -1%)": 0.7637362637362637, "P(D = 0% < R <= 1% | E = R < -1%)": 0.0, "P(D = R > 1% | E = R < -1%)": 0.054945054945054944, "P(D = R < -1% | E = -1% <= R <= 0%)": 0.0639386189258312, "P(D = -1% <= R <= 0% | E = -1% <= R <= 0%)": 0.8721227621483376, "P(D = 0% < R <= 1% | E = -1% <= R <= 0%)": 0.0, "P(D = R > 1% | E = -1% <= R <= 0%)": 0.0639386189258312, "P(D = R < -1% | E = 0% < R <= 1%)": 0.07142857142857142, "P(D = -1% <= R <= 0% | E = 0% < R <= 1%)": 0.8214285714285714, "P(D = 0% < R <= 1% | E = 0% < R <= 1%)": 0.0, "P(D = R > 1% | E = 0% < R <= 1%)": 0.10714285714285714, "P(D = R < -1% | E = R > 1%)": 0.06532663316582915, "P(D = -1% <= R <= 0% | E = R > 1%)": 0.7236180904522613, "P(D = 0% < R <= 1% | E = R > 1%)": 0.0, "P(D = R > 1% | E = R > 1%)": 0.21105527638190955}