{"P(D = R < -1% | E = R < -1%)": 0.33454106280193235, "P(D = -1% <= R <= 0% | E = R < -1%)": 0.5205314009661836, "P(D = 0% < R <= 1% | E = R < -1%)": 0.0, "P(D = R > 1% | E = R < -1%)": 0.14492753623188406, "P(D = R < -1% | E = -1% <= R <= 0%)": 0.17682926829268292, "P(D = -1% <= R <= 0% | E = -1% <= R <= 0%)": 0.676829268292683, "P(D = 0% < R <= 1% | E = -1% <= R <= 0%)": 0.0, "P(D = R > 1% | E = -1% <= R <= 0%)": 0.14634146341463414, "P(D = R < -1% | E = 0% < R <= 1%)": 0.18588235294117647, "P(D = -1% <= R <= 0% | E = 0% < R <= 1%)": 0.6541176470588236, "P(D = 0% < R <= 1% | E = 0% < R <= 1%)": 0.0, "P(D = R > 1% | E = 0% < R <= 1%)": 0.16, "P(D = R < -1% | E = R > 1%)": 0.17954815695600476, "P(D = -1% <= R <= 0% | E = R > 1%)": 0.47919143876337694, "P(D = 0% < R <= 1% | E = R > 1%)": 0.0, "P(D = R > 1% | E = R > 1%)": 0.3412604042806183}