{"P(D = R < -1% | E = R < -1%)": 0.40184994861253853, "P(D = -1% <= R <= 0% | E = R < -1%)": 0.5498458376156218, "P(D = 0% < R <= 1% | E = R < -1%)": 0.0, "P(D = R > 1% | E = R < -1%)": 0.048304213771839674, "P(D = R < -1% | E = -1% <= R <= 0%)": 0.21252059308072488, "P(D = -1% <= R <= 0% | E = -1% <= R <= 0%)": 0.7504118616144976, "P(D = 0% < R <= 1% | E = -1% <= R <= 0%)": 0.0, "P(D = R > 1% | E = -1% <= R <= 0%)": 0.03706754530477759, "P(D = R < -1% | E = 0% < R <= 1%)": 0.5, "P(D = -1% <= R <= 0% | E = 0% < R <= 1%)": 0.5, "P(D = 0% < R <= 1% | E = 0% < R <= 1%)": 0.0, "P(D = R > 1% | E = 0% < R <= 1%)": 0.0, "P(D = R < -1% | E = R > 1%)": 0.23294117647058823, "P(D = -1% <= R <= 0% | E = R > 1%)": 0.7094117647058824, "P(D = 0% < R <= 1% | E = R > 1%)": 0.0, "P(D = R > 1% | E = R > 1%)": 0.05764705882352941}