{"P(D = R < -1% | E = R < -1%)": 0.21395348837209302, "P(D = -1% <= R <= 0% | E = R < -1%)": 0.6093023255813953, "P(D = 0% < R <= 1% | E = R < -1%)": 0.12558139534883722, "P(D = R > 1% | E = R < -1%)": 0.05116279069767442, "P(D = R < -1% | E = -1% <= R <= 0%)": 0.06103286384976526, "P(D = -1% <= R <= 0% | E = -1% <= R <= 0%)": 0.7582159624413145, "P(D = 0% < R <= 1% | E = -1% <= R <= 0%)": 0.1267605633802817, "P(D = R > 1% | E = -1% <= R <= 0%)": 0.0539906103286385, "P(D = R < -1% | E = 0% < R <= 1%)": 0.04698972099853157, "P(D = -1% <= R <= 0% | E = 0% < R <= 1%)": 0.6402349486049926, "P(D = 0% < R <= 1% | E = 0% < R <= 1%)": 0.22466960352422907, "P(D = R > 1% | E = 0% < R <= 1%)": 0.0881057268722467, "P(D = R < -1% | E = R > 1%)": 0.04338394793926247, "P(D = -1% <= R <= 0% | E = R > 1%)": 0.4772234273318872, "P(D = 0% < R <= 1% | E = R > 1%)": 0.27114967462039047, "P(D = R > 1% | E = R > 1%)": 0.20824295010845986}