{"P(D = R < -1% | E = R < -1%)": 0.5913461538461539, "P(D = -1% <= R <= 0% | E = R < -1%)": 0.014423076923076924, "P(D = 0% < R <= 1% | E = R < -1%)": 0.009615384615384616, "P(D = R > 1% | E = R < -1%)": 0.38461538461538464, "P(D = R < -1% | E = -1% <= R <= 0%)": 0.375, "P(D = -1% <= R <= 0% | E = -1% <= R <= 0%)": 0.03125, "P(D = 0% < R <= 1% | E = -1% <= R <= 0%)": 0.0234375, "P(D = R > 1% | E = -1% <= R <= 0%)": 0.5703125, "P(D = R < -1% | E = 0% < R <= 1%)": 0.30952380952380953, "P(D = -1% <= R <= 0% | E = 0% < R <= 1%)": 0.023809523809523808, "P(D = 0% < R <= 1% | E = 0% < R <= 1%)": 0.07142857142857142, "P(D = R > 1% | E = 0% < R <= 1%)": 0.5952380952380952, "P(D = R < -1% | E = R > 1%)": 0.20675105485232068, "P(D = -1% <= R <= 0% | E = R > 1%)": 0.02109704641350211, "P(D = 0% < R <= 1% | E = R > 1%)": 0.008438818565400843, "P(D = R > 1% | E = R > 1%)": 0.7637130801687764}