{"P(D = R < -1% | E = R < -1%)": 0.7598008711885501, "P(D = -1% <= R <= 0% | E = R < -1%)": 0.08711885500933417, "P(D = 0% < R <= 1% | E = R < -1%)": 0.0, "P(D = R > 1% | E = R < -1%)": 0.15308027380211575, "P(D = R < -1% | E = -1% <= R <= 0%)": 0.6988694758478932, "P(D = -1% <= R <= 0% | E = -1% <= R <= 0%)": 0.11819116135662898, "P(D = 0% < R <= 1% | E = -1% <= R <= 0%)": 0.0, "P(D = R > 1% | E = -1% <= R <= 0%)": 0.1829393627954779, "P(D = R < -1% | E = 0% < R <= 1%)": 0.6515151515151515, "P(D = -1% <= R <= 0% | E = 0% < R <= 1%)": 0.1571969696969697, "P(D = 0% < R <= 1% | E = 0% < R <= 1%)": 0.0, "P(D = R > 1% | E = 0% < R <= 1%)": 0.19128787878787878, "P(D = R < -1% | E = R > 1%)": 0.555, "P(D = -1% <= R <= 0% | E = R > 1%)": 0.10857142857142857, "P(D = 0% < R <= 1% | E = R > 1%)": 0.0, "P(D = R > 1% | E = R > 1%)": 0.3364285714285714}