{"P(D = R < -1% | E = R < -1%)": 0.04424778761061947, "P(D = -1% <= R <= 0% | E = R < -1%)": 0.584070796460177, "P(D = 0% < R <= 1% | E = R < -1%)": 0.24778761061946902, "P(D = R > 1% | E = R < -1%)": 0.12389380530973451, "P(D = R < -1% | E = -1% <= R <= 0%)": 0.019169329073482427, "P(D = -1% <= R <= 0% | E = -1% <= R <= 0%)": 0.8306709265175719, "P(D = 0% < R <= 1% | E = -1% <= R <= 0%)": 0.12460063897763578, "P(D = R > 1% | E = -1% <= R <= 0%)": 0.025559105431309903, "P(D = R < -1% | E = 0% < R <= 1%)": 0.017006802721088437, "P(D = -1% <= R <= 0% | E = 0% < R <= 1%)": 0.7244897959183674, "P(D = 0% < R <= 1% | E = 0% < R <= 1%)": 0.23469387755102042, "P(D = R > 1% | E = 0% < R <= 1%)": 0.023809523809523808, "P(D = R < -1% | E = R > 1%)": 0.019801980198019802, "P(D = -1% <= R <= 0% | E = R > 1%)": 0.5643564356435643, "P(D = 0% < R <= 1% | E = R > 1%)": 0.297029702970297, "P(D = R > 1% | E = R > 1%)": 0.1188118811881188}