{"P(D = R < -1% | E = R < -1%)": 0.2089041095890411, "P(D = -1% <= R <= 0% | E = R < -1%)": 0.613013698630137, "P(D = 0% < R <= 1% | E = R < -1%)": 0.0, "P(D = R > 1% | E = R < -1%)": 0.1780821917808219, "P(D = R < -1% | E = -1% <= R <= 0%)": 0.0779467680608365, "P(D = -1% <= R <= 0% | E = -1% <= R <= 0%)": 0.779467680608365, "P(D = 0% < R <= 1% | E = -1% <= R <= 0%)": 0.0, "P(D = R > 1% | E = -1% <= R <= 0%)": 0.14258555133079848, "P(D = R < -1% | E = 0% < R <= 1%)": 0.07435897435897436, "P(D = -1% <= R <= 0% | E = 0% < R <= 1%)": 0.7615384615384615, "P(D = 0% < R <= 1% | E = 0% < R <= 1%)": 0.0, "P(D = R > 1% | E = 0% < R <= 1%)": 0.1641025641025641, "P(D = R < -1% | E = R > 1%)": 0.08346972176759411, "P(D = -1% <= R <= 0% | E = R > 1%)": 0.5973813420621932, "P(D = 0% < R <= 1% | E = R > 1%)": 0.0, "P(D = R > 1% | E = R > 1%)": 0.3191489361702128}