{"P(D = R < -1% | E = R < -1%)": 0.4838362068965517, "P(D = -1% <= R <= 0% | E = R < -1%)": 0.05172413793103448, "P(D = 0% < R <= 1% | E = R < -1%)": 0.0, "P(D = R > 1% | E = R < -1%)": 0.4644396551724138, "P(D = R < -1% | E = -1% <= R <= 0%)": 0.3087674714104193, "P(D = -1% <= R <= 0% | E = -1% <= R <= 0%)": 0.06607369758576874, "P(D = 0% < R <= 1% | E = -1% <= R <= 0%)": 0.0, "P(D = R > 1% | E = -1% <= R <= 0%)": 0.625158831003812, "P(D = R < -1% | E = 0% < R <= 1%)": 0.3634408602150538, "P(D = -1% <= R <= 0% | E = 0% < R <= 1%)": 0.025806451612903226, "P(D = 0% < R <= 1% | E = 0% < R <= 1%)": 0.0, "P(D = R > 1% | E = 0% < R <= 1%)": 0.610752688172043, "P(D = R < -1% | E = R > 1%)": 0.33169774288518156, "P(D = -1% <= R <= 0% | E = R > 1%)": 0.05103042198233562, "P(D = 0% < R <= 1% | E = R > 1%)": 0.0, "P(D = R > 1% | E = R > 1%)": 0.6172718351324828}