{"P(D = R < -1% | E = R < -1%)": 0.30184804928131415, "P(D = -1% <= R <= 0% | E = R < -1%)": 0.41683778234086244, "P(D = 0% < R <= 1% | E = R < -1%)": 0.002053388090349076, "P(D = R > 1% | E = R < -1%)": 0.2792607802874743, "P(D = R < -1% | E = -1% <= R <= 0%)": 0.16695957820738136, "P(D = -1% <= R <= 0% | E = -1% <= R <= 0%)": 0.562390158172232, "P(D = 0% < R <= 1% | E = -1% <= R <= 0%)": 0.0, "P(D = R > 1% | E = -1% <= R <= 0%)": 0.27065026362038663, "P(D = R < -1% | E = 0% < R <= 1%)": 0.16279069767441862, "P(D = -1% <= R <= 0% | E = 0% < R <= 1%)": 0.4372093023255814, "P(D = 0% < R <= 1% | E = 0% < R <= 1%)": 0.004651162790697674, "P(D = R > 1% | E = 0% < R <= 1%)": 0.3953488372093023, "P(D = R < -1% | E = R > 1%)": 0.1446028513238289, "P(D = -1% <= R <= 0% | E = R > 1%)": 0.3869653767820774, "P(D = 0% < R <= 1% | E = R > 1%)": 0.002036659877800407, "P(D = R > 1% | E = R > 1%)": 0.4663951120162933}