{"P(D = R < -1% | E = R < -1%)": 0.0, "P(D = -1% <= R <= 0% | E = R < -1%)": 0.23728813559322035, "P(D = 0% < R <= 1% | E = R < -1%)": 0.6271186440677966, "P(D = R > 1% | E = R < -1%)": 0.13559322033898305, "P(D = R < -1% | E = -1% <= R <= 0%)": 0.0, "P(D = -1% <= R <= 0% | E = -1% <= R <= 0%)": 0.33858267716535434, "P(D = 0% < R <= 1% | E = -1% <= R <= 0%)": 0.6338582677165354, "P(D = R > 1% | E = -1% <= R <= 0%)": 0.027559055118110236, "P(D = R < -1% | E = 0% < R <= 1%)": 0.0, "P(D = -1% <= R <= 0% | E = 0% < R <= 1%)": 0.19557195571955718, "P(D = 0% < R <= 1% | E = 0% < R <= 1%)": 0.7712177121771218, "P(D = R > 1% | E = 0% < R <= 1%)": 0.033210332103321034, "P(D = R < -1% | E = R > 1%)": 0.0, "P(D = -1% <= R <= 0% | E = R > 1%)": 0.21153846153846154, "P(D = 0% < R <= 1% | E = R > 1%)": 0.6346153846153846, "P(D = R > 1% | E = R > 1%)": 0.15384615384615385}