{"P(D = R < -1% | E = R < -1%)": 0.40794809407948096, "P(D = -1% <= R <= 0% | E = R < -1%)": 0.12570965125709652, "P(D = 0% < R <= 1% | E = R < -1%)": 0.0, "P(D = R > 1% | E = R < -1%)": 0.46634225466342255, "P(D = R < -1% | E = -1% <= R <= 0%)": 0.33084112149532713, "P(D = -1% <= R <= 0% | E = -1% <= R <= 0%)": 0.14485981308411214, "P(D = 0% < R <= 1% | E = -1% <= R <= 0%)": 0.0, "P(D = R > 1% | E = -1% <= R <= 0%)": 0.5242990654205607, "P(D = R < -1% | E = 0% < R <= 1%)": 0.32954545454545453, "P(D = -1% <= R <= 0% | E = 0% < R <= 1%)": 0.12613636363636363, "P(D = 0% < R <= 1% | E = 0% < R <= 1%)": 0.0, "P(D = R > 1% | E = 0% < R <= 1%)": 0.5443181818181818, "P(D = R < -1% | E = R > 1%)": 0.31528662420382164, "P(D = -1% <= R <= 0% | E = R > 1%)": 0.10907643312101911, "P(D = 0% < R <= 1% | E = R > 1%)": 0.0, "P(D = R > 1% | E = R > 1%)": 0.5756369426751592}