{"P(D = R < -1% | E = R < -1%)": 0.1686746987951807, "P(D = -1% <= R <= 0% | E = R < -1%)": 0.5180722891566265, "P(D = 0% < R <= 1% | E = R < -1%)": 0.2289156626506024, "P(D = R > 1% | E = R < -1%)": 0.08433734939759036, "P(D = R < -1% | E = -1% <= R <= 0%)": 0.05847953216374269, "P(D = -1% <= R <= 0% | E = -1% <= R <= 0%)": 0.7134502923976608, "P(D = 0% < R <= 1% | E = -1% <= R <= 0%)": 0.16374269005847952, "P(D = R > 1% | E = -1% <= R <= 0%)": 0.06432748538011696, "P(D = R < -1% | E = 0% < R <= 1%)": 0.05389221556886228, "P(D = -1% <= R <= 0% | E = 0% < R <= 1%)": 0.5508982035928144, "P(D = 0% < R <= 1% | E = 0% < R <= 1%)": 0.32335329341317365, "P(D = R > 1% | E = 0% < R <= 1%)": 0.0718562874251497, "P(D = R < -1% | E = R > 1%)": 0.04225352112676056, "P(D = -1% <= R <= 0% | E = R > 1%)": 0.4507042253521127, "P(D = 0% < R <= 1% | E = R > 1%)": 0.29577464788732394, "P(D = R > 1% | E = R > 1%)": 0.2112676056338028}