{"P(D = R < -1% | E = R < -1%)": 0.17989417989417988, "P(D = -1% <= R <= 0% | E = R < -1%)": 0.7583774250440917, "P(D = 0% < R <= 1% | E = R < -1%)": 0.0, "P(D = R > 1% | E = R < -1%)": 0.06172839506172839, "P(D = R < -1% | E = -1% <= R <= 0%)": 0.03939393939393939, "P(D = -1% <= R <= 0% | E = -1% <= R <= 0%)": 0.9106060606060606, "P(D = 0% < R <= 1% | E = -1% <= R <= 0%)": 0.0, "P(D = R > 1% | E = -1% <= R <= 0%)": 0.05, "P(D = R < -1% | E = 0% < R <= 1%)": 0.04294478527607362, "P(D = -1% <= R <= 0% | E = 0% < R <= 1%)": 0.8604294478527608, "P(D = 0% < R <= 1% | E = 0% < R <= 1%)": 0.0, "P(D = R > 1% | E = 0% < R <= 1%)": 0.09662576687116564, "P(D = R < -1% | E = R > 1%)": 0.0375, "P(D = -1% <= R <= 0% | E = R > 1%)": 0.7410714285714286, "P(D = 0% < R <= 1% | E = R > 1%)": 0.0, "P(D = R > 1% | E = R > 1%)": 0.22142857142857142}