{"P(D = R < -1% | E = R < -1%)": 0.2147887323943662, "P(D = -1% <= R <= 0% | E = R < -1%)": 0.45774647887323944, "P(D = 0% < R <= 1% | E = R < -1%)": 0.22183098591549297, "P(D = R > 1% | E = R < -1%)": 0.1056338028169014, "P(D = R < -1% | E = -1% <= R <= 0%)": 0.07785888077858881, "P(D = -1% <= R <= 0% | E = -1% <= R <= 0%)": 0.5936739659367397, "P(D = 0% < R <= 1% | E = -1% <= R <= 0%)": 0.2725060827250608, "P(D = R > 1% | E = -1% <= R <= 0%)": 0.05596107055961071, "P(D = R < -1% | E = 0% < R <= 1%)": 0.05830903790087463, "P(D = -1% <= R <= 0% | E = 0% < R <= 1%)": 0.49271137026239065, "P(D = 0% < R <= 1% | E = 0% < R <= 1%)": 0.3819241982507289, "P(D = R > 1% | E = 0% < R <= 1%)": 0.06705539358600583, "P(D = R < -1% | E = R > 1%)": 0.05537459283387622, "P(D = -1% <= R <= 0% | E = R > 1%)": 0.30293159609120524, "P(D = 0% < R <= 1% | E = R > 1%)": 0.33876221498371334, "P(D = R > 1% | E = R > 1%)": 0.30293159609120524}