{"P(D = R < -1% | E = R < -1%)": 0.9117647058823529, "P(D = -1% <= R <= 0% | E = R < -1%)": 0.0, "P(D = 0% < R <= 1% | E = R < -1%)": 0.0, "P(D = R > 1% | E = R < -1%)": 0.08823529411764706, "P(D = R < -1% | E = -1% <= R <= 0%)": 0.8666666666666667, "P(D = -1% <= R <= 0% | E = -1% <= R <= 0%)": 0.03333333333333333, "P(D = 0% < R <= 1% | E = -1% <= R <= 0%)": 0.0, "P(D = R > 1% | E = -1% <= R <= 0%)": 0.1, "P(D = R < -1% | E = 0% < R <= 1%)": 0.84, "P(D = -1% <= R <= 0% | E = 0% < R <= 1%)": 0.0, "P(D = 0% < R <= 1% | E = 0% < R <= 1%)": 0.0, "P(D = R > 1% | E = 0% < R <= 1%)": 0.16, "P(D = R < -1% | E = R > 1%)": 0.7938144329896907, "P(D = -1% <= R <= 0% | E = R > 1%)": 0.0, "P(D = 0% < R <= 1% | E = R > 1%)": 0.0, "P(D = R > 1% | E = R > 1%)": 0.20618556701030927}