{"P(D = R < -1% | E = R < -1%)": 0.656, "P(D = -1% <= R <= 0% | E = R < -1%)": 0.0, "P(D = 0% < R <= 1% | E = R < -1%)": 0.016, "P(D = R > 1% | E = R < -1%)": 0.328, "P(D = R < -1% | E = -1% <= R <= 0%)": 0.40625, "P(D = -1% <= R <= 0% | E = -1% <= R <= 0%)": 0.09375, "P(D = 0% < R <= 1% | E = -1% <= R <= 0%)": 0.0, "P(D = R > 1% | E = -1% <= R <= 0%)": 0.5, "P(D = R < -1% | E = 0% < R <= 1%)": 0.6153846153846154, "P(D = -1% <= R <= 0% | E = 0% < R <= 1%)": 0.038461538461538464, "P(D = 0% < R <= 1% | E = 0% < R <= 1%)": 0.07692307692307693, "P(D = R > 1% | E = 0% < R <= 1%)": 0.2692307692307692, "P(D = R < -1% | E = R > 1%)": 0.37606837606837606, "P(D = -1% <= R <= 0% | E = R > 1%)": 0.008547008547008548, "P(D = 0% < R <= 1% | E = R > 1%)": 0.008547008547008548, "P(D = R > 1% | E = R > 1%)": 0.6068376068376068}