{"P(D = R < -1% | E = R < -1%)": 0.0, "P(D = -1% <= R <= 0% | E = R < -1%)": 0.42857142857142855, "P(D = 0% < R <= 1% | E = R < -1%)": 0.5714285714285714, "P(D = R > 1% | E = R < -1%)": 0.0, "P(D = R < -1% | E = -1% <= R <= 0%)": 0.0, "P(D = -1% <= R <= 0% | E = -1% <= R <= 0%)": 0.6436781609195402, "P(D = 0% < R <= 1% | E = -1% <= R <= 0%)": 0.3563218390804598, "P(D = R > 1% | E = -1% <= R <= 0%)": 0.0, "P(D = R < -1% | E = 0% < R <= 1%)": 0.0, "P(D = -1% <= R <= 0% | E = 0% < R <= 1%)": 0.4939759036144578, "P(D = 0% < R <= 1% | E = 0% < R <= 1%)": 0.5060240963855421, "P(D = R > 1% | E = 0% < R <= 1%)": 0.0, "P(D = R < -1% | E = R > 1%)": 0.0, "P(D = -1% <= R <= 0% | E = R > 1%)": 0.5, "P(D = 0% < R <= 1% | E = R > 1%)": 0.5, "P(D = R > 1% | E = R > 1%)": 0.0}