{"P(D = R < -1% | E = R < -1%)": 0.1016260162601626, "P(D = -1% <= R <= 0% | E = R < -1%)": 0.8617886178861789, "P(D = 0% < R <= 1% | E = R < -1%)": 0.0, "P(D = R > 1% | E = R < -1%)": 0.036585365853658534, "P(D = R < -1% | E = -1% <= R <= 0%)": 0.027522935779816515, "P(D = -1% <= R <= 0% | E = -1% <= R <= 0%)": 0.9556574923547401, "P(D = 0% < R <= 1% | E = -1% <= R <= 0%)": 0.0, "P(D = R > 1% | E = -1% <= R <= 0%)": 0.016819571865443424, "P(D = R < -1% | E = 0% < R <= 1%)": 0.01837270341207349, "P(D = -1% <= R <= 0% | E = 0% < R <= 1%)": 0.968503937007874, "P(D = 0% < R <= 1% | E = 0% < R <= 1%)": 0.0, "P(D = R > 1% | E = 0% < R <= 1%)": 0.013123359580052493, "P(D = R < -1% | E = R > 1%)": 0.05078125, "P(D = -1% <= R <= 0% | E = R > 1%)": 0.83984375, "P(D = 0% < R <= 1% | E = R > 1%)": 0.0, "P(D = R > 1% | E = R > 1%)": 0.109375}