{"P(D = R < -1% | E = R < -1%)": 0.28291621327529926, "P(D = -1% <= R <= 0% | E = R < -1%)": 0.4428726877040261, "P(D = 0% < R <= 1% | E = R < -1%)": 0.0, "P(D = R > 1% | E = R < -1%)": 0.27421109902067464, "P(D = R < -1% | E = -1% <= R <= 0%)": 0.18453865336658354, "P(D = -1% <= R <= 0% | E = -1% <= R <= 0%)": 0.5361596009975063, "P(D = 0% < R <= 1% | E = -1% <= R <= 0%)": 0.0, "P(D = R > 1% | E = -1% <= R <= 0%)": 0.2793017456359102, "P(D = R < -1% | E = 0% < R <= 1%)": 0.1736842105263158, "P(D = -1% <= R <= 0% | E = 0% < R <= 1%)": 0.5263157894736842, "P(D = 0% < R <= 1% | E = 0% < R <= 1%)": 0.0, "P(D = R > 1% | E = 0% < R <= 1%)": 0.3, "P(D = R < -1% | E = R > 1%)": 0.14672216441207075, "P(D = -1% <= R <= 0% | E = R > 1%)": 0.4068678459937565, "P(D = 0% < R <= 1% | E = R > 1%)": 0.0, "P(D = R > 1% | E = R > 1%)": 0.4464099895941727}