{"P(D = R < -1% | E = R < -1%)": 0.28169014084507044, "P(D = -1% <= R <= 0% | E = R < -1%)": 0.6338028169014085, "P(D = 0% < R <= 1% | E = R < -1%)": 0.056338028169014086, "P(D = R > 1% | E = R < -1%)": 0.028169014084507043, "P(D = R < -1% | E = -1% <= R <= 0%)": 0.06626506024096386, "P(D = -1% <= R <= 0% | E = -1% <= R <= 0%)": 0.891566265060241, "P(D = 0% < R <= 1% | E = -1% <= R <= 0%)": 0.006024096385542169, "P(D = R > 1% | E = -1% <= R <= 0%)": 0.03614457831325301, "P(D = R < -1% | E = 0% < R <= 1%)": 0.036585365853658534, "P(D = -1% <= R <= 0% | E = 0% < R <= 1%)": 0.8048780487804879, "P(D = 0% < R <= 1% | E = 0% < R <= 1%)": 0.10975609756097561, "P(D = R > 1% | E = 0% < R <= 1%)": 0.04878048780487805, "P(D = R < -1% | E = R > 1%)": 0.07865168539325842, "P(D = -1% <= R <= 0% | E = R > 1%)": 0.7528089887640449, "P(D = 0% < R <= 1% | E = R > 1%)": 0.0449438202247191, "P(D = R > 1% | E = R > 1%)": 0.12359550561797752}