{"P(D = R < -1% | E = R < -1%)": 0.0, "P(D = -1% <= R <= 0% | E = R < -1%)": 0.2, "P(D = 0% < R <= 1% | E = R < -1%)": 0.8, "P(D = R > 1% | E = R < -1%)": 0.0, "P(D = R < -1% | E = -1% <= R <= 0%)": 0.0, "P(D = -1% <= R <= 0% | E = -1% <= R <= 0%)": 0.13020833333333334, "P(D = 0% < R <= 1% | E = -1% <= R <= 0%)": 0.8697916666666666, "P(D = R > 1% | E = -1% <= R <= 0%)": 0.0, "P(D = R < -1% | E = 0% < R <= 1%)": 0.0, "P(D = -1% <= R <= 0% | E = 0% < R <= 1%)": 0.06614785992217899, "P(D = 0% < R <= 1% | E = 0% < R <= 1%)": 0.933852140077821, "P(D = R > 1% | E = 0% < R <= 1%)": 0.0, "P(D = R < -1% | E = R > 1%)": 0.0, "P(D = -1% <= R <= 0% | E = R > 1%)": 0.2857142857142857, "P(D = 0% < R <= 1% | E = R > 1%)": 0.7142857142857143, "P(D = R > 1% | E = R > 1%)": 0.0}