{"P(D = R < -1% | E = R < -1%)": 0.6842105263157895, "P(D = -1% <= R <= 0% | E = R < -1%)": 0.08421052631578947, "P(D = 0% < R <= 1% | E = R < -1%)": 0.0, "P(D = R > 1% | E = R < -1%)": 0.23157894736842105, "P(D = R < -1% | E = -1% <= R <= 0%)": 0.5189873417721519, "P(D = -1% <= R <= 0% | E = -1% <= R <= 0%)": 0.11392405063291139, "P(D = 0% < R <= 1% | E = -1% <= R <= 0%)": 0.0, "P(D = R > 1% | E = -1% <= R <= 0%)": 0.3670886075949367, "P(D = R < -1% | E = 0% < R <= 1%)": 0.49230769230769234, "P(D = -1% <= R <= 0% | E = 0% < R <= 1%)": 0.06153846153846154, "P(D = 0% < R <= 1% | E = 0% < R <= 1%)": 0.0, "P(D = R > 1% | E = 0% < R <= 1%)": 0.4461538461538462, "P(D = R < -1% | E = R > 1%)": 0.27710843373493976, "P(D = -1% <= R <= 0% | E = R > 1%)": 0.12048192771084337, "P(D = 0% < R <= 1% | E = R > 1%)": 0.0, "P(D = R > 1% | E = R > 1%)": 0.6024096385542169}