{"P(D = R < -1% | E = R < -1%)": 0.7697368421052632, "P(D = -1% <= R <= 0% | E = R < -1%)": 0.0, "P(D = 0% < R <= 1% | E = R < -1%)": 0.0, "P(D = R > 1% | E = R < -1%)": 0.23026315789473684, "P(D = R < -1% | E = -1% <= R <= 0%)": 0.6363636363636364, "P(D = -1% <= R <= 0% | E = -1% <= R <= 0%)": 0.045454545454545456, "P(D = 0% < R <= 1% | E = -1% <= R <= 0%)": 0.0, "P(D = R > 1% | E = -1% <= R <= 0%)": 0.3181818181818182, "P(D = R < -1% | E = 0% < R <= 1%)": 0.6956521739130435, "P(D = -1% <= R <= 0% | E = 0% < R <= 1%)": 0.0, "P(D = 0% < R <= 1% | E = 0% < R <= 1%)": 0.0, "P(D = R > 1% | E = 0% < R <= 1%)": 0.30434782608695654, "P(D = R < -1% | E = R > 1%)": 0.6142857142857143, "P(D = -1% <= R <= 0% | E = R > 1%)": 0.0, "P(D = 0% < R <= 1% | E = R > 1%)": 0.0, "P(D = R > 1% | E = R > 1%)": 0.38571428571428573}