{"P(D = R < -1% | E = R < -1%)": 0.0, "P(D = -1% <= R <= 0% | E = R < -1%)": 0.45454545454545453, "P(D = 0% < R <= 1% | E = R < -1%)": 0.5454545454545454, "P(D = R > 1% | E = R < -1%)": 0.0, "P(D = R < -1% | E = -1% <= R <= 0%)": 0.0, "P(D = -1% <= R <= 0% | E = -1% <= R <= 0%)": 0.32098765432098764, "P(D = 0% < R <= 1% | E = -1% <= R <= 0%)": 0.6790123456790124, "P(D = R > 1% | E = -1% <= R <= 0%)": 0.0, "P(D = R < -1% | E = 0% < R <= 1%)": 0.0, "P(D = -1% <= R <= 0% | E = 0% < R <= 1%)": 0.13861386138613863, "P(D = 0% < R <= 1% | E = 0% < R <= 1%)": 0.8613861386138614, "P(D = R > 1% | E = 0% < R <= 1%)": 0.0, "P(D = R < -1% | E = R > 1%)": 0.0, "P(D = -1% <= R <= 0% | E = R > 1%)": 0.0, "P(D = 0% < R <= 1% | E = R > 1%)": 0.875, "P(D = R > 1% | E = R > 1%)": 0.125}