{"P(D = R < -1% | E = R < -1%)": 0.2, "P(D = -1% <= R <= 0% | E = R < -1%)": 0.8, "P(D = 0% < R <= 1% | E = R < -1%)": 0.0, "P(D = R > 1% | E = R < -1%)": 0.0, "P(D = R < -1% | E = -1% <= R <= 0%)": 0.0379746835443038, "P(D = -1% <= R <= 0% | E = -1% <= R <= 0%)": 0.9493670886075949, "P(D = 0% < R <= 1% | E = -1% <= R <= 0%)": 0.0, "P(D = R > 1% | E = -1% <= R <= 0%)": 0.012658227848101266, "P(D = R < -1% | E = 0% < R <= 1%)": 0.058823529411764705, "P(D = -1% <= R <= 0% | E = 0% < R <= 1%)": 0.8529411764705882, "P(D = 0% < R <= 1% | E = 0% < R <= 1%)": 0.0, "P(D = R > 1% | E = 0% < R <= 1%)": 0.08823529411764706, "P(D = R < -1% | E = R > 1%)": 0.037037037037037035, "P(D = -1% <= R <= 0% | E = R > 1%)": 0.7407407407407407, "P(D = 0% < R <= 1% | E = R > 1%)": 0.0, "P(D = R > 1% | E = R > 1%)": 0.2222222222222222}