{"P(D = R < -1% | E = R < -1%)": 0.45641838351822506, "P(D = -1% <= R <= 0% | E = R < -1%)": 0.030110935023771792, "P(D = 0% < R <= 1% | E = R < -1%)": 0.0, "P(D = R > 1% | E = R < -1%)": 0.5134706814580031, "P(D = R < -1% | E = -1% <= R <= 0%)": 0.41348973607038125, "P(D = -1% <= R <= 0% | E = -1% <= R <= 0%)": 0.03519061583577713, "P(D = 0% < R <= 1% | E = -1% <= R <= 0%)": 0.0, "P(D = R > 1% | E = -1% <= R <= 0%)": 0.5513196480938416, "P(D = R < -1% | E = 0% < R <= 1%)": 0.3905579399141631, "P(D = -1% <= R <= 0% | E = 0% < R <= 1%)": 0.008583690987124463, "P(D = 0% < R <= 1% | E = 0% < R <= 1%)": 0.0, "P(D = R > 1% | E = 0% < R <= 1%)": 0.6008583690987125, "P(D = R < -1% | E = R > 1%)": 0.33699059561128525, "P(D = -1% <= R <= 0% | E = R > 1%)": 0.018808777429467086, "P(D = 0% < R <= 1% | E = R > 1%)": 0.0, "P(D = R > 1% | E = R > 1%)": 0.6442006269592476}