{"P(D = R < -1% | E = R < -1%)": 0.20862676056338028, "P(D = -1% <= R <= 0% | E = R < -1%)": 0.6038732394366197, "P(D = 0% < R <= 1% | E = R < -1%)": 0.011443661971830986, "P(D = R > 1% | E = R < -1%)": 0.176056338028169, "P(D = R < -1% | E = -1% <= R <= 0%)": 0.10141987829614604, "P(D = -1% <= R <= 0% | E = -1% <= R <= 0%)": 0.731237322515213, "P(D = 0% < R <= 1% | E = -1% <= R <= 0%)": 0.014198782961460446, "P(D = R > 1% | E = -1% <= R <= 0%)": 0.15314401622718052, "P(D = R < -1% | E = 0% < R <= 1%)": 0.08921161825726141, "P(D = -1% <= R <= 0% | E = 0% < R <= 1%)": 0.7126556016597511, "P(D = 0% < R <= 1% | E = 0% < R <= 1%)": 0.015560165975103735, "P(D = R > 1% | E = 0% < R <= 1%)": 0.1825726141078838, "P(D = R < -1% | E = R > 1%)": 0.10338983050847457, "P(D = -1% <= R <= 0% | E = R > 1%)": 0.5584745762711865, "P(D = 0% < R <= 1% | E = R > 1%)": 0.020338983050847456, "P(D = R > 1% | E = R > 1%)": 0.3177966101694915}