{"P(D = R < -1% | E = R < -1%)": 0.0625, "P(D = -1% <= R <= 0% | E = R < -1%)": 0.625, "P(D = 0% < R <= 1% | E = R < -1%)": 0.3125, "P(D = R > 1% | E = R < -1%)": 0.0, "P(D = R < -1% | E = -1% <= R <= 0%)": 0.012145748987854251, "P(D = -1% <= R <= 0% | E = -1% <= R <= 0%)": 0.5587044534412956, "P(D = 0% < R <= 1% | E = -1% <= R <= 0%)": 0.4008097165991903, "P(D = R > 1% | E = -1% <= R <= 0%)": 0.02834008097165992, "P(D = R < -1% | E = 0% < R <= 1%)": 0.009009009009009009, "P(D = -1% <= R <= 0% | E = 0% < R <= 1%)": 0.4009009009009009, "P(D = 0% < R <= 1% | E = 0% < R <= 1%)": 0.581081081081081, "P(D = R > 1% | E = 0% < R <= 1%)": 0.009009009009009009, "P(D = R < -1% | E = R > 1%)": 0.02127659574468085, "P(D = -1% <= R <= 0% | E = R > 1%)": 0.2765957446808511, "P(D = 0% < R <= 1% | E = R > 1%)": 0.574468085106383, "P(D = R > 1% | E = R > 1%)": 0.1276595744680851}