{"P(D = R < -1% | E = R < -1%)": 0.12666666666666668, "P(D = -1% <= R <= 0% | E = R < -1%)": 0.82, "P(D = 0% < R <= 1% | E = R < -1%)": 0.0, "P(D = R > 1% | E = R < -1%)": 0.05333333333333334, "P(D = R < -1% | E = -1% <= R <= 0%)": 0.023414634146341463, "P(D = -1% <= R <= 0% | E = -1% <= R <= 0%)": 0.9541463414634146, "P(D = 0% < R <= 1% | E = -1% <= R <= 0%)": 0.0, "P(D = R > 1% | E = -1% <= R <= 0%)": 0.0224390243902439, "P(D = R < -1% | E = 0% < R <= 1%)": 0.01488095238095238, "P(D = -1% <= R <= 0% | E = 0% < R <= 1%)": 0.9717261904761905, "P(D = 0% < R <= 1% | E = 0% < R <= 1%)": 0.0, "P(D = R > 1% | E = 0% < R <= 1%)": 0.013392857142857142, "P(D = R < -1% | E = R > 1%)": 0.047619047619047616, "P(D = -1% <= R <= 0% | E = R > 1%)": 0.8214285714285714, "P(D = 0% < R <= 1% | E = R > 1%)": 0.0, "P(D = R > 1% | E = R > 1%)": 0.13095238095238096}