{"P(D = R < -1% | E = R < -1%)": 0.25, "P(D = -1% <= R <= 0% | E = R < -1%)": 0.2857142857142857, "P(D = 0% < R <= 1% | E = R < -1%)": 0.39285714285714285, "P(D = R > 1% | E = R < -1%)": 0.07142857142857142, "P(D = R < -1% | E = -1% <= R <= 0%)": 0.02922077922077922, "P(D = -1% <= R <= 0% | E = -1% <= R <= 0%)": 0.7272727272727273, "P(D = 0% < R <= 1% | E = -1% <= R <= 0%)": 0.21428571428571427, "P(D = R > 1% | E = -1% <= R <= 0%)": 0.02922077922077922, "P(D = R < -1% | E = 0% < R <= 1%)": 0.02456140350877193, "P(D = -1% <= R <= 0% | E = 0% < R <= 1%)": 0.5894736842105263, "P(D = 0% < R <= 1% | E = 0% < R <= 1%)": 0.36140350877192984, "P(D = R > 1% | E = 0% < R <= 1%)": 0.02456140350877193, "P(D = R < -1% | E = R > 1%)": 0.08333333333333333, "P(D = -1% <= R <= 0% | E = R > 1%)": 0.5166666666666667, "P(D = 0% < R <= 1% | E = R > 1%)": 0.16666666666666666, "P(D = R > 1% | E = R > 1%)": 0.23333333333333334}