{"P(D = R < -1% | E = R < -1%)": 0.3118489583333333, "P(D = -1% <= R <= 0% | E = R < -1%)": 0.3951822916666667, "P(D = 0% < R <= 1% | E = R < -1%)": 0.0, "P(D = R > 1% | E = R < -1%)": 0.29296875, "P(D = R < -1% | E = -1% <= R <= 0%)": 0.20508613617719443, "P(D = -1% <= R <= 0% | E = -1% <= R <= 0%)": 0.5143560295324036, "P(D = 0% < R <= 1% | E = -1% <= R <= 0%)": 0.0, "P(D = R > 1% | E = -1% <= R <= 0%)": 0.280557834290402, "P(D = R < -1% | E = 0% < R <= 1%)": 0.20216606498194944, "P(D = -1% <= R <= 0% | E = 0% < R <= 1%)": 0.4729241877256318, "P(D = 0% < R <= 1% | E = 0% < R <= 1%)": 0.0, "P(D = R > 1% | E = 0% < R <= 1%)": 0.3249097472924188, "P(D = R < -1% | E = R > 1%)": 0.18858242463117383, "P(D = -1% <= R <= 0% | E = R > 1%)": 0.39191789608723543, "P(D = 0% < R <= 1% | E = R > 1%)": 0.0, "P(D = R > 1% | E = R > 1%)": 0.41949967928159076}