{"P(D = R < -1% | E = R < -1%)": 0.2857142857142857, "P(D = -1% <= R <= 0% | E = R < -1%)": 0.4835164835164835, "P(D = 0% < R <= 1% | E = R < -1%)": 0.23076923076923078, "P(D = R > 1% | E = R < -1%)": 0.0, "P(D = R < -1% | E = -1% <= R <= 0%)": 0.11794871794871795, "P(D = -1% <= R <= 0% | E = -1% <= R <= 0%)": 0.5435897435897435, "P(D = 0% < R <= 1% | E = -1% <= R <= 0%)": 0.30256410256410254, "P(D = R > 1% | E = -1% <= R <= 0%)": 0.035897435897435895, "P(D = R < -1% | E = 0% < R <= 1%)": 0.10857142857142857, "P(D = -1% <= R <= 0% | E = 0% < R <= 1%)": 0.37714285714285717, "P(D = 0% < R <= 1% | E = 0% < R <= 1%)": 0.4685714285714286, "P(D = R > 1% | E = 0% < R <= 1%)": 0.045714285714285714, "P(D = R < -1% | E = R > 1%)": 0.0945945945945946, "P(D = -1% <= R <= 0% | E = R > 1%)": 0.35135135135135137, "P(D = 0% < R <= 1% | E = R > 1%)": 0.43243243243243246, "P(D = R > 1% | E = R > 1%)": 0.12162162162162163}