{"P(D = R < -1% | E = R < -1%)": 0.2714285714285714, "P(D = -1% <= R <= 0% | E = R < -1%)": 0.5142857142857142, "P(D = 0% < R <= 1% | E = R < -1%)": 0.21428571428571427, "P(D = R > 1% | E = R < -1%)": 0.0, "P(D = R < -1% | E = -1% <= R <= 0%)": 0.11666666666666667, "P(D = -1% <= R <= 0% | E = -1% <= R <= 0%)": 0.49444444444444446, "P(D = 0% < R <= 1% | E = -1% <= R <= 0%)": 0.3611111111111111, "P(D = R > 1% | E = -1% <= R <= 0%)": 0.027777777777777776, "P(D = R < -1% | E = 0% < R <= 1%)": 0.0718562874251497, "P(D = -1% <= R <= 0% | E = 0% < R <= 1%)": 0.32934131736526945, "P(D = 0% < R <= 1% | E = 0% < R <= 1%)": 0.5508982035928144, "P(D = R > 1% | E = 0% < R <= 1%)": 0.04790419161676647, "P(D = R < -1% | E = R > 1%)": 0.03389830508474576, "P(D = -1% <= R <= 0% | E = R > 1%)": 0.23728813559322035, "P(D = 0% < R <= 1% | E = R > 1%)": 0.5084745762711864, "P(D = R > 1% | E = R > 1%)": 0.22033898305084745}