{"P(D = R < -1% | E = R < -1%)": 0.18421052631578946, "P(D = -1% <= R <= 0% | E = R < -1%)": 0.7368421052631579, "P(D = 0% < R <= 1% | E = R < -1%)": 0.0, "P(D = R > 1% | E = R < -1%)": 0.07894736842105263, "P(D = R < -1% | E = -1% <= R <= 0%)": 0.037037037037037035, "P(D = -1% <= R <= 0% | E = -1% <= R <= 0%)": 0.8765432098765432, "P(D = 0% < R <= 1% | E = -1% <= R <= 0%)": 0.0, "P(D = R > 1% | E = -1% <= R <= 0%)": 0.08641975308641975, "P(D = R < -1% | E = 0% < R <= 1%)": 0.07142857142857142, "P(D = -1% <= R <= 0% | E = 0% < R <= 1%)": 0.7857142857142857, "P(D = 0% < R <= 1% | E = 0% < R <= 1%)": 0.0, "P(D = R > 1% | E = 0% < R <= 1%)": 0.14285714285714285, "P(D = R < -1% | E = R > 1%)": 0.02564102564102564, "P(D = -1% <= R <= 0% | E = R > 1%)": 0.38461538461538464, "P(D = 0% < R <= 1% | E = R > 1%)": 0.02564102564102564, "P(D = R > 1% | E = R > 1%)": 0.5641025641025641}