{"P(D = R < -1% | E = R < -1%)": 0.5480225988700564, "P(D = -1% <= R <= 0% | E = R < -1%)": 0.3728813559322034, "P(D = 0% < R <= 1% | E = R < -1%)": 0.02824858757062147, "P(D = R > 1% | E = R < -1%)": 0.05084745762711865, "P(D = R < -1% | E = -1% <= R <= 0%)": 0.25287356321839083, "P(D = -1% <= R <= 0% | E = -1% <= R <= 0%)": 0.4827586206896552, "P(D = 0% < R <= 1% | E = -1% <= R <= 0%)": 0.13218390804597702, "P(D = R > 1% | E = -1% <= R <= 0%)": 0.13218390804597702, "P(D = R < -1% | E = 0% < R <= 1%)": 0.1773049645390071, "P(D = -1% <= R <= 0% | E = 0% < R <= 1%)": 0.46099290780141844, "P(D = 0% < R <= 1% | E = 0% < R <= 1%)": 0.2127659574468085, "P(D = R > 1% | E = 0% < R <= 1%)": 0.14893617021276595, "P(D = R < -1% | E = R > 1%)": 0.2, "P(D = -1% <= R <= 0% | E = R > 1%)": 0.3090909090909091, "P(D = 0% < R <= 1% | E = R > 1%)": 0.18181818181818182, "P(D = R > 1% | E = R > 1%)": 0.3090909090909091}