{"P(D = R < -1% | E = R < -1%)": 0.23574144486692014, "P(D = -1% <= R <= 0% | E = R < -1%)": 0.6768060836501901, "P(D = 0% < R <= 1% | E = R < -1%)": 0.0, "P(D = R > 1% | E = R < -1%)": 0.08745247148288973, "P(D = R < -1% | E = -1% <= R <= 0%)": 0.07633587786259542, "P(D = -1% <= R <= 0% | E = -1% <= R <= 0%)": 0.8015267175572519, "P(D = 0% < R <= 1% | E = -1% <= R <= 0%)": 0.0, "P(D = R > 1% | E = -1% <= R <= 0%)": 0.12213740458015267, "P(D = R < -1% | E = 0% < R <= 1%)": 0.030303030303030304, "P(D = -1% <= R <= 0% | E = 0% < R <= 1%)": 0.8282828282828283, "P(D = 0% < R <= 1% | E = 0% < R <= 1%)": 0.0, "P(D = R > 1% | E = 0% < R <= 1%)": 0.1414141414141414, "P(D = R < -1% | E = R > 1%)": 0.02973977695167286, "P(D = -1% <= R <= 0% | E = R > 1%)": 0.6728624535315985, "P(D = 0% < R <= 1% | E = R > 1%)": 0.0, "P(D = R > 1% | E = R > 1%)": 0.29739776951672864}