{"P(D = R < -1% | E = R < -1%)": 0.07530647985989491, "P(D = -1% <= R <= 0% | E = R < -1%)": 0.7723292469352014, "P(D = 0% < R <= 1% | E = R < -1%)": 0.0, "P(D = R > 1% | E = R < -1%)": 0.15236427320490367, "P(D = R < -1% | E = -1% <= R <= 0%)": 0.03369272237196765, "P(D = -1% <= R <= 0% | E = -1% <= R <= 0%)": 0.8557951482479784, "P(D = 0% < R <= 1% | E = -1% <= R <= 0%)": 0.0, "P(D = R > 1% | E = -1% <= R <= 0%)": 0.1105121293800539, "P(D = R < -1% | E = 0% < R <= 1%)": 0.00992063492063492, "P(D = -1% <= R <= 0% | E = 0% < R <= 1%)": 0.8670634920634921, "P(D = 0% < R <= 1% | E = 0% < R <= 1%)": 0.0, "P(D = R > 1% | E = 0% < R <= 1%)": 0.12301587301587301, "P(D = R < -1% | E = R > 1%)": 0.02384500745156483, "P(D = -1% <= R <= 0% | E = R > 1%)": 0.7377049180327869, "P(D = 0% < R <= 1% | E = R > 1%)": 0.0, "P(D = R > 1% | E = R > 1%)": 0.23845007451564829}