{"P(D = R < -1% | E = R < -1%)": 0.28687196110210694, "P(D = -1% <= R <= 0% | E = R < -1%)": 0.44408427876823336, "P(D = 0% < R <= 1% | E = R < -1%)": 0.055105348460291734, "P(D = R > 1% | E = R < -1%)": 0.21393841166936792, "P(D = R < -1% | E = -1% <= R <= 0%)": 0.12043795620437957, "P(D = -1% <= R <= 0% | E = -1% <= R <= 0%)": 0.5656934306569343, "P(D = 0% < R <= 1% | E = -1% <= R <= 0%)": 0.043795620437956206, "P(D = R > 1% | E = -1% <= R <= 0%)": 0.27007299270072993, "P(D = R < -1% | E = 0% < R <= 1%)": 0.0914396887159533, "P(D = -1% <= R <= 0% | E = 0% < R <= 1%)": 0.5505836575875487, "P(D = 0% < R <= 1% | E = 0% < R <= 1%)": 0.054474708171206226, "P(D = R > 1% | E = 0% < R <= 1%)": 0.3035019455252918, "P(D = R < -1% | E = R > 1%)": 0.08433734939759036, "P(D = -1% <= R <= 0% | E = R > 1%)": 0.42018072289156627, "P(D = 0% < R <= 1% | E = R > 1%)": 0.05421686746987952, "P(D = R > 1% | E = R > 1%)": 0.44126506024096385}