{"P(D = R < -1% | E = R < -1%)": 0.17177914110429449, "P(D = -1% <= R <= 0% | E = R < -1%)": 0.7852760736196319, "P(D = 0% < R <= 1% | E = R < -1%)": 0.0, "P(D = R > 1% | E = R < -1%)": 0.04294478527607362, "P(D = R < -1% | E = -1% <= R <= 0%)": 0.02601156069364162, "P(D = -1% <= R <= 0% | E = -1% <= R <= 0%)": 0.9595375722543352, "P(D = 0% < R <= 1% | E = -1% <= R <= 0%)": 0.0, "P(D = R > 1% | E = -1% <= R <= 0%)": 0.014450867052023121, "P(D = R < -1% | E = 0% < R <= 1%)": 0.011673151750972763, "P(D = -1% <= R <= 0% | E = 0% < R <= 1%)": 0.9688715953307393, "P(D = 0% < R <= 1% | E = 0% < R <= 1%)": 0.0, "P(D = R > 1% | E = 0% < R <= 1%)": 0.019455252918287938, "P(D = R < -1% | E = R > 1%)": 0.0641025641025641, "P(D = -1% <= R <= 0% | E = R > 1%)": 0.782051282051282, "P(D = 0% < R <= 1% | E = R > 1%)": 0.0, "P(D = R > 1% | E = R > 1%)": 0.15384615384615385}