{"P(D = R < -1% | E = R < -1%)": 0.1366120218579235, "P(D = -1% <= R <= 0% | E = R < -1%)": 0.7923497267759563, "P(D = 0% < R <= 1% | E = R < -1%)": 0.00546448087431694, "P(D = R > 1% | E = R < -1%)": 0.06557377049180328, "P(D = R < -1% | E = -1% <= R <= 0%)": 0.019823788546255508, "P(D = -1% <= R <= 0% | E = -1% <= R <= 0%)": 0.960352422907489, "P(D = 0% < R <= 1% | E = -1% <= R <= 0%)": 0.0, "P(D = R > 1% | E = -1% <= R <= 0%)": 0.019823788546255508, "P(D = R < -1% | E = 0% < R <= 1%)": 0.029411764705882353, "P(D = -1% <= R <= 0% | E = 0% < R <= 1%)": 0.9607843137254902, "P(D = 0% < R <= 1% | E = 0% < R <= 1%)": 0.0032679738562091504, "P(D = R > 1% | E = 0% < R <= 1%)": 0.006535947712418301, "P(D = R < -1% | E = R > 1%)": 0.11834319526627218, "P(D = -1% <= R <= 0% | E = R > 1%)": 0.7869822485207101, "P(D = 0% < R <= 1% | E = R > 1%)": 0.0, "P(D = R > 1% | E = R > 1%)": 0.09467455621301775}