{"P(D = R < -1% | E = R < -1%)": 0.2815533980582524, "P(D = -1% <= R <= 0% | E = R < -1%)": 0.0, "P(D = 0% < R <= 1% | E = R < -1%)": 0.019417475728155338, "P(D = R > 1% | E = R < -1%)": 0.6990291262135923, "P(D = R < -1% | E = -1% <= R <= 0%)": 0.1411764705882353, "P(D = -1% <= R <= 0% | E = -1% <= R <= 0%)": 0.0, "P(D = 0% < R <= 1% | E = -1% <= R <= 0%)": 0.0, "P(D = R > 1% | E = -1% <= R <= 0%)": 0.8588235294117647, "P(D = R < -1% | E = 0% < R <= 1%)": 0.14814814814814814, "P(D = -1% <= R <= 0% | E = 0% < R <= 1%)": 0.0, "P(D = 0% < R <= 1% | E = 0% < R <= 1%)": 0.037037037037037035, "P(D = R > 1% | E = 0% < R <= 1%)": 0.8148148148148148, "P(D = R < -1% | E = R > 1%)": 0.13274336283185842, "P(D = -1% <= R <= 0% | E = R > 1%)": 0.0, "P(D = 0% < R <= 1% | E = R > 1%)": 0.008849557522123894, "P(D = R > 1% | E = R > 1%)": 0.8584070796460177}