{"P(D = R < -1% | E = R < -1%)": 0.23703703703703705, "P(D = -1% <= R <= 0% | E = R < -1%)": 0.4839506172839506, "P(D = 0% < R <= 1% | E = R < -1%)": 0.16790123456790124, "P(D = R > 1% | E = R < -1%)": 0.1111111111111111, "P(D = R < -1% | E = -1% <= R <= 0%)": 0.08446866485013624, "P(D = -1% <= R <= 0% | E = -1% <= R <= 0%)": 0.7193460490463215, "P(D = 0% < R <= 1% | E = -1% <= R <= 0%)": 0.1307901907356948, "P(D = R > 1% | E = -1% <= R <= 0%)": 0.0653950953678474, "P(D = R < -1% | E = 0% < R <= 1%)": 0.1289308176100629, "P(D = -1% <= R <= 0% | E = 0% < R <= 1%)": 0.6540880503144654, "P(D = 0% < R <= 1% | E = 0% < R <= 1%)": 0.1761006289308176, "P(D = R > 1% | E = 0% < R <= 1%)": 0.040880503144654086, "P(D = R < -1% | E = R > 1%)": 0.17539267015706805, "P(D = -1% <= R <= 0% | E = R > 1%)": 0.4738219895287958, "P(D = 0% < R <= 1% | E = R > 1%)": 0.14397905759162305, "P(D = R > 1% | E = R > 1%)": 0.20680628272251309}