{"P(D = R < -1% | E = R < -1%)": 0.3553299492385787, "P(D = -1% <= R <= 0% | E = R < -1%)": 0.41243654822335024, "P(D = 0% < R <= 1% | E = R < -1%)": 0.0, "P(D = R > 1% | E = R < -1%)": 0.23223350253807107, "P(D = R < -1% | E = -1% <= R <= 0%)": 0.19426336375488917, "P(D = -1% <= R <= 0% | E = -1% <= R <= 0%)": 0.5736636245110821, "P(D = 0% < R <= 1% | E = -1% <= R <= 0%)": 0.001303780964797914, "P(D = R > 1% | E = -1% <= R <= 0%)": 0.23076923076923078, "P(D = R < -1% | E = 0% < R <= 1%)": 0.20210526315789473, "P(D = -1% <= R <= 0% | E = 0% < R <= 1%)": 0.49894736842105264, "P(D = 0% < R <= 1% | E = 0% < R <= 1%)": 0.0, "P(D = R > 1% | E = 0% < R <= 1%)": 0.29894736842105263, "P(D = R < -1% | E = R > 1%)": 0.14199029126213591, "P(D = -1% <= R <= 0% | E = R > 1%)": 0.39563106796116504, "P(D = 0% < R <= 1% | E = R > 1%)": 0.0012135922330097086, "P(D = R > 1% | E = R > 1%)": 0.46116504854368934}