{"P(D = R < -1% | E = R < -1%)": 0.19460500963391136, "P(D = -1% <= R <= 0% | E = R < -1%)": 0.3198458574181118, "P(D = 0% < R <= 1% | E = R < -1%)": 0.0, "P(D = R > 1% | E = R < -1%)": 0.48554913294797686, "P(D = R < -1% | E = -1% <= R <= 0%)": 0.08591885441527446, "P(D = -1% <= R <= 0% | E = -1% <= R <= 0%)": 0.43914081145584727, "P(D = 0% < R <= 1% | E = -1% <= R <= 0%)": 0.0, "P(D = R > 1% | E = -1% <= R <= 0%)": 0.47494033412887826, "P(D = R < -1% | E = 0% < R <= 1%)": 0.06948640483383686, "P(D = -1% <= R <= 0% | E = 0% < R <= 1%)": 0.43202416918429004, "P(D = 0% < R <= 1% | E = 0% < R <= 1%)": 0.0, "P(D = R > 1% | E = 0% < R <= 1%)": 0.4984894259818731, "P(D = R < -1% | E = R > 1%)": 0.137546468401487, "P(D = -1% <= R <= 0% | E = R > 1%)": 0.3643122676579926, "P(D = 0% < R <= 1% | E = R > 1%)": 0.0, "P(D = R > 1% | E = R > 1%)": 0.49814126394052044}