{"P(D = R < -1% | E = R < -1%)": 0.27722772277227725, "P(D = -1% <= R <= 0% | E = R < -1%)": 0.49504950495049505, "P(D = 0% < R <= 1% | E = R < -1%)": 0.0, "P(D = R > 1% | E = R < -1%)": 0.22772277227722773, "P(D = R < -1% | E = -1% <= R <= 0%)": 0.102803738317757, "P(D = -1% <= R <= 0% | E = -1% <= R <= 0%)": 0.6635514018691588, "P(D = 0% < R <= 1% | E = -1% <= R <= 0%)": 0.018691588785046728, "P(D = R > 1% | E = -1% <= R <= 0%)": 0.21495327102803738, "P(D = R < -1% | E = 0% < R <= 1%)": 0.1724137931034483, "P(D = -1% <= R <= 0% | E = 0% < R <= 1%)": 0.603448275862069, "P(D = 0% < R <= 1% | E = 0% < R <= 1%)": 0.0, "P(D = R > 1% | E = 0% < R <= 1%)": 0.22413793103448276, "P(D = R < -1% | E = R > 1%)": 0.05825242718446602, "P(D = -1% <= R <= 0% | E = R > 1%)": 0.3786407766990291, "P(D = 0% < R <= 1% | E = R > 1%)": 0.0, "P(D = R > 1% | E = R > 1%)": 0.5631067961165048}