{"P(D = R < -1% | E = R < -1%)": 0.5360824742268041, "P(D = -1% <= R <= 0% | E = R < -1%)": 0.23711340206185566, "P(D = 0% < R <= 1% | E = R < -1%)": 0.1134020618556701, "P(D = R > 1% | E = R < -1%)": 0.1134020618556701, "P(D = R < -1% | E = -1% <= R <= 0%)": 0.1485148514851485, "P(D = -1% <= R <= 0% | E = -1% <= R <= 0%)": 0.5148514851485149, "P(D = 0% < R <= 1% | E = -1% <= R <= 0%)": 0.24752475247524752, "P(D = R > 1% | E = -1% <= R <= 0%)": 0.0891089108910891, "P(D = R < -1% | E = 0% < R <= 1%)": 0.09210526315789473, "P(D = -1% <= R <= 0% | E = 0% < R <= 1%)": 0.27631578947368424, "P(D = 0% < R <= 1% | E = 0% < R <= 1%)": 0.4342105263157895, "P(D = R > 1% | E = 0% < R <= 1%)": 0.19736842105263158, "P(D = R < -1% | E = R > 1%)": 0.07608695652173914, "P(D = -1% <= R <= 0% | E = R > 1%)": 0.21739130434782608, "P(D = 0% < R <= 1% | E = R > 1%)": 0.33695652173913043, "P(D = R > 1% | E = R > 1%)": 0.3695652173913043}