{"P(D = R < -1% | E = R < -1%)": 0.2600896860986547, "P(D = -1% <= R <= 0% | E = R < -1%)": 0.5695067264573991, "P(D = 0% < R <= 1% | E = R < -1%)": 0.08520179372197309, "P(D = R > 1% | E = R < -1%)": 0.08520179372197309, "P(D = R < -1% | E = -1% <= R <= 0%)": 0.0782608695652174, "P(D = -1% <= R <= 0% | E = -1% <= R <= 0%)": 0.7565217391304347, "P(D = 0% < R <= 1% | E = -1% <= R <= 0%)": 0.08405797101449275, "P(D = R > 1% | E = -1% <= R <= 0%)": 0.08115942028985507, "P(D = R < -1% | E = 0% < R <= 1%)": 0.06597222222222222, "P(D = -1% <= R <= 0% | E = 0% < R <= 1%)": 0.6979166666666666, "P(D = 0% < R <= 1% | E = 0% < R <= 1%)": 0.14930555555555555, "P(D = R > 1% | E = 0% < R <= 1%)": 0.08680555555555555, "P(D = R < -1% | E = R > 1%)": 0.07758620689655173, "P(D = -1% <= R <= 0% | E = R > 1%)": 0.4353448275862069, "P(D = 0% < R <= 1% | E = R > 1%)": 0.125, "P(D = R > 1% | E = R > 1%)": 0.3620689655172414}