{"P(D = R < -1% | E = R < -1%)": 0.0, "P(D = -1% <= R <= 0% | E = R < -1%)": 0.12403100775193798, "P(D = 0% < R <= 1% | E = R < -1%)": 0.875968992248062, "P(D = R > 1% | E = R < -1%)": 0.0, "P(D = R < -1% | E = -1% <= R <= 0%)": 0.0, "P(D = -1% <= R <= 0% | E = -1% <= R <= 0%)": 0.14565217391304347, "P(D = 0% < R <= 1% | E = -1% <= R <= 0%)": 0.8543478260869565, "P(D = R > 1% | E = -1% <= R <= 0%)": 0.0, "P(D = R < -1% | E = 0% < R <= 1%)": 0.0, "P(D = -1% <= R <= 0% | E = 0% < R <= 1%)": 0.10420841683366733, "P(D = 0% < R <= 1% | E = 0% < R <= 1%)": 0.8957915831663327, "P(D = R > 1% | E = 0% < R <= 1%)": 0.0, "P(D = R < -1% | E = R > 1%)": 0.0, "P(D = -1% <= R <= 0% | E = R > 1%)": 0.14285714285714285, "P(D = 0% < R <= 1% | E = R > 1%)": 0.8571428571428571, "P(D = R > 1% | E = R > 1%)": 0.0}