{"P(D = R < -1% | E = R < -1%)": 0.11597374179431072, "P(D = -1% <= R <= 0% | E = R < -1%)": 0.6301969365426696, "P(D = 0% < R <= 1% | E = R < -1%)": 0.1772428884026258, "P(D = R > 1% | E = R < -1%)": 0.07658643326039387, "P(D = R < -1% | E = -1% <= R <= 0%)": 0.030728709394205442, "P(D = -1% <= R <= 0% | E = -1% <= R <= 0%)": 0.6892010535557507, "P(D = 0% < R <= 1% | E = -1% <= R <= 0%)": 0.23617208077260754, "P(D = R > 1% | E = -1% <= R <= 0%)": 0.043898156277436345, "P(D = R < -1% | E = 0% < R <= 1%)": 0.016049382716049384, "P(D = -1% <= R <= 0% | E = 0% < R <= 1%)": 0.5382716049382716, "P(D = 0% < R <= 1% | E = 0% < R <= 1%)": 0.38395061728395063, "P(D = R > 1% | E = 0% < R <= 1%)": 0.06172839506172839, "P(D = R < -1% | E = R > 1%)": 0.026584867075664622, "P(D = -1% <= R <= 0% | E = R > 1%)": 0.3824130879345603, "P(D = 0% < R <= 1% | E = R > 1%)": 0.34151329243353784, "P(D = R > 1% | E = R > 1%)": 0.24948875255623723}