{"P(D = R < -1% | E = R < -1%)": 0.6102003642987249, "P(D = -1% <= R <= 0% | E = R < -1%)": 0.0, "P(D = 0% < R <= 1% | E = R < -1%)": 0.0, "P(D = R > 1% | E = R < -1%)": 0.38979963570127507, "P(D = R < -1% | E = -1% <= R <= 0%)": 0.48024316109422494, "P(D = -1% <= R <= 0% | E = -1% <= R <= 0%)": 0.0, "P(D = 0% < R <= 1% | E = -1% <= R <= 0%)": 0.0, "P(D = R > 1% | E = -1% <= R <= 0%)": 0.5197568389057751, "P(D = R < -1% | E = 0% < R <= 1%)": 0.3939393939393939, "P(D = -1% <= R <= 0% | E = 0% < R <= 1%)": 0.0, "P(D = 0% < R <= 1% | E = 0% < R <= 1%)": 0.0, "P(D = R > 1% | E = 0% < R <= 1%)": 0.6060606060606061, "P(D = R < -1% | E = R > 1%)": 0.2910958904109589, "P(D = -1% <= R <= 0% | E = R > 1%)": 0.0, "P(D = 0% < R <= 1% | E = R > 1%)": 0.0, "P(D = R > 1% | E = R > 1%)": 0.708904109589041}