{"P(D = R < -1% | E = R < -1%)": 0.05434782608695652, "P(D = -1% <= R <= 0% | E = R < -1%)": 0.8913043478260869, "P(D = 0% < R <= 1% | E = R < -1%)": 0.05434782608695652, "P(D = R > 1% | E = R < -1%)": 0.0, "P(D = R < -1% | E = -1% <= R <= 0%)": 0.02097902097902098, "P(D = -1% <= R <= 0% | E = -1% <= R <= 0%)": 0.9090909090909091, "P(D = 0% < R <= 1% | E = -1% <= R <= 0%)": 0.06993006993006994, "P(D = R > 1% | E = -1% <= R <= 0%)": 0.0, "P(D = R < -1% | E = 0% < R <= 1%)": 0.0375, "P(D = -1% <= R <= 0% | E = 0% < R <= 1%)": 0.8541666666666666, "P(D = 0% < R <= 1% | E = 0% < R <= 1%)": 0.10833333333333334, "P(D = R > 1% | E = 0% < R <= 1%)": 0.0, "P(D = R < -1% | E = R > 1%)": 0.03409090909090909, "P(D = -1% <= R <= 0% | E = R > 1%)": 0.8522727272727273, "P(D = 0% < R <= 1% | E = R > 1%)": 0.11363636363636363, "P(D = R > 1% | E = R > 1%)": 0.0}