{"P(D = R < -1% | E = R < -1%)": 0.29878048780487804, "P(D = -1% <= R <= 0% | E = R < -1%)": 0.21951219512195122, "P(D = 0% < R <= 1% | E = R < -1%)": 0.0, "P(D = R > 1% | E = R < -1%)": 0.4817073170731707, "P(D = R < -1% | E = -1% <= R <= 0%)": 0.2033096926713948, "P(D = -1% <= R <= 0% | E = -1% <= R <= 0%)": 0.15839243498817968, "P(D = 0% < R <= 1% | E = -1% <= R <= 0%)": 0.0, "P(D = R > 1% | E = -1% <= R <= 0%)": 0.6382978723404256, "P(D = R < -1% | E = 0% < R <= 1%)": 0.1568627450980392, "P(D = -1% <= R <= 0% | E = 0% < R <= 1%)": 0.22875816993464052, "P(D = 0% < R <= 1% | E = 0% < R <= 1%)": 0.0, "P(D = R > 1% | E = 0% < R <= 1%)": 0.6143790849673203, "P(D = R < -1% | E = R > 1%)": 0.2015810276679842, "P(D = -1% <= R <= 0% | E = R > 1%)": 0.1442687747035573, "P(D = 0% < R <= 1% | E = R > 1%)": 0.0, "P(D = R > 1% | E = R > 1%)": 0.6541501976284585}