{"P(D = R < -1% | E = R < -1%)": 0.22641509433962265, "P(D = -1% <= R <= 0% | E = R < -1%)": 0.7018867924528301, "P(D = 0% < R <= 1% | E = R < -1%)": 0.0, "P(D = R > 1% | E = R < -1%)": 0.07169811320754717, "P(D = R < -1% | E = -1% <= R <= 0%)": 0.04702970297029703, "P(D = -1% <= R <= 0% | E = -1% <= R <= 0%)": 0.8861386138613861, "P(D = 0% < R <= 1% | E = -1% <= R <= 0%)": 0.0, "P(D = R > 1% | E = -1% <= R <= 0%)": 0.06683168316831684, "P(D = R < -1% | E = 0% < R <= 1%)": 0.04814814814814815, "P(D = -1% <= R <= 0% | E = 0% < R <= 1%)": 0.9259259259259259, "P(D = 0% < R <= 1% | E = 0% < R <= 1%)": 0.0, "P(D = R > 1% | E = 0% < R <= 1%)": 0.025925925925925925, "P(D = R < -1% | E = R > 1%)": 0.12292358803986711, "P(D = -1% <= R <= 0% | E = R > 1%)": 0.7541528239202658, "P(D = 0% < R <= 1% | E = R > 1%)": 0.0, "P(D = R > 1% | E = R > 1%)": 0.12292358803986711}