{"P(D = R < -1% | E = R < -1%)": 0.10909090909090909, "P(D = -1% <= R <= 0% | E = R < -1%)": 0.12121212121212122, "P(D = 0% < R <= 1% | E = R < -1%)": 0.7272727272727273, "P(D = R > 1% | E = R < -1%)": 0.04242424242424243, "P(D = R < -1% | E = -1% <= R <= 0%)": 0.045871559633027525, "P(D = -1% <= R <= 0% | E = -1% <= R <= 0%)": 0.14220183486238533, "P(D = 0% < R <= 1% | E = -1% <= R <= 0%)": 0.7660550458715596, "P(D = R > 1% | E = -1% <= R <= 0%)": 0.045871559633027525, "P(D = R < -1% | E = 0% < R <= 1%)": 0.0205761316872428, "P(D = -1% <= R <= 0% | E = 0% < R <= 1%)": 0.09876543209876543, "P(D = 0% < R <= 1% | E = 0% < R <= 1%)": 0.8559670781893004, "P(D = R > 1% | E = 0% < R <= 1%)": 0.024691358024691357, "P(D = R < -1% | E = R > 1%)": 0.06735751295336788, "P(D = -1% <= R <= 0% | E = R > 1%)": 0.15025906735751296, "P(D = 0% < R <= 1% | E = R > 1%)": 0.7305699481865285, "P(D = R > 1% | E = R > 1%)": 0.05181347150259067}