{"P(D = R < -1% | E = R < -1%)": 0.5974842767295597, "P(D = -1% <= R <= 0% | E = R < -1%)": 0.0, "P(D = 0% < R <= 1% | E = R < -1%)": 0.0, "P(D = R > 1% | E = R < -1%)": 0.4025157232704403, "P(D = R < -1% | E = -1% <= R <= 0%)": 0.4065934065934066, "P(D = -1% <= R <= 0% | E = -1% <= R <= 0%)": 0.0, "P(D = 0% < R <= 1% | E = -1% <= R <= 0%)": 0.0, "P(D = R > 1% | E = -1% <= R <= 0%)": 0.5934065934065934, "P(D = R < -1% | E = 0% < R <= 1%)": 0.3409090909090909, "P(D = -1% <= R <= 0% | E = 0% < R <= 1%)": 0.022727272727272728, "P(D = 0% < R <= 1% | E = 0% < R <= 1%)": 0.0, "P(D = R > 1% | E = 0% < R <= 1%)": 0.6363636363636364, "P(D = R < -1% | E = R > 1%)": 0.3869047619047619, "P(D = -1% <= R <= 0% | E = R > 1%)": 0.0, "P(D = 0% < R <= 1% | E = R > 1%)": 0.0, "P(D = R > 1% | E = R > 1%)": 0.6130952380952381}