{"P(D = R < -1% | E = R < -1%)": 0.10638297872340426, "P(D = -1% <= R <= 0% | E = R < -1%)": 0.375886524822695, "P(D = 0% < R <= 1% | E = R < -1%)": 0.48226950354609927, "P(D = R > 1% | E = R < -1%)": 0.03546099290780142, "P(D = R < -1% | E = -1% <= R <= 0%)": 0.05555555555555555, "P(D = -1% <= R <= 0% | E = -1% <= R <= 0%)": 0.40476190476190477, "P(D = 0% < R <= 1% | E = -1% <= R <= 0%)": 0.5198412698412699, "P(D = R > 1% | E = -1% <= R <= 0%)": 0.01984126984126984, "P(D = R < -1% | E = 0% < R <= 1%)": 0.046413502109704644, "P(D = -1% <= R <= 0% | E = 0% < R <= 1%)": 0.25316455696202533, "P(D = 0% < R <= 1% | E = 0% < R <= 1%)": 0.6835443037974683, "P(D = R > 1% | E = 0% < R <= 1%)": 0.016877637130801686, "P(D = R < -1% | E = R > 1%)": 0.0821917808219178, "P(D = -1% <= R <= 0% | E = R > 1%)": 0.3013698630136986, "P(D = 0% < R <= 1% | E = R > 1%)": 0.4863013698630137, "P(D = R > 1% | E = R > 1%)": 0.13013698630136986}