{"P(D = R < -1% | E = R < -1%)": 0.2730398899587345, "P(D = -1% <= R <= 0% | E = R < -1%)": 0.5949105914718019, "P(D = 0% < R <= 1% | E = R < -1%)": 0.001375515818431912, "P(D = R > 1% | E = R < -1%)": 0.13067400275103164, "P(D = R < -1% | E = -1% <= R <= 0%)": 0.08776371308016878, "P(D = -1% <= R <= 0% | E = -1% <= R <= 0%)": 0.8059071729957806, "P(D = 0% < R <= 1% | E = -1% <= R <= 0%)": 0.0, "P(D = R > 1% | E = -1% <= R <= 0%)": 0.10632911392405063, "P(D = R < -1% | E = 0% < R <= 1%)": 0.09078014184397164, "P(D = -1% <= R <= 0% | E = 0% < R <= 1%)": 0.7914893617021277, "P(D = 0% < R <= 1% | E = 0% < R <= 1%)": 0.0028368794326241137, "P(D = R > 1% | E = 0% < R <= 1%)": 0.1148936170212766, "P(D = R < -1% | E = R > 1%)": 0.1616897305171158, "P(D = -1% <= R <= 0% | E = R > 1%)": 0.6460305899490167, "P(D = 0% < R <= 1% | E = R > 1%)": 0.0007283321194464676, "P(D = R > 1% | E = R > 1%)": 0.19155134741442098}