{"P(D = R < -1% | E = R < -1%)": 0.2660455486542443, "P(D = -1% <= R <= 0% | E = R < -1%)": 0.6180124223602484, "P(D = 0% < R <= 1% | E = R < -1%)": 0.0, "P(D = R > 1% | E = R < -1%)": 0.11594202898550725, "P(D = R < -1% | E = -1% <= R <= 0%)": 0.1199207135777998, "P(D = -1% <= R <= 0% | E = -1% <= R <= 0%)": 0.7462834489593657, "P(D = 0% < R <= 1% | E = -1% <= R <= 0%)": 0.0, "P(D = R > 1% | E = -1% <= R <= 0%)": 0.1337958374628345, "P(D = R < -1% | E = 0% < R <= 1%)": 0.09420289855072464, "P(D = -1% <= R <= 0% | E = 0% < R <= 1%)": 0.7391304347826086, "P(D = 0% < R <= 1% | E = 0% < R <= 1%)": 0.0, "P(D = R > 1% | E = 0% < R <= 1%)": 0.16666666666666666, "P(D = R < -1% | E = R > 1%)": 0.10251046025104603, "P(D = -1% <= R <= 0% | E = R > 1%)": 0.5951882845188284, "P(D = 0% < R <= 1% | E = R > 1%)": 0.0, "P(D = R > 1% | E = R > 1%)": 0.3023012552301255}