{"P(D = R < -1% | E = R < -1%)": 0.34646302250803857, "P(D = -1% <= R <= 0% | E = R < -1%)": 0.44935691318327975, "P(D = 0% < R <= 1% | E = R < -1%)": 0.0, "P(D = R > 1% | E = R < -1%)": 0.20418006430868169, "P(D = R < -1% | E = -1% <= R <= 0%)": 0.21244635193133046, "P(D = -1% <= R <= 0% | E = -1% <= R <= 0%)": 0.6319742489270386, "P(D = 0% < R <= 1% | E = -1% <= R <= 0%)": 0.0, "P(D = R > 1% | E = -1% <= R <= 0%)": 0.1555793991416309, "P(D = R < -1% | E = 0% < R <= 1%)": 0.18739352640545145, "P(D = -1% <= R <= 0% | E = 0% < R <= 1%)": 0.6303236797274276, "P(D = 0% < R <= 1% | E = 0% < R <= 1%)": 0.0, "P(D = R > 1% | E = 0% < R <= 1%)": 0.18228279386712096, "P(D = R < -1% | E = R > 1%)": 0.26943462897526504, "P(D = -1% <= R <= 0% | E = R > 1%)": 0.4452296819787986, "P(D = 0% < R <= 1% | E = R > 1%)": 0.0, "P(D = R > 1% | E = R > 1%)": 0.28533568904593637}