{"P(D = R < -1% | E = R < -1%)": 0.0, "P(D = -1% <= R <= 0% | E = R < -1%)": 0.8214285714285714, "P(D = 0% < R <= 1% | E = R < -1%)": 0.17857142857142858, "P(D = R > 1% | E = R < -1%)": 0.0, "P(D = R < -1% | E = -1% <= R <= 0%)": 0.0, "P(D = -1% <= R <= 0% | E = -1% <= R <= 0%)": 0.901840490797546, "P(D = 0% < R <= 1% | E = -1% <= R <= 0%)": 0.09815950920245399, "P(D = R > 1% | E = -1% <= R <= 0%)": 0.0, "P(D = R < -1% | E = 0% < R <= 1%)": 0.0, "P(D = -1% <= R <= 0% | E = 0% < R <= 1%)": 0.8739495798319328, "P(D = 0% < R <= 1% | E = 0% < R <= 1%)": 0.12605042016806722, "P(D = R > 1% | E = 0% < R <= 1%)": 0.0, "P(D = R < -1% | E = R > 1%)": 0.0, "P(D = -1% <= R <= 0% | E = R > 1%)": 0.8953488372093024, "P(D = 0% < R <= 1% | E = R > 1%)": 0.10465116279069768, "P(D = R > 1% | E = R > 1%)": 0.0}