{"P(D = R < -1% | E = R < -1%)": 0.14946380697050937, "P(D = -1% <= R <= 0% | E = R < -1%)": 0.6916890080428955, "P(D = 0% < R <= 1% | E = R < -1%)": 0.0, "P(D = R > 1% | E = R < -1%)": 0.15884718498659517, "P(D = R < -1% | E = -1% <= R <= 0%)": 0.11964171465131158, "P(D = -1% <= R <= 0% | E = -1% <= R <= 0%)": 0.7664747280870121, "P(D = 0% < R <= 1% | E = -1% <= R <= 0%)": 0.0, "P(D = R > 1% | E = -1% <= R <= 0%)": 0.11388355726167626, "P(D = R < -1% | E = 0% < R <= 1%)": 0.04020979020979021, "P(D = -1% <= R <= 0% | E = 0% < R <= 1%)": 0.715034965034965, "P(D = 0% < R <= 1% | E = 0% < R <= 1%)": 0.0, "P(D = R > 1% | E = 0% < R <= 1%)": 0.24475524475524477, "P(D = R < -1% | E = R > 1%)": 0.07580751483190508, "P(D = -1% <= R <= 0% | E = R > 1%)": 0.6697429136453527, "P(D = 0% < R <= 1% | E = R > 1%)": 0.0, "P(D = R > 1% | E = R > 1%)": 0.2544495715227423}