{"P(D = R < -1% | E = R < -1%)": 0.04395604395604396, "P(D = -1% <= R <= 0% | E = R < -1%)": 0.46153846153846156, "P(D = 0% < R <= 1% | E = R < -1%)": 0.34065934065934067, "P(D = R > 1% | E = R < -1%)": 0.15384615384615385, "P(D = R < -1% | E = -1% <= R <= 0%)": 0.002364066193853428, "P(D = -1% <= R <= 0% | E = -1% <= R <= 0%)": 0.6382978723404256, "P(D = 0% < R <= 1% | E = -1% <= R <= 0%)": 0.3404255319148936, "P(D = R > 1% | E = -1% <= R <= 0%)": 0.018912529550827423, "P(D = R < -1% | E = 0% < R <= 1%)": 0.005141388174807198, "P(D = -1% <= R <= 0% | E = 0% < R <= 1%)": 0.40359897172236503, "P(D = 0% < R <= 1% | E = 0% < R <= 1%)": 0.5501285347043702, "P(D = R > 1% | E = 0% < R <= 1%)": 0.04113110539845758, "P(D = R < -1% | E = R > 1%)": 0.04, "P(D = -1% <= R <= 0% | E = R > 1%)": 0.25, "P(D = 0% < R <= 1% | E = R > 1%)": 0.61, "P(D = R > 1% | E = R > 1%)": 0.1}