{"P(D = R < -1% | E = R < -1%)": 0.6706827309236948, "P(D = -1% <= R <= 0% | E = R < -1%)": 0.008032128514056224, "P(D = 0% < R <= 1% | E = R < -1%)": 0.020080321285140562, "P(D = R > 1% | E = R < -1%)": 0.30120481927710846, "P(D = R < -1% | E = -1% <= R <= 0%)": 0.5338983050847458, "P(D = -1% <= R <= 0% | E = -1% <= R <= 0%)": 0.00847457627118644, "P(D = 0% < R <= 1% | E = -1% <= R <= 0%)": 0.0423728813559322, "P(D = R > 1% | E = -1% <= R <= 0%)": 0.4152542372881356, "P(D = R < -1% | E = 0% < R <= 1%)": 0.48, "P(D = -1% <= R <= 0% | E = 0% < R <= 1%)": 0.0, "P(D = 0% < R <= 1% | E = 0% < R <= 1%)": 0.013333333333333334, "P(D = R > 1% | E = 0% < R <= 1%)": 0.5066666666666667, "P(D = R < -1% | E = R > 1%)": 0.4027777777777778, "P(D = -1% <= R <= 0% | E = R > 1%)": 0.013888888888888888, "P(D = 0% < R <= 1% | E = R > 1%)": 0.013888888888888888, "P(D = R > 1% | E = R > 1%)": 0.5694444444444444}