{"P(D = R < -1% | E = R < -1%)": 0.2976190476190476, "P(D = -1% <= R <= 0% | E = R < -1%)": 0.6904761904761905, "P(D = 0% < R <= 1% | E = R < -1%)": 0.0, "P(D = R > 1% | E = R < -1%)": 0.011904761904761904, "P(D = R < -1% | E = -1% <= R <= 0%)": 0.07947019867549669, "P(D = -1% <= R <= 0% | E = -1% <= R <= 0%)": 0.8807947019867549, "P(D = 0% < R <= 1% | E = -1% <= R <= 0%)": 0.0, "P(D = R > 1% | E = -1% <= R <= 0%)": 0.039735099337748346, "P(D = R < -1% | E = 0% < R <= 1%)": 0.06, "P(D = -1% <= R <= 0% | E = 0% < R <= 1%)": 0.88, "P(D = 0% < R <= 1% | E = 0% < R <= 1%)": 0.0, "P(D = R > 1% | E = 0% < R <= 1%)": 0.06, "P(D = R < -1% | E = R > 1%)": 0.07692307692307693, "P(D = -1% <= R <= 0% | E = R > 1%)": 0.8717948717948718, "P(D = 0% < R <= 1% | E = R > 1%)": 0.0, "P(D = R > 1% | E = R > 1%)": 0.05128205128205128}