{"P(D = R < -1% | E = R < -1%)": 0.3140655105973025, "P(D = -1% <= R <= 0% | E = R < -1%)": 0.2909441233140655, "P(D = 0% < R <= 1% | E = R < -1%)": 0.0, "P(D = R > 1% | E = R < -1%)": 0.394990366088632, "P(D = R < -1% | E = -1% <= R <= 0%)": 0.20649651972157773, "P(D = -1% <= R <= 0% | E = -1% <= R <= 0%)": 0.42923433874709976, "P(D = 0% < R <= 1% | E = -1% <= R <= 0%)": 0.0, "P(D = R > 1% | E = -1% <= R <= 0%)": 0.3642691415313225, "P(D = R < -1% | E = 0% < R <= 1%)": 0.20588235294117646, "P(D = -1% <= R <= 0% | E = 0% < R <= 1%)": 0.3872549019607843, "P(D = 0% < R <= 1% | E = 0% < R <= 1%)": 0.0, "P(D = R > 1% | E = 0% < R <= 1%)": 0.4068627450980392, "P(D = R < -1% | E = R > 1%)": 0.21160409556313994, "P(D = -1% <= R <= 0% | E = R > 1%)": 0.28498293515358364, "P(D = 0% < R <= 1% | E = R > 1%)": 0.0, "P(D = R > 1% | E = R > 1%)": 0.5034129692832765}