{"P(D = R < -1% | E = R < -1%)": 0.27586206896551724, "P(D = -1% <= R <= 0% | E = R < -1%)": 0.5862068965517241, "P(D = 0% < R <= 1% | E = R < -1%)": 0.13793103448275862, "P(D = R > 1% | E = R < -1%)": 0.0, "P(D = R < -1% | E = -1% <= R <= 0%)": 0.058823529411764705, "P(D = -1% <= R <= 0% | E = -1% <= R <= 0%)": 0.7411764705882353, "P(D = 0% < R <= 1% | E = -1% <= R <= 0%)": 0.2, "P(D = R > 1% | E = -1% <= R <= 0%)": 0.0, "P(D = R < -1% | E = 0% < R <= 1%)": 0.018518518518518517, "P(D = -1% <= R <= 0% | E = 0% < R <= 1%)": 0.5370370370370371, "P(D = 0% < R <= 1% | E = 0% < R <= 1%)": 0.4074074074074074, "P(D = R > 1% | E = 0% < R <= 1%)": 0.037037037037037035, "P(D = R < -1% | E = R > 1%)": 0.041666666666666664, "P(D = -1% <= R <= 0% | E = R > 1%)": 0.375, "P(D = 0% < R <= 1% | E = R > 1%)": 0.3333333333333333, "P(D = R > 1% | E = R > 1%)": 0.25}