{"P(D = R < -1% | E = R < -1%)": 0.6862745098039216, "P(D = -1% <= R <= 0% | E = R < -1%)": 0.0, "P(D = 0% < R <= 1% | E = R < -1%)": 0.0, "P(D = R > 1% | E = R < -1%)": 0.3137254901960784, "P(D = R < -1% | E = -1% <= R <= 0%)": 0.5932203389830508, "P(D = -1% <= R <= 0% | E = -1% <= R <= 0%)": 0.0, "P(D = 0% < R <= 1% | E = -1% <= R <= 0%)": 0.01694915254237288, "P(D = R > 1% | E = -1% <= R <= 0%)": 0.3898305084745763, "P(D = R < -1% | E = 0% < R <= 1%)": 0.6111111111111112, "P(D = -1% <= R <= 0% | E = 0% < R <= 1%)": 0.0, "P(D = 0% < R <= 1% | E = 0% < R <= 1%)": 0.037037037037037035, "P(D = R > 1% | E = 0% < R <= 1%)": 0.35185185185185186, "P(D = R < -1% | E = R > 1%)": 0.5054945054945055, "P(D = -1% <= R <= 0% | E = R > 1%)": 0.0, "P(D = 0% < R <= 1% | E = R > 1%)": 0.01098901098901099, "P(D = R > 1% | E = R > 1%)": 0.4835164835164835}