{"P(D = R < -1% | E = R < -1%)": 0.8045977011494253, "P(D = -1% <= R <= 0% | E = R < -1%)": 0.0, "P(D = 0% < R <= 1% | E = R < -1%)": 0.0, "P(D = R > 1% | E = R < -1%)": 0.19540229885057472, "P(D = R < -1% | E = -1% <= R <= 0%)": 0.7177914110429447, "P(D = -1% <= R <= 0% | E = -1% <= R <= 0%)": 0.006134969325153374, "P(D = 0% < R <= 1% | E = -1% <= R <= 0%)": 0.0, "P(D = R > 1% | E = -1% <= R <= 0%)": 0.27607361963190186, "P(D = R < -1% | E = 0% < R <= 1%)": 0.6666666666666666, "P(D = -1% <= R <= 0% | E = 0% < R <= 1%)": 0.0, "P(D = 0% < R <= 1% | E = 0% < R <= 1%)": 0.0, "P(D = R > 1% | E = 0% < R <= 1%)": 0.3333333333333333, "P(D = R < -1% | E = R > 1%)": 0.6930232558139535, "P(D = -1% <= R <= 0% | E = R > 1%)": 0.0, "P(D = 0% < R <= 1% | E = R > 1%)": 0.0, "P(D = R > 1% | E = R > 1%)": 0.30697674418604654}