{"P(D = R < -1% | E = R < -1%)": 0.0, "P(D = -1% <= R <= 0% | E = R < -1%)": 0.7857142857142857, "P(D = 0% < R <= 1% | E = R < -1%)": 0.21428571428571427, "P(D = R > 1% | E = R < -1%)": 0.0, "P(D = R < -1% | E = -1% <= R <= 0%)": 0.0, "P(D = -1% <= R <= 0% | E = -1% <= R <= 0%)": 0.8740157480314961, "P(D = 0% < R <= 1% | E = -1% <= R <= 0%)": 0.11023622047244094, "P(D = R > 1% | E = -1% <= R <= 0%)": 0.015748031496062992, "P(D = R < -1% | E = 0% < R <= 1%)": 0.0, "P(D = -1% <= R <= 0% | E = 0% < R <= 1%)": 0.6836734693877551, "P(D = 0% < R <= 1% | E = 0% < R <= 1%)": 0.3163265306122449, "P(D = R > 1% | E = 0% < R <= 1%)": 0.0, "P(D = R < -1% | E = R > 1%)": 0.0, "P(D = -1% <= R <= 0% | E = R > 1%)": 0.5384615384615384, "P(D = 0% < R <= 1% | E = R > 1%)": 0.38461538461538464, "P(D = R > 1% | E = R > 1%)": 0.07692307692307693}