{"P(D = R < -1% | E = R < -1%)": 0.4142614601018676, "P(D = -1% <= R <= 0% | E = R < -1%)": 0.44482173174872663, "P(D = 0% < R <= 1% | E = R < -1%)": 0.0, "P(D = R > 1% | E = R < -1%)": 0.14091680814940577, "P(D = R < -1% | E = -1% <= R <= 0%)": 0.22284644194756553, "P(D = -1% <= R <= 0% | E = -1% <= R <= 0%)": 0.6142322097378277, "P(D = 0% < R <= 1% | E = -1% <= R <= 0%)": 0.0, "P(D = R > 1% | E = -1% <= R <= 0%)": 0.16292134831460675, "P(D = R < -1% | E = 0% < R <= 1%)": 0.2826086956521739, "P(D = -1% <= R <= 0% | E = 0% < R <= 1%)": 0.532608695652174, "P(D = 0% < R <= 1% | E = 0% < R <= 1%)": 0.0, "P(D = R > 1% | E = 0% < R <= 1%)": 0.18478260869565216, "P(D = R < -1% | E = R > 1%)": 0.23597359735973597, "P(D = -1% <= R <= 0% | E = R > 1%)": 0.48514851485148514, "P(D = 0% < R <= 1% | E = R > 1%)": 0.0, "P(D = R > 1% | E = R > 1%)": 0.27887788778877887}