{"P(D = R < -1% | E = R < -1%)": 0.559322033898305, "P(D = -1% <= R <= 0% | E = R < -1%)": 0.0, "P(D = 0% < R <= 1% | E = R < -1%)": 0.2796610169491525, "P(D = R > 1% | E = R < -1%)": 0.16101694915254236, "P(D = R < -1% | E = -1% <= R <= 0%)": 0.5303030303030303, "P(D = -1% <= R <= 0% | E = -1% <= R <= 0%)": 0.0, "P(D = 0% < R <= 1% | E = -1% <= R <= 0%)": 0.2727272727272727, "P(D = R > 1% | E = -1% <= R <= 0%)": 0.19696969696969696, "P(D = R < -1% | E = 0% < R <= 1%)": 0.2962962962962963, "P(D = -1% <= R <= 0% | E = 0% < R <= 1%)": 0.0, "P(D = 0% < R <= 1% | E = 0% < R <= 1%)": 0.49382716049382713, "P(D = R > 1% | E = 0% < R <= 1%)": 0.20987654320987653, "P(D = R < -1% | E = R > 1%)": 0.30612244897959184, "P(D = -1% <= R <= 0% | E = R > 1%)": 0.0, "P(D = 0% < R <= 1% | E = R > 1%)": 0.25510204081632654, "P(D = R > 1% | E = R > 1%)": 0.4387755102040816}