{"P(D = R < -1% | E = R < -1%)": 0.5677867902665121, "P(D = -1% <= R <= 0% | E = R < -1%)": 0.09269988412514485, "P(D = 0% < R <= 1% | E = R < -1%)": 0.0, "P(D = R > 1% | E = R < -1%)": 0.33951332560834296, "P(D = R < -1% | E = -1% <= R <= 0%)": 0.4409722222222222, "P(D = -1% <= R <= 0% | E = -1% <= R <= 0%)": 0.0954861111111111, "P(D = 0% < R <= 1% | E = -1% <= R <= 0%)": 0.0, "P(D = R > 1% | E = -1% <= R <= 0%)": 0.4635416666666667, "P(D = R < -1% | E = 0% < R <= 1%)": 0.3915094339622642, "P(D = -1% <= R <= 0% | E = 0% < R <= 1%)": 0.12735849056603774, "P(D = 0% < R <= 1% | E = 0% < R <= 1%)": 0.0, "P(D = R > 1% | E = 0% < R <= 1%)": 0.4811320754716981, "P(D = R < -1% | E = R > 1%)": 0.30423940149625933, "P(D = -1% <= R <= 0% | E = R > 1%)": 0.08603491271820449, "P(D = 0% < R <= 1% | E = R > 1%)": 0.0, "P(D = R > 1% | E = R > 1%)": 0.6097256857855362}