{"P(D = R < -1% | E = R < -1%)": 0.6811594202898551, "P(D = -1% <= R <= 0% | E = R < -1%)": 0.0, "P(D = 0% < R <= 1% | E = R < -1%)": 0.0, "P(D = R > 1% | E = R < -1%)": 0.3188405797101449, "P(D = R < -1% | E = -1% <= R <= 0%)": 0.5625, "P(D = -1% <= R <= 0% | E = -1% <= R <= 0%)": 0.0, "P(D = 0% < R <= 1% | E = -1% <= R <= 0%)": 0.0, "P(D = R > 1% | E = -1% <= R <= 0%)": 0.4375, "P(D = R < -1% | E = 0% < R <= 1%)": 0.6944444444444444, "P(D = -1% <= R <= 0% | E = 0% < R <= 1%)": 0.0, "P(D = 0% < R <= 1% | E = 0% < R <= 1%)": 0.0, "P(D = R > 1% | E = 0% < R <= 1%)": 0.3055555555555556, "P(D = R < -1% | E = R > 1%)": 0.4262295081967213, "P(D = -1% <= R <= 0% | E = R > 1%)": 0.0, "P(D = 0% < R <= 1% | E = R > 1%)": 0.0, "P(D = R > 1% | E = R > 1%)": 0.5737704918032787}