{"P(D = R < -1% | E = R < -1%)": 0.17582417582417584, "P(D = -1% <= R <= 0% | E = R < -1%)": 0.6923076923076923, "P(D = 0% < R <= 1% | E = R < -1%)": 0.0, "P(D = R > 1% | E = R < -1%)": 0.13186813186813187, "P(D = R < -1% | E = -1% <= R <= 0%)": 0.03680981595092025, "P(D = -1% <= R <= 0% | E = -1% <= R <= 0%)": 0.8957055214723927, "P(D = 0% < R <= 1% | E = -1% <= R <= 0%)": 0.0, "P(D = R > 1% | E = -1% <= R <= 0%)": 0.06748466257668712, "P(D = R < -1% | E = 0% < R <= 1%)": 0.1, "P(D = -1% <= R <= 0% | E = 0% < R <= 1%)": 0.83, "P(D = 0% < R <= 1% | E = 0% < R <= 1%)": 0.0, "P(D = R > 1% | E = 0% < R <= 1%)": 0.07, "P(D = R < -1% | E = R > 1%)": 0.11428571428571428, "P(D = -1% <= R <= 0% | E = R > 1%)": 0.5857142857142857, "P(D = 0% < R <= 1% | E = R > 1%)": 0.0, "P(D = R > 1% | E = R > 1%)": 0.3}