{"P(D = R < -1% | E = R < -1%)": 0.17613636363636365, "P(D = -1% <= R <= 0% | E = R < -1%)": 0.3159090909090909, "P(D = 0% < R <= 1% | E = R < -1%)": 0.3409090909090909, "P(D = R > 1% | E = R < -1%)": 0.16704545454545455, "P(D = R < -1% | E = -1% <= R <= 0%)": 0.08008898776418243, "P(D = -1% <= R <= 0% | E = -1% <= R <= 0%)": 0.41824249165739713, "P(D = 0% < R <= 1% | E = -1% <= R <= 0%)": 0.38375973303670746, "P(D = R > 1% | E = -1% <= R <= 0%)": 0.11790878754171301, "P(D = R < -1% | E = 0% < R <= 1%)": 0.07017543859649122, "P(D = -1% <= R <= 0% | E = 0% < R <= 1%)": 0.32706766917293234, "P(D = 0% < R <= 1% | E = 0% < R <= 1%)": 0.4649122807017544, "P(D = R > 1% | E = 0% < R <= 1%)": 0.13784461152882205, "P(D = R < -1% | E = R > 1%)": 0.11318897637795275, "P(D = -1% <= R <= 0% | E = R > 1%)": 0.3090551181102362, "P(D = 0% < R <= 1% | E = R > 1%)": 0.3700787401574803, "P(D = R > 1% | E = R > 1%)": 0.2076771653543307}