{"P(D = R < -1% | E = R < -1%)": 0.08080808080808081, "P(D = -1% <= R <= 0% | E = R < -1%)": 0.5959595959595959, "P(D = 0% < R <= 1% | E = R < -1%)": 0.23232323232323232, "P(D = R > 1% | E = R < -1%)": 0.09090909090909091, "P(D = R < -1% | E = -1% <= R <= 0%)": 0.022556390977443608, "P(D = -1% <= R <= 0% | E = -1% <= R <= 0%)": 0.7142857142857143, "P(D = 0% < R <= 1% | E = -1% <= R <= 0%)": 0.24060150375939848, "P(D = R > 1% | E = -1% <= R <= 0%)": 0.022556390977443608, "P(D = R < -1% | E = 0% < R <= 1%)": 0.013392857142857142, "P(D = -1% <= R <= 0% | E = 0% < R <= 1%)": 0.6294642857142857, "P(D = 0% < R <= 1% | E = 0% < R <= 1%)": 0.3392857142857143, "P(D = R > 1% | E = 0% < R <= 1%)": 0.017857142857142856, "P(D = R < -1% | E = R > 1%)": 0.0297029702970297, "P(D = -1% <= R <= 0% | E = R > 1%)": 0.49504950495049505, "P(D = 0% < R <= 1% | E = R > 1%)": 0.31683168316831684, "P(D = R > 1% | E = R > 1%)": 0.15841584158415842}