{"P(D = R < -1% | E = R < -1%)": 0.2727272727272727, "P(D = -1% <= R <= 0% | E = R < -1%)": 0.36363636363636365, "P(D = 0% < R <= 1% | E = R < -1%)": 0.36363636363636365, "P(D = R > 1% | E = R < -1%)": 0.0, "P(D = R < -1% | E = -1% <= R <= 0%)": 0.0, "P(D = -1% <= R <= 0% | E = -1% <= R <= 0%)": 0.5806451612903226, "P(D = 0% < R <= 1% | E = -1% <= R <= 0%)": 0.41935483870967744, "P(D = R > 1% | E = -1% <= R <= 0%)": 0.0, "P(D = R < -1% | E = 0% < R <= 1%)": 0.037037037037037035, "P(D = -1% <= R <= 0% | E = 0% < R <= 1%)": 0.18518518518518517, "P(D = 0% < R <= 1% | E = 0% < R <= 1%)": 0.7777777777777778, "P(D = R > 1% | E = 0% < R <= 1%)": 0.0, "P(D = R < -1% | E = R > 1%)": 0.0, "P(D = -1% <= R <= 0% | E = R > 1%)": 0.125, "P(D = 0% < R <= 1% | E = R > 1%)": 0.75, "P(D = R > 1% | E = R > 1%)": 0.125}