{"P(D = R < -1% | E = R < -1%)": 0.46062992125984253, "P(D = -1% <= R <= 0% | E = R < -1%)": 0.375, "P(D = 0% < R <= 1% | E = R < -1%)": 0.0, "P(D = R > 1% | E = R < -1%)": 0.1643700787401575, "P(D = R < -1% | E = -1% <= R <= 0%)": 0.3061699650756694, "P(D = -1% <= R <= 0% | E = -1% <= R <= 0%)": 0.4947613504074505, "P(D = 0% < R <= 1% | E = -1% <= R <= 0%)": 0.0, "P(D = R > 1% | E = -1% <= R <= 0%)": 0.1990686845168801, "P(D = R < -1% | E = 0% < R <= 1%)": 0.26865671641791045, "P(D = -1% <= R <= 0% | E = 0% < R <= 1%)": 0.48507462686567165, "P(D = 0% < R <= 1% | E = 0% < R <= 1%)": 0.0, "P(D = R > 1% | E = 0% < R <= 1%)": 0.2462686567164179, "P(D = R < -1% | E = R > 1%)": 0.2875675675675676, "P(D = -1% <= R <= 0% | E = R > 1%)": 0.35567567567567565, "P(D = 0% < R <= 1% | E = R > 1%)": 0.0, "P(D = R > 1% | E = R > 1%)": 0.3567567567567568}