{"P(D = R < -1% | E = R < -1%)": 0.16339869281045752, "P(D = -1% <= R <= 0% | E = R < -1%)": 0.8366013071895425, "P(D = 0% < R <= 1% | E = R < -1%)": 0.0, "P(D = R > 1% | E = R < -1%)": 0.0, "P(D = R < -1% | E = -1% <= R <= 0%)": 0.06201550387596899, "P(D = -1% <= R <= 0% | E = -1% <= R <= 0%)": 0.937984496124031, "P(D = 0% < R <= 1% | E = -1% <= R <= 0%)": 0.0, "P(D = R > 1% | E = -1% <= R <= 0%)": 0.0, "P(D = R < -1% | E = 0% < R <= 1%)": 0.05603448275862069, "P(D = -1% <= R <= 0% | E = 0% < R <= 1%)": 0.9439655172413793, "P(D = 0% < R <= 1% | E = 0% < R <= 1%)": 0.0, "P(D = R > 1% | E = 0% < R <= 1%)": 0.0, "P(D = R < -1% | E = R > 1%)": 0.16923076923076924, "P(D = -1% <= R <= 0% | E = R > 1%)": 0.8307692307692308, "P(D = 0% < R <= 1% | E = R > 1%)": 0.0, "P(D = R > 1% | E = R > 1%)": 0.0}