{"P(D = R < -1% | E = R < -1%)": 0.6848381601362862, "P(D = -1% <= R <= 0% | E = R < -1%)": 0.02129471890971039, "P(D = 0% < R <= 1% | E = R < -1%)": 0.0, "P(D = R > 1% | E = R < -1%)": 0.2938671209540034, "P(D = R < -1% | E = -1% <= R <= 0%)": 0.5882352941176471, "P(D = -1% <= R <= 0% | E = -1% <= R <= 0%)": 0.04411764705882353, "P(D = 0% < R <= 1% | E = -1% <= R <= 0%)": 0.0, "P(D = R > 1% | E = -1% <= R <= 0%)": 0.36764705882352944, "P(D = R < -1% | E = 0% < R <= 1%)": 0.5677966101694916, "P(D = -1% <= R <= 0% | E = 0% < R <= 1%)": 0.0, "P(D = 0% < R <= 1% | E = 0% < R <= 1%)": 0.0, "P(D = R > 1% | E = 0% < R <= 1%)": 0.4322033898305085, "P(D = R < -1% | E = R > 1%)": 0.4914054600606673, "P(D = -1% <= R <= 0% | E = R > 1%)": 0.01820020222446916, "P(D = 0% < R <= 1% | E = R > 1%)": 0.0, "P(D = R > 1% | E = R > 1%)": 0.4903943377148635}