{"P(D = R < -1% | E = R < -1%)": 0.4901029295328583, "P(D = -1% <= R <= 0% | E = R < -1%)": 0.09184481393507522, "P(D = 0% < R <= 1% | E = R < -1%)": 0.035629453681710214, "P(D = R > 1% | E = R < -1%)": 0.3824228028503563, "P(D = R < -1% | E = -1% <= R <= 0%)": 0.3339604891815616, "P(D = -1% <= R <= 0% | E = -1% <= R <= 0%)": 0.14487300094073377, "P(D = 0% < R <= 1% | E = -1% <= R <= 0%)": 0.036688617121354655, "P(D = R > 1% | E = -1% <= R <= 0%)": 0.48447789275634995, "P(D = R < -1% | E = 0% < R <= 1%)": 0.3026315789473684, "P(D = -1% <= R <= 0% | E = 0% < R <= 1%)": 0.13289473684210526, "P(D = 0% < R <= 1% | E = 0% < R <= 1%)": 0.04736842105263158, "P(D = R > 1% | E = 0% < R <= 1%)": 0.5171052631578947, "P(D = R < -1% | E = R > 1%)": 0.2645064054257724, "P(D = -1% <= R <= 0% | E = R > 1%)": 0.0904295403165034, "P(D = 0% < R <= 1% | E = R > 1%)": 0.023360964581763375, "P(D = R > 1% | E = R > 1%)": 0.6217030896759608}