{"P(D = R < -1% | E = R < -1%)": 0.0, "P(D = -1% <= R <= 0% | E = R < -1%)": 0.8666666666666667, "P(D = 0% < R <= 1% | E = R < -1%)": 0.06666666666666667, "P(D = R > 1% | E = R < -1%)": 0.06666666666666667, "P(D = R < -1% | E = -1% <= R <= 0%)": 0.0, "P(D = -1% <= R <= 0% | E = -1% <= R <= 0%)": 0.9583333333333334, "P(D = 0% < R <= 1% | E = -1% <= R <= 0%)": 0.027777777777777776, "P(D = R > 1% | E = -1% <= R <= 0%)": 0.013888888888888888, "P(D = R < -1% | E = 0% < R <= 1%)": 0.0, "P(D = -1% <= R <= 0% | E = 0% < R <= 1%)": 0.88, "P(D = 0% < R <= 1% | E = 0% < R <= 1%)": 0.12, "P(D = R > 1% | E = 0% < R <= 1%)": 0.0, "P(D = R < -1% | E = R > 1%)": 0.0, "P(D = -1% <= R <= 0% | E = R > 1%)": 0.5714285714285714, "P(D = 0% < R <= 1% | E = R > 1%)": 0.0, "P(D = R > 1% | E = R > 1%)": 0.42857142857142855}