{"P(D = R < -1% | E = R < -1%)": 0.7848837209302325, "P(D = -1% <= R <= 0% | E = R < -1%)": 0.01744186046511628, "P(D = 0% < R <= 1% | E = R < -1%)": 0.0, "P(D = R > 1% | E = R < -1%)": 0.19767441860465115, "P(D = R < -1% | E = -1% <= R <= 0%)": 0.7872340425531915, "P(D = -1% <= R <= 0% | E = -1% <= R <= 0%)": 0.06382978723404255, "P(D = 0% < R <= 1% | E = -1% <= R <= 0%)": 0.0, "P(D = R > 1% | E = -1% <= R <= 0%)": 0.14893617021276595, "P(D = R < -1% | E = 0% < R <= 1%)": 0.881578947368421, "P(D = -1% <= R <= 0% | E = 0% < R <= 1%)": 0.02631578947368421, "P(D = 0% < R <= 1% | E = 0% < R <= 1%)": 0.0, "P(D = R > 1% | E = 0% < R <= 1%)": 0.09210526315789473, "P(D = R < -1% | E = R > 1%)": 0.6339869281045751, "P(D = -1% <= R <= 0% | E = R > 1%)": 0.013071895424836602, "P(D = 0% < R <= 1% | E = R > 1%)": 0.0, "P(D = R > 1% | E = R > 1%)": 0.35294117647058826}