{"P(D = R < -1% | E = R < -1%)": 0.1518624641833811, "P(D = -1% <= R <= 0% | E = R < -1%)": 0.2177650429799427, "P(D = 0% < R <= 1% | E = R < -1%)": 0.5515759312320917, "P(D = R > 1% | E = R < -1%)": 0.07879656160458452, "P(D = R < -1% | E = -1% <= R <= 0%)": 0.05639913232104121, "P(D = -1% <= R <= 0% | E = -1% <= R <= 0%)": 0.21149674620390455, "P(D = 0% < R <= 1% | E = -1% <= R <= 0%)": 0.6876355748373102, "P(D = R > 1% | E = -1% <= R <= 0%)": 0.044468546637744036, "P(D = R < -1% | E = 0% < R <= 1%)": 0.04439511653718091, "P(D = -1% <= R <= 0% | E = 0% < R <= 1%)": 0.17425083240843509, "P(D = 0% < R <= 1% | E = 0% < R <= 1%)": 0.7203107658157603, "P(D = R > 1% | E = 0% < R <= 1%)": 0.06104328523862375, "P(D = R < -1% | E = R > 1%)": 0.05964467005076142, "P(D = -1% <= R <= 0% | E = R > 1%)": 0.1713197969543147, "P(D = 0% < R <= 1% | E = R > 1%)": 0.6142131979695431, "P(D = R > 1% | E = R > 1%)": 0.1548223350253807}