{"P(D = R < -1% | E = R < -1%)": 0.4658952496954933, "P(D = -1% <= R <= 0% | E = R < -1%)": 0.0018270401948842874, "P(D = 0% < R <= 1% | E = R < -1%)": 0.0, "P(D = R > 1% | E = R < -1%)": 0.5322777101096224, "P(D = R < -1% | E = -1% <= R <= 0%)": 0.4844919786096257, "P(D = -1% <= R <= 0% | E = -1% <= R <= 0%)": 0.0042780748663101605, "P(D = 0% < R <= 1% | E = -1% <= R <= 0%)": 0.0, "P(D = R > 1% | E = -1% <= R <= 0%)": 0.5112299465240642, "P(D = R < -1% | E = 0% < R <= 1%)": 0.4466257668711656, "P(D = -1% <= R <= 0% | E = 0% < R <= 1%)": 0.0036809815950920245, "P(D = 0% < R <= 1% | E = 0% < R <= 1%)": 0.0, "P(D = R > 1% | E = 0% < R <= 1%)": 0.5496932515337424, "P(D = R < -1% | E = R > 1%)": 0.41871078151739877, "P(D = -1% <= R <= 0% | E = R > 1%)": 0.003993154592127781, "P(D = 0% < R <= 1% | E = R > 1%)": 0.0, "P(D = R > 1% | E = R > 1%)": 0.5772960638904735}