{"P(D = R < -1% | E = R < -1%)": 0.39325842696629215, "P(D = -1% <= R <= 0% | E = R < -1%)": 0.449438202247191, "P(D = 0% < R <= 1% | E = R < -1%)": 0.003745318352059925, "P(D = R > 1% | E = R < -1%)": 0.15355805243445692, "P(D = R < -1% | E = -1% <= R <= 0%)": 0.16501650165016502, "P(D = -1% <= R <= 0% | E = -1% <= R <= 0%)": 0.7425742574257426, "P(D = 0% < R <= 1% | E = -1% <= R <= 0%)": 0.006600660066006601, "P(D = R > 1% | E = -1% <= R <= 0%)": 0.0858085808580858, "P(D = R < -1% | E = 0% < R <= 1%)": 0.2127659574468085, "P(D = -1% <= R <= 0% | E = 0% < R <= 1%)": 0.6170212765957447, "P(D = 0% < R <= 1% | E = 0% < R <= 1%)": 0.0425531914893617, "P(D = R > 1% | E = 0% < R <= 1%)": 0.1276595744680851, "P(D = R < -1% | E = R > 1%)": 0.2427536231884058, "P(D = -1% <= R <= 0% | E = R > 1%)": 0.45652173913043476, "P(D = 0% < R <= 1% | E = R > 1%)": 0.014492753623188406, "P(D = R > 1% | E = R > 1%)": 0.286231884057971}