{"P(D = R < -1% | E = R < -1%)": 0.175, "P(D = -1% <= R <= 0% | E = R < -1%)": 0.625, "P(D = 0% < R <= 1% | E = R < -1%)": 0.0, "P(D = R > 1% | E = R < -1%)": 0.2, "P(D = R < -1% | E = -1% <= R <= 0%)": 0.02702702702702703, "P(D = -1% <= R <= 0% | E = -1% <= R <= 0%)": 0.8243243243243243, "P(D = 0% < R <= 1% | E = -1% <= R <= 0%)": 0.0, "P(D = R > 1% | E = -1% <= R <= 0%)": 0.14864864864864866, "P(D = R < -1% | E = 0% < R <= 1%)": 0.07692307692307693, "P(D = -1% <= R <= 0% | E = 0% < R <= 1%)": 0.6923076923076923, "P(D = 0% < R <= 1% | E = 0% < R <= 1%)": 0.0, "P(D = R > 1% | E = 0% < R <= 1%)": 0.23076923076923078, "P(D = R < -1% | E = R > 1%)": 0.02702702702702703, "P(D = -1% <= R <= 0% | E = R > 1%)": 0.32432432432432434, "P(D = 0% < R <= 1% | E = R > 1%)": 0.0, "P(D = R > 1% | E = R > 1%)": 0.6486486486486487}