{"P(D = R < -1% | E = R < -1%)": 0.18755477651183172, "P(D = -1% <= R <= 0% | E = R < -1%)": 0.708150744960561, "P(D = 0% < R <= 1% | E = R < -1%)": 0.0, "P(D = R > 1% | E = R < -1%)": 0.10429447852760736, "P(D = R < -1% | E = -1% <= R <= 0%)": 0.06956521739130435, "P(D = -1% <= R <= 0% | E = -1% <= R <= 0%)": 0.8363636363636363, "P(D = 0% < R <= 1% | E = -1% <= R <= 0%)": 0.0, "P(D = R > 1% | E = -1% <= R <= 0%)": 0.09407114624505929, "P(D = R < -1% | E = 0% < R <= 1%)": 0.07013574660633484, "P(D = -1% <= R <= 0% | E = 0% < R <= 1%)": 0.8257918552036199, "P(D = 0% < R <= 1% | E = 0% < R <= 1%)": 0.0, "P(D = R > 1% | E = 0% < R <= 1%)": 0.10407239819004525, "P(D = R < -1% | E = R > 1%)": 0.09235936188077246, "P(D = -1% <= R <= 0% | E = R > 1%)": 0.7162048698572628, "P(D = 0% < R <= 1% | E = R > 1%)": 0.0, "P(D = R > 1% | E = R > 1%)": 0.19143576826196473}