{"P(D = R < -1% | E = R < -1%)": 0.044642857142857144, "P(D = -1% <= R <= 0% | E = R < -1%)": 0.6116071428571429, "P(D = 0% < R <= 1% | E = R < -1%)": 0.24553571428571427, "P(D = R > 1% | E = R < -1%)": 0.09821428571428571, "P(D = R < -1% | E = -1% <= R <= 0%)": 0.004492362982929021, "P(D = -1% <= R <= 0% | E = -1% <= R <= 0%)": 0.867026055705301, "P(D = 0% < R <= 1% | E = -1% <= R <= 0%)": 0.09433962264150944, "P(D = R > 1% | E = -1% <= R <= 0%)": 0.034141958670260555, "P(D = R < -1% | E = 0% < R <= 1%)": 0.003980099502487562, "P(D = -1% <= R <= 0% | E = 0% < R <= 1%)": 0.8407960199004975, "P(D = 0% < R <= 1% | E = 0% < R <= 1%)": 0.12338308457711443, "P(D = R > 1% | E = 0% < R <= 1%)": 0.031840796019900496, "P(D = R < -1% | E = R > 1%)": 0.013043478260869565, "P(D = -1% <= R <= 0% | E = R > 1%)": 0.6434782608695652, "P(D = 0% < R <= 1% | E = R > 1%)": 0.1826086956521739, "P(D = R > 1% | E = R > 1%)": 0.1608695652173913}