{"P(D = R < -1% | E = R < -1%)": 0.3333333333333333, "P(D = -1% <= R <= 0% | E = R < -1%)": 0.5555555555555556, "P(D = 0% < R <= 1% | E = R < -1%)": 0.07407407407407407, "P(D = R > 1% | E = R < -1%)": 0.037037037037037035, "P(D = R < -1% | E = -1% <= R <= 0%)": 0.16279069767441862, "P(D = -1% <= R <= 0% | E = -1% <= R <= 0%)": 0.7441860465116279, "P(D = 0% < R <= 1% | E = -1% <= R <= 0%)": 0.09302325581395349, "P(D = R > 1% | E = -1% <= R <= 0%)": 0.0, "P(D = R < -1% | E = 0% < R <= 1%)": 0.0, "P(D = -1% <= R <= 0% | E = 0% < R <= 1%)": 0.13333333333333333, "P(D = 0% < R <= 1% | E = 0% < R <= 1%)": 0.8, "P(D = R > 1% | E = 0% < R <= 1%)": 0.06666666666666667, "P(D = R < -1% | E = R > 1%)": 0.11764705882352941, "P(D = -1% <= R <= 0% | E = R > 1%)": 0.6470588235294118, "P(D = 0% < R <= 1% | E = R > 1%)": 0.23529411764705882, "P(D = R > 1% | E = R > 1%)": 0.0}