{"P(D = R < -1% | E = R < -1%)": 0.5358851674641149, "P(D = -1% <= R <= 0% | E = R < -1%)": 0.021052631578947368, "P(D = 0% < R <= 1% | E = R < -1%)": 0.0, "P(D = R > 1% | E = R < -1%)": 0.4430622009569378, "P(D = R < -1% | E = -1% <= R <= 0%)": 0.3049907578558225, "P(D = -1% <= R <= 0% | E = -1% <= R <= 0%)": 0.06099815157116451, "P(D = 0% < R <= 1% | E = -1% <= R <= 0%)": 0.0, "P(D = R > 1% | E = -1% <= R <= 0%)": 0.634011090573013, "P(D = R < -1% | E = 0% < R <= 1%)": 0.3950617283950617, "P(D = -1% <= R <= 0% | E = 0% < R <= 1%)": 0.012345679012345678, "P(D = 0% < R <= 1% | E = 0% < R <= 1%)": 0.0, "P(D = R > 1% | E = 0% < R <= 1%)": 0.5925925925925926, "P(D = R < -1% | E = R > 1%)": 0.3176470588235294, "P(D = -1% <= R <= 0% | E = R > 1%)": 0.026737967914438502, "P(D = 0% < R <= 1% | E = R > 1%)": 0.0, "P(D = R > 1% | E = R > 1%)": 0.6556149732620321}