{"P(D = R < -1% | E = R < -1%)": 0.5333333333333333, "P(D = -1% <= R <= 0% | E = R < -1%)": 0.16666666666666666, "P(D = 0% < R <= 1% | E = R < -1%)": 0.06666666666666667, "P(D = R > 1% | E = R < -1%)": 0.23333333333333334, "P(D = R < -1% | E = -1% <= R <= 0%)": 0.1111111111111111, "P(D = -1% <= R <= 0% | E = -1% <= R <= 0%)": 0.5555555555555556, "P(D = 0% < R <= 1% | E = -1% <= R <= 0%)": 0.1527777777777778, "P(D = R > 1% | E = -1% <= R <= 0%)": 0.18055555555555555, "P(D = R < -1% | E = 0% < R <= 1%)": 0.057692307692307696, "P(D = -1% <= R <= 0% | E = 0% < R <= 1%)": 0.5769230769230769, "P(D = 0% < R <= 1% | E = 0% < R <= 1%)": 0.19230769230769232, "P(D = R > 1% | E = 0% < R <= 1%)": 0.17307692307692307, "P(D = R < -1% | E = R > 1%)": 0.2459016393442623, "P(D = -1% <= R <= 0% | E = R > 1%)": 0.21311475409836064, "P(D = 0% < R <= 1% | E = R > 1%)": 0.09836065573770492, "P(D = R > 1% | E = R > 1%)": 0.4426229508196721}