{"P(D = R < -1% | E = R < -1%)": 0.21794871794871795, "P(D = -1% <= R <= 0% | E = R < -1%)": 0.6858974358974359, "P(D = 0% < R <= 1% | E = R < -1%)": 0.03205128205128205, "P(D = R > 1% | E = R < -1%)": 0.0641025641025641, "P(D = R < -1% | E = -1% <= R <= 0%)": 0.061371841155234655, "P(D = -1% <= R <= 0% | E = -1% <= R <= 0%)": 0.8664259927797834, "P(D = 0% < R <= 1% | E = -1% <= R <= 0%)": 0.036101083032490974, "P(D = R > 1% | E = -1% <= R <= 0%)": 0.036101083032490974, "P(D = R < -1% | E = 0% < R <= 1%)": 0.08888888888888889, "P(D = -1% <= R <= 0% | E = 0% < R <= 1%)": 0.7888888888888889, "P(D = 0% < R <= 1% | E = 0% < R <= 1%)": 0.044444444444444446, "P(D = R > 1% | E = 0% < R <= 1%)": 0.07777777777777778, "P(D = R < -1% | E = R > 1%)": 0.09352517985611511, "P(D = -1% <= R <= 0% | E = R > 1%)": 0.539568345323741, "P(D = 0% < R <= 1% | E = R > 1%)": 0.02877697841726619, "P(D = R > 1% | E = R > 1%)": 0.3381294964028777}