{"P(D = R < -1% | E = R < -1%)": 0.23035230352303523, "P(D = -1% <= R <= 0% | E = R < -1%)": 0.5257452574525745, "P(D = 0% < R <= 1% | E = R < -1%)": 0.1897018970189702, "P(D = R > 1% | E = R < -1%)": 0.05420054200542006, "P(D = R < -1% | E = -1% <= R <= 0%)": 0.06378132118451026, "P(D = -1% <= R <= 0% | E = -1% <= R <= 0%)": 0.6366742596810934, "P(D = 0% < R <= 1% | E = -1% <= R <= 0%)": 0.27904328018223234, "P(D = R > 1% | E = -1% <= R <= 0%)": 0.02050113895216401, "P(D = R < -1% | E = 0% < R <= 1%)": 0.026217228464419477, "P(D = -1% <= R <= 0% | E = 0% < R <= 1%)": 0.5605493133583022, "P(D = 0% < R <= 1% | E = 0% < R <= 1%)": 0.3707865168539326, "P(D = R > 1% | E = 0% < R <= 1%)": 0.04244694132334582, "P(D = R < -1% | E = R > 1%)": 0.07769423558897243, "P(D = -1% <= R <= 0% | E = R > 1%)": 0.44360902255639095, "P(D = 0% < R <= 1% | E = R > 1%)": 0.3132832080200501, "P(D = R > 1% | E = R > 1%)": 0.16541353383458646}