{"P(D = R < -1% | E = R < -1%)": 0.7530864197530864, "P(D = -1% <= R <= 0% | E = R < -1%)": 0.04938271604938271, "P(D = 0% < R <= 1% | E = R < -1%)": 0.024691358024691357, "P(D = R > 1% | E = R < -1%)": 0.1728395061728395, "P(D = R < -1% | E = -1% <= R <= 0%)": 0.3620689655172414, "P(D = -1% <= R <= 0% | E = -1% <= R <= 0%)": 0.3275862068965517, "P(D = 0% < R <= 1% | E = -1% <= R <= 0%)": 0.06896551724137931, "P(D = R > 1% | E = -1% <= R <= 0%)": 0.2413793103448276, "P(D = R < -1% | E = 0% < R <= 1%)": 0.41379310344827586, "P(D = -1% <= R <= 0% | E = 0% < R <= 1%)": 0.10344827586206896, "P(D = 0% < R <= 1% | E = 0% < R <= 1%)": 0.10344827586206896, "P(D = R > 1% | E = 0% < R <= 1%)": 0.3793103448275862, "P(D = R < -1% | E = R > 1%)": 0.24675324675324675, "P(D = -1% <= R <= 0% | E = R > 1%)": 0.15584415584415584, "P(D = 0% < R <= 1% | E = R > 1%)": 0.025974025974025976, "P(D = R > 1% | E = R > 1%)": 0.5714285714285714}