{"P(D = R < -1% | E = R < -1%)": 0.05660377358490566, "P(D = -1% <= R <= 0% | E = R < -1%)": 0.660377358490566, "P(D = 0% < R <= 1% | E = R < -1%)": 0.24528301886792453, "P(D = R > 1% | E = R < -1%)": 0.03773584905660377, "P(D = R < -1% | E = -1% <= R <= 0%)": 0.017341040462427744, "P(D = -1% <= R <= 0% | E = -1% <= R <= 0%)": 0.7745664739884393, "P(D = 0% < R <= 1% | E = -1% <= R <= 0%)": 0.18497109826589594, "P(D = R > 1% | E = -1% <= R <= 0%)": 0.023121387283236993, "P(D = R < -1% | E = 0% < R <= 1%)": 0.02142857142857143, "P(D = -1% <= R <= 0% | E = 0% < R <= 1%)": 0.6428571428571429, "P(D = 0% < R <= 1% | E = 0% < R <= 1%)": 0.3142857142857143, "P(D = R > 1% | E = 0% < R <= 1%)": 0.02142857142857143, "P(D = R < -1% | E = R > 1%)": 0.0, "P(D = -1% <= R <= 0% | E = R > 1%)": 0.660377358490566, "P(D = 0% < R <= 1% | E = R > 1%)": 0.22641509433962265, "P(D = R > 1% | E = R > 1%)": 0.11320754716981132}