{"P(D = R < -1% | E = R < -1%)": 0.09313725490196079, "P(D = -1% <= R <= 0% | E = R < -1%)": 0.8284313725490197, "P(D = 0% < R <= 1% | E = R < -1%)": 0.0, "P(D = R > 1% | E = R < -1%)": 0.0784313725490196, "P(D = R < -1% | E = -1% <= R <= 0%)": 0.026512013256006627, "P(D = -1% <= R <= 0% | E = -1% <= R <= 0%)": 0.923777961888981, "P(D = 0% < R <= 1% | E = -1% <= R <= 0%)": 0.0, "P(D = R > 1% | E = -1% <= R <= 0%)": 0.04971002485501243, "P(D = R < -1% | E = 0% < R <= 1%)": 0.015536723163841809, "P(D = -1% <= R <= 0% | E = 0% < R <= 1%)": 0.9364406779661016, "P(D = 0% < R <= 1% | E = 0% < R <= 1%)": 0.0, "P(D = R > 1% | E = 0% < R <= 1%)": 0.0480225988700565, "P(D = R < -1% | E = R > 1%)": 0.039936102236421724, "P(D = -1% <= R <= 0% | E = R > 1%)": 0.744408945686901, "P(D = 0% < R <= 1% | E = R > 1%)": 0.0, "P(D = R > 1% | E = R > 1%)": 0.21565495207667731}