{"P(D = R < -1% | E = R < -1%)": 0.706359945872801, "P(D = -1% <= R <= 0% | E = R < -1%)": 0.08795669824086604, "P(D = 0% < R <= 1% | E = R < -1%)": 0.0, "P(D = R > 1% | E = R < -1%)": 0.20568335588633288, "P(D = R < -1% | E = -1% <= R <= 0%)": 0.6186046511627907, "P(D = -1% <= R <= 0% | E = -1% <= R <= 0%)": 0.1930232558139535, "P(D = 0% < R <= 1% | E = -1% <= R <= 0%)": 0.0, "P(D = R > 1% | E = -1% <= R <= 0%)": 0.1883720930232558, "P(D = R < -1% | E = 0% < R <= 1%)": 0.5535714285714286, "P(D = -1% <= R <= 0% | E = 0% < R <= 1%)": 0.18303571428571427, "P(D = 0% < R <= 1% | E = 0% < R <= 1%)": 0.0, "P(D = R > 1% | E = 0% < R <= 1%)": 0.26339285714285715, "P(D = R < -1% | E = R > 1%)": 0.5630914826498423, "P(D = -1% <= R <= 0% | E = R > 1%)": 0.14511041009463724, "P(D = 0% < R <= 1% | E = R > 1%)": 0.0, "P(D = R > 1% | E = R > 1%)": 0.2917981072555205}