{"P(D = R < -1% | E = R < -1%)": 0.1559633027522936, "P(D = -1% <= R <= 0% | E = R < -1%)": 0.5963302752293578, "P(D = 0% < R <= 1% | E = R < -1%)": 0.01834862385321101, "P(D = R > 1% | E = R < -1%)": 0.22935779816513763, "P(D = R < -1% | E = -1% <= R <= 0%)": 0.10638297872340426, "P(D = -1% <= R <= 0% | E = -1% <= R <= 0%)": 0.6879432624113475, "P(D = 0% < R <= 1% | E = -1% <= R <= 0%)": 0.0, "P(D = R > 1% | E = -1% <= R <= 0%)": 0.20567375886524822, "P(D = R < -1% | E = 0% < R <= 1%)": 0.04201680672268908, "P(D = -1% <= R <= 0% | E = 0% < R <= 1%)": 0.7142857142857143, "P(D = 0% < R <= 1% | E = 0% < R <= 1%)": 0.0, "P(D = R > 1% | E = 0% < R <= 1%)": 0.24369747899159663, "P(D = R < -1% | E = R > 1%)": 0.05555555555555555, "P(D = -1% <= R <= 0% | E = R > 1%)": 0.5476190476190477, "P(D = 0% < R <= 1% | E = R > 1%)": 0.015873015873015872, "P(D = R > 1% | E = R > 1%)": 0.38095238095238093}