{"P(D = R < -1% | E = R < -1%)": 0.24615384615384617, "P(D = -1% <= R <= 0% | E = R < -1%)": 0.46153846153846156, "P(D = 0% < R <= 1% | E = R < -1%)": 0.0, "P(D = R > 1% | E = R < -1%)": 0.2923076923076923, "P(D = R < -1% | E = -1% <= R <= 0%)": 0.078125, "P(D = -1% <= R <= 0% | E = -1% <= R <= 0%)": 0.65625, "P(D = 0% < R <= 1% | E = -1% <= R <= 0%)": 0.0, "P(D = R > 1% | E = -1% <= R <= 0%)": 0.265625, "P(D = R < -1% | E = 0% < R <= 1%)": 0.09523809523809523, "P(D = -1% <= R <= 0% | E = 0% < R <= 1%)": 0.7142857142857143, "P(D = 0% < R <= 1% | E = 0% < R <= 1%)": 0.0, "P(D = R > 1% | E = 0% < R <= 1%)": 0.19047619047619047, "P(D = R < -1% | E = R > 1%)": 0.08695652173913043, "P(D = -1% <= R <= 0% | E = R > 1%)": 0.4057971014492754, "P(D = 0% < R <= 1% | E = R > 1%)": 0.0, "P(D = R > 1% | E = R > 1%)": 0.5072463768115942}