{"P(D = R < -1% | E = R < -1%)": 0.17114093959731544, "P(D = -1% <= R <= 0% | E = R < -1%)": 0.4211409395973154, "P(D = 0% < R <= 1% | E = R < -1%)": 0.2348993288590604, "P(D = R > 1% | E = R < -1%)": 0.17281879194630873, "P(D = R < -1% | E = -1% <= R <= 0%)": 0.09747292418772563, "P(D = -1% <= R <= 0% | E = -1% <= R <= 0%)": 0.5, "P(D = 0% < R <= 1% | E = -1% <= R <= 0%)": 0.26534296028880866, "P(D = R > 1% | E = -1% <= R <= 0%)": 0.1371841155234657, "P(D = R < -1% | E = 0% < R <= 1%)": 0.1088560885608856, "P(D = -1% <= R <= 0% | E = 0% < R <= 1%)": 0.4059040590405904, "P(D = 0% < R <= 1% | E = 0% < R <= 1%)": 0.33579335793357934, "P(D = R > 1% | E = 0% < R <= 1%)": 0.14944649446494465, "P(D = R < -1% | E = R > 1%)": 0.11248073959938366, "P(D = -1% <= R <= 0% | E = R > 1%)": 0.35901386748844377, "P(D = 0% < R <= 1% | E = R > 1%)": 0.23728813559322035, "P(D = R > 1% | E = R > 1%)": 0.29121725731895226}