{"P(D = R < -1% | E = R < -1%)": 0.565587734241908, "P(D = -1% <= R <= 0% | E = R < -1%)": 0.0, "P(D = 0% < R <= 1% | E = R < -1%)": 0.009085746734809767, "P(D = R > 1% | E = R < -1%)": 0.4253265190232822, "P(D = R < -1% | E = -1% <= R <= 0%)": 0.47497089639115253, "P(D = -1% <= R <= 0% | E = -1% <= R <= 0%)": 0.0, "P(D = 0% < R <= 1% | E = -1% <= R <= 0%)": 0.01629802095459837, "P(D = R > 1% | E = -1% <= R <= 0%)": 0.5087310826542492, "P(D = R < -1% | E = 0% < R <= 1%)": 0.46288798920377866, "P(D = -1% <= R <= 0% | E = 0% < R <= 1%)": 0.0, "P(D = 0% < R <= 1% | E = 0% < R <= 1%)": 0.018893387314439947, "P(D = R > 1% | E = 0% < R <= 1%)": 0.5182186234817814, "P(D = R < -1% | E = R > 1%)": 0.4321748878923767, "P(D = -1% <= R <= 0% | E = R > 1%)": 0.0, "P(D = 0% < R <= 1% | E = R > 1%)": 0.008408071748878924, "P(D = R > 1% | E = R > 1%)": 0.5594170403587444}