{"P(D = R < -1% | E = R < -1%)": 0.19230769230769232, "P(D = -1% <= R <= 0% | E = R < -1%)": 0.38461538461538464, "P(D = 0% < R <= 1% | E = R < -1%)": 0.4230769230769231, "P(D = R > 1% | E = R < -1%)": 0.0, "P(D = R < -1% | E = -1% <= R <= 0%)": 0.023923444976076555, "P(D = -1% <= R <= 0% | E = -1% <= R <= 0%)": 0.6267942583732058, "P(D = 0% < R <= 1% | E = -1% <= R <= 0%)": 0.3349282296650718, "P(D = R > 1% | E = -1% <= R <= 0%)": 0.014354066985645933, "P(D = R < -1% | E = 0% < R <= 1%)": 0.0, "P(D = -1% <= R <= 0% | E = 0% < R <= 1%)": 0.3815028901734104, "P(D = 0% < R <= 1% | E = 0% < R <= 1%)": 0.5895953757225434, "P(D = R > 1% | E = 0% < R <= 1%)": 0.028901734104046242, "P(D = R < -1% | E = R > 1%)": 0.0625, "P(D = -1% <= R <= 0% | E = R > 1%)": 0.3125, "P(D = 0% < R <= 1% | E = R > 1%)": 0.375, "P(D = R > 1% | E = R > 1%)": 0.25}