{"P(D = R < -1% | E = R < -1%)": 0.0, "P(D = -1% <= R <= 0% | E = R < -1%)": 0.82, "P(D = 0% < R <= 1% | E = R < -1%)": 0.18, "P(D = R > 1% | E = R < -1%)": 0.0, "P(D = R < -1% | E = -1% <= R <= 0%)": 0.0, "P(D = -1% <= R <= 0% | E = -1% <= R <= 0%)": 0.8969359331476323, "P(D = 0% < R <= 1% | E = -1% <= R <= 0%)": 0.10306406685236769, "P(D = R > 1% | E = -1% <= R <= 0%)": 0.0, "P(D = R < -1% | E = 0% < R <= 1%)": 0.0, "P(D = -1% <= R <= 0% | E = 0% < R <= 1%)": 0.840625, "P(D = 0% < R <= 1% | E = 0% < R <= 1%)": 0.159375, "P(D = R > 1% | E = 0% < R <= 1%)": 0.0, "P(D = R < -1% | E = R > 1%)": 0.0, "P(D = -1% <= R <= 0% | E = R > 1%)": 0.8793103448275862, "P(D = 0% < R <= 1% | E = R > 1%)": 0.1206896551724138, "P(D = R > 1% | E = R > 1%)": 0.0}