{"P(D = R < -1% | E = R < -1%)": 0.2425531914893617, "P(D = -1% <= R <= 0% | E = R < -1%)": 0.6212765957446809, "P(D = 0% < R <= 1% | E = R < -1%)": 0.06382978723404255, "P(D = R > 1% | E = R < -1%)": 0.07234042553191489, "P(D = R < -1% | E = -1% <= R <= 0%)": 0.05180533751962323, "P(D = -1% <= R <= 0% | E = -1% <= R <= 0%)": 0.8869701726844584, "P(D = 0% < R <= 1% | E = -1% <= R <= 0%)": 0.03139717425431711, "P(D = R > 1% | E = -1% <= R <= 0%)": 0.029827315541601257, "P(D = R < -1% | E = 0% < R <= 1%)": 0.03614457831325301, "P(D = -1% <= R <= 0% | E = 0% < R <= 1%)": 0.822289156626506, "P(D = 0% < R <= 1% | E = 0% < R <= 1%)": 0.09939759036144578, "P(D = R > 1% | E = 0% < R <= 1%)": 0.04216867469879518, "P(D = R < -1% | E = R > 1%)": 0.07511737089201878, "P(D = -1% <= R <= 0% | E = R > 1%)": 0.48826291079812206, "P(D = 0% < R <= 1% | E = R > 1%)": 0.22065727699530516, "P(D = R > 1% | E = R > 1%)": 0.215962441314554}