{"P(D = R < -1% | E = R < -1%)": 0.20185185185185187, "P(D = -1% <= R <= 0% | E = R < -1%)": 0.45, "P(D = 0% < R <= 1% | E = R < -1%)": 0.1814814814814815, "P(D = R > 1% | E = R < -1%)": 0.16666666666666666, "P(D = R < -1% | E = -1% <= R <= 0%)": 0.10320781032078104, "P(D = -1% <= R <= 0% | E = -1% <= R <= 0%)": 0.6150627615062761, "P(D = 0% < R <= 1% | E = -1% <= R <= 0%)": 0.18270571827057183, "P(D = R > 1% | E = -1% <= R <= 0%)": 0.09902370990237098, "P(D = R < -1% | E = 0% < R <= 1%)": 0.08751793400286945, "P(D = -1% <= R <= 0% | E = 0% < R <= 1%)": 0.5408895265423243, "P(D = 0% < R <= 1% | E = 0% < R <= 1%)": 0.2611190817790531, "P(D = R > 1% | E = 0% < R <= 1%)": 0.11047345767575323, "P(D = R < -1% | E = R > 1%)": 0.1416803953871499, "P(D = -1% <= R <= 0% | E = R > 1%)": 0.44810543657331137, "P(D = 0% < R <= 1% | E = R > 1%)": 0.19439868204283361, "P(D = R > 1% | E = R > 1%)": 0.2158154859967051}