{"P(D = R < -1% | E = R < -1%)": 0.0, "P(D = -1% <= R <= 0% | E = R < -1%)": 0.7155963302752294, "P(D = 0% < R <= 1% | E = R < -1%)": 0.14678899082568808, "P(D = R > 1% | E = R < -1%)": 0.13761467889908258, "P(D = R < -1% | E = -1% <= R <= 0%)": 0.0, "P(D = -1% <= R <= 0% | E = -1% <= R <= 0%)": 0.8888888888888888, "P(D = 0% < R <= 1% | E = -1% <= R <= 0%)": 0.07482993197278912, "P(D = R > 1% | E = -1% <= R <= 0%)": 0.036281179138321996, "P(D = R < -1% | E = 0% < R <= 1%)": 0.0, "P(D = -1% <= R <= 0% | E = 0% < R <= 1%)": 0.8266331658291457, "P(D = 0% < R <= 1% | E = 0% < R <= 1%)": 0.1306532663316583, "P(D = R > 1% | E = 0% < R <= 1%)": 0.04271356783919598, "P(D = R < -1% | E = R > 1%)": 0.0, "P(D = -1% <= R <= 0% | E = R > 1%)": 0.6666666666666666, "P(D = 0% < R <= 1% | E = R > 1%)": 0.15503875968992248, "P(D = R > 1% | E = R > 1%)": 0.17829457364341086}