{"P(D = R < -1% | E = R < -1%)": 0.6005509641873278, "P(D = -1% <= R <= 0% | E = R < -1%)": 0.3278236914600551, "P(D = 0% < R <= 1% | E = R < -1%)": 0.0, "P(D = R > 1% | E = R < -1%)": 0.07162534435261708, "P(D = R < -1% | E = -1% <= R <= 0%)": 0.3310104529616725, "P(D = -1% <= R <= 0% | E = -1% <= R <= 0%)": 0.5609756097560976, "P(D = 0% < R <= 1% | E = -1% <= R <= 0%)": 0.0, "P(D = R > 1% | E = -1% <= R <= 0%)": 0.10801393728222997, "P(D = R < -1% | E = 0% < R <= 1%)": 0, "P(D = -1% <= R <= 0% | E = 0% < R <= 1%)": 0, "P(D = 0% < R <= 1% | E = 0% < R <= 1%)": 0, "P(D = R > 1% | E = 0% < R <= 1%)": 0, "P(D = R < -1% | E = R > 1%)": 0.26334519572953735, "P(D = -1% <= R <= 0% | E = R > 1%)": 0.5765124555160143, "P(D = 0% < R <= 1% | E = R > 1%)": 0.0, "P(D = R > 1% | E = R > 1%)": 0.1601423487544484}