{"P(D = R < -1% | E = R < -1%)": 0.05454545454545454, "P(D = -1% <= R <= 0% | E = R < -1%)": 0.4818181818181818, "P(D = 0% < R <= 1% | E = R < -1%)": 0.35454545454545455, "P(D = R > 1% | E = R < -1%)": 0.10909090909090909, "P(D = R < -1% | E = -1% <= R <= 0%)": 0.002028397565922921, "P(D = -1% <= R <= 0% | E = -1% <= R <= 0%)": 0.6146044624746451, "P(D = 0% < R <= 1% | E = -1% <= R <= 0%)": 0.35294117647058826, "P(D = R > 1% | E = -1% <= R <= 0%)": 0.030425963488843813, "P(D = R < -1% | E = 0% < R <= 1%)": 0.011185682326621925, "P(D = -1% <= R <= 0% | E = 0% < R <= 1%)": 0.5234899328859061, "P(D = 0% < R <= 1% | E = 0% < R <= 1%)": 0.436241610738255, "P(D = R > 1% | E = 0% < R <= 1%)": 0.029082774049217, "P(D = R < -1% | E = R > 1%)": 0.061068702290076333, "P(D = -1% <= R <= 0% | E = R > 1%)": 0.4732824427480916, "P(D = 0% < R <= 1% | E = R > 1%)": 0.3435114503816794, "P(D = R > 1% | E = R > 1%)": 0.12213740458015267}