{"P(D = R < -1% | E = R < -1%)": 0.6410256410256411, "P(D = -1% <= R <= 0% | E = R < -1%)": 0.0, "P(D = 0% < R <= 1% | E = R < -1%)": 0.0, "P(D = R > 1% | E = R < -1%)": 0.358974358974359, "P(D = R < -1% | E = -1% <= R <= 0%)": 0.5079365079365079, "P(D = -1% <= R <= 0% | E = -1% <= R <= 0%)": 0.015873015873015872, "P(D = 0% < R <= 1% | E = -1% <= R <= 0%)": 0.0, "P(D = R > 1% | E = -1% <= R <= 0%)": 0.47619047619047616, "P(D = R < -1% | E = 0% < R <= 1%)": 0.52, "P(D = -1% <= R <= 0% | E = 0% < R <= 1%)": 0.0, "P(D = 0% < R <= 1% | E = 0% < R <= 1%)": 0.0, "P(D = R > 1% | E = 0% < R <= 1%)": 0.48, "P(D = R < -1% | E = R > 1%)": 0.4057971014492754, "P(D = -1% <= R <= 0% | E = R > 1%)": 0.0, "P(D = 0% < R <= 1% | E = R > 1%)": 0.0, "P(D = R > 1% | E = R > 1%)": 0.5942028985507246}