{"P(D = R < -1% | E = R < -1%)": 0.14285714285714285, "P(D = -1% <= R <= 0% | E = R < -1%)": 0.7366071428571429, "P(D = 0% < R <= 1% | E = R < -1%)": 0.0, "P(D = R > 1% | E = R < -1%)": 0.12053571428571429, "P(D = R < -1% | E = -1% <= R <= 0%)": 0.058997050147492625, "P(D = -1% <= R <= 0% | E = -1% <= R <= 0%)": 0.8702064896755162, "P(D = 0% < R <= 1% | E = -1% <= R <= 0%)": 0.0, "P(D = R > 1% | E = -1% <= R <= 0%)": 0.07079646017699115, "P(D = R < -1% | E = 0% < R <= 1%)": 0.10810810810810811, "P(D = -1% <= R <= 0% | E = 0% < R <= 1%)": 0.7837837837837838, "P(D = 0% < R <= 1% | E = 0% < R <= 1%)": 0.0, "P(D = R > 1% | E = 0% < R <= 1%)": 0.10810810810810811, "P(D = R < -1% | E = R > 1%)": 0.07636363636363637, "P(D = -1% <= R <= 0% | E = R > 1%)": 0.7236363636363636, "P(D = 0% < R <= 1% | E = R > 1%)": 0.0, "P(D = R > 1% | E = R > 1%)": 0.2}