{"P(D = R < -1% | E = R < -1%)": 0.20588235294117646, "P(D = -1% <= R <= 0% | E = R < -1%)": 0.5294117647058824, "P(D = 0% < R <= 1% | E = R < -1%)": 0.2647058823529412, "P(D = R > 1% | E = R < -1%)": 0.0, "P(D = R < -1% | E = -1% <= R <= 0%)": 0.03, "P(D = -1% <= R <= 0% | E = -1% <= R <= 0%)": 0.87, "P(D = 0% < R <= 1% | E = -1% <= R <= 0%)": 0.1, "P(D = R > 1% | E = -1% <= R <= 0%)": 0.0, "P(D = R < -1% | E = 0% < R <= 1%)": 0.02830188679245283, "P(D = -1% <= R <= 0% | E = 0% < R <= 1%)": 0.6886792452830188, "P(D = 0% < R <= 1% | E = 0% < R <= 1%)": 0.2830188679245283, "P(D = R > 1% | E = 0% < R <= 1%)": 0.0, "P(D = R < -1% | E = R > 1%)": 0.0, "P(D = -1% <= R <= 0% | E = R > 1%)": 0.5625, "P(D = 0% < R <= 1% | E = R > 1%)": 0.4375, "P(D = R > 1% | E = R > 1%)": 0.0}