{"P(D = R < -1% | E = R < -1%)": 0.8873239436619719, "P(D = -1% <= R <= 0% | E = R < -1%)": 0.0, "P(D = 0% < R <= 1% | E = R < -1%)": 0.007042253521126761, "P(D = R > 1% | E = R < -1%)": 0.1056338028169014, "P(D = R < -1% | E = -1% <= R <= 0%)": 0.8787878787878788, "P(D = -1% <= R <= 0% | E = -1% <= R <= 0%)": 0.0, "P(D = 0% < R <= 1% | E = -1% <= R <= 0%)": 0.0, "P(D = R > 1% | E = -1% <= R <= 0%)": 0.12121212121212122, "P(D = R < -1% | E = 0% < R <= 1%)": 0.7037037037037037, "P(D = -1% <= R <= 0% | E = 0% < R <= 1%)": 0.0, "P(D = 0% < R <= 1% | E = 0% < R <= 1%)": 0.037037037037037035, "P(D = R > 1% | E = 0% < R <= 1%)": 0.25925925925925924, "P(D = R < -1% | E = R > 1%)": 0.6886792452830188, "P(D = -1% <= R <= 0% | E = R > 1%)": 0.0, "P(D = 0% < R <= 1% | E = R > 1%)": 0.018867924528301886, "P(D = R > 1% | E = R > 1%)": 0.29245283018867924}