{"P(D = R < -1% | E = R < -1%)": 0.4222972972972973, "P(D = -1% <= R <= 0% | E = R < -1%)": 0.42905405405405406, "P(D = 0% < R <= 1% | E = R < -1%)": 0.0, "P(D = R > 1% | E = R < -1%)": 0.14864864864864866, "P(D = R < -1% | E = -1% <= R <= 0%)": 0.26595744680851063, "P(D = -1% <= R <= 0% | E = -1% <= R <= 0%)": 0.5917553191489362, "P(D = 0% < R <= 1% | E = -1% <= R <= 0%)": 0.0, "P(D = R > 1% | E = -1% <= R <= 0%)": 0.1422872340425532, "P(D = R < -1% | E = 0% < R <= 1%)": 0.26573426573426573, "P(D = -1% <= R <= 0% | E = 0% < R <= 1%)": 0.5909090909090909, "P(D = 0% < R <= 1% | E = 0% < R <= 1%)": 0.0, "P(D = R > 1% | E = 0% < R <= 1%)": 0.14335664335664336, "P(D = R < -1% | E = R > 1%)": 0.2438118811881188, "P(D = -1% <= R <= 0% | E = R > 1%)": 0.46163366336633666, "P(D = 0% < R <= 1% | E = R > 1%)": 0.0, "P(D = R > 1% | E = R > 1%)": 0.29455445544554454}