{"P(D = R < -1% | E = R < -1%)": 0.42536327608982827, "P(D = -1% <= R <= 0% | E = R < -1%)": 0.19418758256274768, "P(D = 0% < R <= 1% | E = R < -1%)": 0.03302509907529723, "P(D = R > 1% | E = R < -1%)": 0.3474240422721268, "P(D = R < -1% | E = -1% <= R <= 0%)": 0.2777777777777778, "P(D = -1% <= R <= 0% | E = -1% <= R <= 0%)": 0.478494623655914, "P(D = 0% < R <= 1% | E = -1% <= R <= 0%)": 0.016129032258064516, "P(D = R > 1% | E = -1% <= R <= 0%)": 0.22759856630824374, "P(D = R < -1% | E = 0% < R <= 1%)": 0.3391304347826087, "P(D = -1% <= R <= 0% | E = 0% < R <= 1%)": 0.02608695652173913, "P(D = 0% < R <= 1% | E = 0% < R <= 1%)": 0.08695652173913043, "P(D = R > 1% | E = 0% < R <= 1%)": 0.5478260869565217, "P(D = R < -1% | E = R > 1%)": 0.32271468144044324, "P(D = -1% <= R <= 0% | E = R > 1%)": 0.21052631578947367, "P(D = 0% < R <= 1% | E = R > 1%)": 0.062326869806094184, "P(D = R > 1% | E = R > 1%)": 0.40443213296398894}