{"P(D = R < -1% | E = R < -1%)": 0.14234016887816647, "P(D = -1% <= R <= 0% | E = R < -1%)": 0.8299155609167672, "P(D = 0% < R <= 1% | E = R < -1%)": 0.0, "P(D = R > 1% | E = R < -1%)": 0.027744270205066344, "P(D = R < -1% | E = -1% <= R <= 0%)": 0.044892648015614836, "P(D = -1% <= R <= 0% | E = -1% <= R <= 0%)": 0.9414443721535458, "P(D = 0% < R <= 1% | E = -1% <= R <= 0%)": 0.0, "P(D = R > 1% | E = -1% <= R <= 0%)": 0.013662979830839297, "P(D = R < -1% | E = 0% < R <= 1%)": 0.021996615905245348, "P(D = -1% <= R <= 0% | E = 0% < R <= 1%)": 0.9678510998307953, "P(D = 0% < R <= 1% | E = 0% < R <= 1%)": 0.0, "P(D = R > 1% | E = 0% < R <= 1%)": 0.01015228426395939, "P(D = R < -1% | E = R > 1%)": 0.049528301886792456, "P(D = -1% <= R <= 0% | E = R > 1%)": 0.8514150943396226, "P(D = 0% < R <= 1% | E = R > 1%)": 0.0, "P(D = R > 1% | E = R > 1%)": 0.09905660377358491}