{"P(D = R < -1% | E = R < -1%)": 0.14663143989431968, "P(D = -1% <= R <= 0% | E = R < -1%)": 0.0726552179656539, "P(D = 0% < R <= 1% | E = R < -1%)": 0.5535006605019815, "P(D = R > 1% | E = R < -1%)": 0.22721268163804492, "P(D = R < -1% | E = -1% <= R <= 0%)": 0.07205240174672489, "P(D = -1% <= R <= 0% | E = -1% <= R <= 0%)": 0.12336244541484716, "P(D = 0% < R <= 1% | E = -1% <= R <= 0%)": 0.6408296943231441, "P(D = R > 1% | E = -1% <= R <= 0%)": 0.16375545851528384, "P(D = R < -1% | E = 0% < R <= 1%)": 0.06418219461697723, "P(D = -1% <= R <= 0% | E = 0% < R <= 1%)": 0.09937888198757763, "P(D = 0% < R <= 1% | E = 0% < R <= 1%)": 0.6821946169772257, "P(D = R > 1% | E = 0% < R <= 1%)": 0.15424430641821946, "P(D = R < -1% | E = R > 1%)": 0.08248730964467005, "P(D = -1% <= R <= 0% | E = R > 1%)": 0.0799492385786802, "P(D = 0% < R <= 1% | E = R > 1%)": 0.5253807106598984, "P(D = R > 1% | E = R > 1%)": 0.31218274111675126}