{"P(D = R < -1% | E = R < -1%)": 0.14634146341463414, "P(D = -1% <= R <= 0% | E = R < -1%)": 0.5528455284552846, "P(D = 0% < R <= 1% | E = R < -1%)": 0.21951219512195122, "P(D = R > 1% | E = R < -1%)": 0.08130081300813008, "P(D = R < -1% | E = -1% <= R <= 0%)": 0.03546099290780142, "P(D = -1% <= R <= 0% | E = -1% <= R <= 0%)": 0.5602836879432624, "P(D = 0% < R <= 1% | E = -1% <= R <= 0%)": 0.3475177304964539, "P(D = R > 1% | E = -1% <= R <= 0%)": 0.05673758865248227, "P(D = R < -1% | E = 0% < R <= 1%)": 0.02109704641350211, "P(D = -1% <= R <= 0% | E = 0% < R <= 1%)": 0.3924050632911392, "P(D = 0% < R <= 1% | E = 0% < R <= 1%)": 0.5232067510548524, "P(D = R > 1% | E = 0% < R <= 1%)": 0.06329113924050633, "P(D = R < -1% | E = R > 1%)": 0.0390625, "P(D = -1% <= R <= 0% | E = R > 1%)": 0.1953125, "P(D = 0% < R <= 1% | E = R > 1%)": 0.4453125, "P(D = R > 1% | E = R > 1%)": 0.3203125}