{"P(D = R < -1% | E = R < -1%)": 0.21973094170403587, "P(D = -1% <= R <= 0% | E = R < -1%)": 0.19730941704035873, "P(D = 0% < R <= 1% | E = R < -1%)": 0.452914798206278, "P(D = R > 1% | E = R < -1%)": 0.13004484304932734, "P(D = R < -1% | E = -1% <= R <= 0%)": 0.10396039603960396, "P(D = -1% <= R <= 0% | E = -1% <= R <= 0%)": 0.3217821782178218, "P(D = 0% < R <= 1% | E = -1% <= R <= 0%)": 0.48514851485148514, "P(D = R > 1% | E = -1% <= R <= 0%)": 0.0891089108910891, "P(D = R < -1% | E = 0% < R <= 1%)": 0.08823529411764706, "P(D = -1% <= R <= 0% | E = 0% < R <= 1%)": 0.1588235294117647, "P(D = 0% < R <= 1% | E = 0% < R <= 1%)": 0.6470588235294118, "P(D = R > 1% | E = 0% < R <= 1%)": 0.10588235294117647, "P(D = R < -1% | E = R > 1%)": 0.1085972850678733, "P(D = -1% <= R <= 0% | E = R > 1%)": 0.20361990950226244, "P(D = 0% < R <= 1% | E = R > 1%)": 0.5203619909502263, "P(D = R > 1% | E = R > 1%)": 0.167420814479638}