{"P(D = R < -1% | E = R < -1%)": 0.25, "P(D = -1% <= R <= 0% | E = R < -1%)": 0.39285714285714285, "P(D = 0% < R <= 1% | E = R < -1%)": 0.2857142857142857, "P(D = R > 1% | E = R < -1%)": 0.07142857142857142, "P(D = R < -1% | E = -1% <= R <= 0%)": 0.041237113402061855, "P(D = -1% <= R <= 0% | E = -1% <= R <= 0%)": 0.6391752577319587, "P(D = 0% < R <= 1% | E = -1% <= R <= 0%)": 0.29896907216494845, "P(D = R > 1% | E = -1% <= R <= 0%)": 0.020618556701030927, "P(D = R < -1% | E = 0% < R <= 1%)": 0.03389830508474576, "P(D = -1% <= R <= 0% | E = 0% < R <= 1%)": 0.3305084745762712, "P(D = 0% < R <= 1% | E = 0% < R <= 1%)": 0.5423728813559322, "P(D = R > 1% | E = 0% < R <= 1%)": 0.09322033898305085, "P(D = R < -1% | E = R > 1%)": 0.041666666666666664, "P(D = -1% <= R <= 0% | E = R > 1%)": 0.20833333333333334, "P(D = 0% < R <= 1% | E = R > 1%)": 0.2916666666666667, "P(D = R > 1% | E = R > 1%)": 0.4583333333333333}