{"P(D = R < -1% | E = R < -1%)": 0.46416938110749184, "P(D = -1% <= R <= 0% | E = R < -1%)": 0.0, "P(D = 0% < R <= 1% | E = R < -1%)": 0.0, "P(D = R > 1% | E = R < -1%)": 0.5358306188925082, "P(D = R < -1% | E = -1% <= R <= 0%)": 0.28994082840236685, "P(D = -1% <= R <= 0% | E = -1% <= R <= 0%)": 0.0, "P(D = 0% < R <= 1% | E = -1% <= R <= 0%)": 0.0, "P(D = R > 1% | E = -1% <= R <= 0%)": 0.7100591715976331, "P(D = R < -1% | E = 0% < R <= 1%)": 0, "P(D = -1% <= R <= 0% | E = 0% < R <= 1%)": 0, "P(D = 0% < R <= 1% | E = 0% < R <= 1%)": 0, "P(D = R > 1% | E = 0% < R <= 1%)": 0, "P(D = R < -1% | E = R > 1%)": 0.21493624772313297, "P(D = -1% <= R <= 0% | E = R > 1%)": 0.0, "P(D = 0% < R <= 1% | E = R > 1%)": 0.0, "P(D = R > 1% | E = R > 1%)": 0.785063752276867}