{"P(D = R < -1% | E = R < -1%)": 0.1953125, "P(D = -1% <= R <= 0% | E = R < -1%)": 0.75, "P(D = 0% < R <= 1% | E = R < -1%)": 0.0, "P(D = R > 1% | E = R < -1%)": 0.0546875, "P(D = R < -1% | E = -1% <= R <= 0%)": 0.04028436018957346, "P(D = -1% <= R <= 0% | E = -1% <= R <= 0%)": 0.9241706161137441, "P(D = 0% < R <= 1% | E = -1% <= R <= 0%)": 0.0, "P(D = R > 1% | E = -1% <= R <= 0%)": 0.035545023696682464, "P(D = R < -1% | E = 0% < R <= 1%)": 0.056666666666666664, "P(D = -1% <= R <= 0% | E = 0% < R <= 1%)": 0.92, "P(D = 0% < R <= 1% | E = 0% < R <= 1%)": 0.0, "P(D = R > 1% | E = 0% < R <= 1%)": 0.023333333333333334, "P(D = R < -1% | E = R > 1%)": 0.08666666666666667, "P(D = -1% <= R <= 0% | E = R > 1%)": 0.8233333333333334, "P(D = 0% < R <= 1% | E = R > 1%)": 0.0, "P(D = R > 1% | E = R > 1%)": 0.09}