{"P(D = R < -1% | E = R < -1%)": 0.22555205047318613, "P(D = -1% <= R <= 0% | E = R < -1%)": 0.6640378548895899, "P(D = 0% < R <= 1% | E = R < -1%)": 0.03627760252365931, "P(D = R > 1% | E = R < -1%)": 0.07413249211356467, "P(D = R < -1% | E = -1% <= R <= 0%)": 0.05655686761963953, "P(D = -1% <= R <= 0% | E = -1% <= R <= 0%)": 0.8551895587321318, "P(D = 0% < R <= 1% | E = -1% <= R <= 0%)": 0.03480422622747048, "P(D = R > 1% | E = -1% <= R <= 0%)": 0.053449347420758235, "P(D = R < -1% | E = 0% < R <= 1%)": 0.027472527472527472, "P(D = -1% <= R <= 0% | E = 0% < R <= 1%)": 0.8472527472527472, "P(D = 0% < R <= 1% | E = 0% < R <= 1%)": 0.046153846153846156, "P(D = R > 1% | E = 0% < R <= 1%)": 0.07912087912087912, "P(D = R < -1% | E = R > 1%)": 0.047058823529411764, "P(D = -1% <= R <= 0% | E = R > 1%)": 0.6352941176470588, "P(D = 0% < R <= 1% | E = R > 1%)": 0.09411764705882353, "P(D = R > 1% | E = R > 1%)": 0.2235294117647059}