{"P(D = R < -1% | E = R < -1%)": 0.3469387755102041, "P(D = -1% <= R <= 0% | E = R < -1%)": 0.2653061224489796, "P(D = 0% < R <= 1% | E = R < -1%)": 0.3469387755102041, "P(D = R > 1% | E = R < -1%)": 0.04081632653061224, "P(D = R < -1% | E = -1% <= R <= 0%)": 0.17333333333333334, "P(D = -1% <= R <= 0% | E = -1% <= R <= 0%)": 0.37333333333333335, "P(D = 0% < R <= 1% | E = -1% <= R <= 0%)": 0.38666666666666666, "P(D = R > 1% | E = -1% <= R <= 0%)": 0.06666666666666667, "P(D = R < -1% | E = 0% < R <= 1%)": 0.09259259259259259, "P(D = -1% <= R <= 0% | E = 0% < R <= 1%)": 0.1111111111111111, "P(D = 0% < R <= 1% | E = 0% < R <= 1%)": 0.7407407407407407, "P(D = R > 1% | E = 0% < R <= 1%)": 0.05555555555555555, "P(D = R < -1% | E = R > 1%)": 0.0975609756097561, "P(D = -1% <= R <= 0% | E = R > 1%)": 0.14634146341463414, "P(D = 0% < R <= 1% | E = R > 1%)": 0.17073170731707318, "P(D = R > 1% | E = R > 1%)": 0.5853658536585366}