{"P(D = R < -1% | E = R < -1%)": 0.21551724137931033, "P(D = -1% <= R <= 0% | E = R < -1%)": 0.3448275862068966, "P(D = 0% < R <= 1% | E = R < -1%)": 0.3793103448275862, "P(D = R > 1% | E = R < -1%)": 0.0603448275862069, "P(D = R < -1% | E = -1% <= R <= 0%)": 0.07709750566893424, "P(D = -1% <= R <= 0% | E = -1% <= R <= 0%)": 0.29024943310657597, "P(D = 0% < R <= 1% | E = -1% <= R <= 0%)": 0.6031746031746031, "P(D = R > 1% | E = -1% <= R <= 0%)": 0.02947845804988662, "P(D = R < -1% | E = 0% < R <= 1%)": 0.026607538802660754, "P(D = -1% <= R <= 0% | E = 0% < R <= 1%)": 0.188470066518847, "P(D = 0% < R <= 1% | E = 0% < R <= 1%)": 0.7361419068736141, "P(D = R > 1% | E = 0% < R <= 1%)": 0.04878048780487805, "P(D = R < -1% | E = R > 1%)": 0.07111111111111111, "P(D = -1% <= R <= 0% | E = R > 1%)": 0.1511111111111111, "P(D = 0% < R <= 1% | E = R > 1%)": 0.6133333333333333, "P(D = R > 1% | E = R > 1%)": 0.16444444444444445}