{"P(D = R < -1% | E = R < -1%)": 0.07621951219512195, "P(D = -1% <= R <= 0% | E = R < -1%)": 0.8719512195121951, "P(D = 0% < R <= 1% | E = R < -1%)": 0.027439024390243903, "P(D = R > 1% | E = R < -1%)": 0.024390243902439025, "P(D = R < -1% | E = -1% <= R <= 0%)": 0.014218009478672985, "P(D = -1% <= R <= 0% | E = -1% <= R <= 0%)": 0.9440758293838862, "P(D = 0% < R <= 1% | E = -1% <= R <= 0%)": 0.015165876777251185, "P(D = R > 1% | E = -1% <= R <= 0%)": 0.026540284360189573, "P(D = R < -1% | E = 0% < R <= 1%)": 0.008293838862559242, "P(D = -1% <= R <= 0% | E = 0% < R <= 1%)": 0.9466824644549763, "P(D = 0% < R <= 1% | E = 0% < R <= 1%)": 0.017772511848341232, "P(D = R > 1% | E = 0% < R <= 1%)": 0.027251184834123223, "P(D = R < -1% | E = R > 1%)": 0.011904761904761904, "P(D = -1% <= R <= 0% | E = R > 1%)": 0.8154761904761905, "P(D = 0% < R <= 1% | E = R > 1%)": 0.044642857142857144, "P(D = R > 1% | E = R > 1%)": 0.12797619047619047}