{"P(D = R < -1% | E = R < -1%)": 0.31713722915298753, "P(D = -1% <= R <= 0% | E = R < -1%)": 0.05712409717662508, "P(D = 0% < R <= 1% | E = R < -1%)": 0.0, "P(D = R > 1% | E = R < -1%)": 0.6257386736703874, "P(D = R < -1% | E = -1% <= R <= 0%)": 0.22263450834879406, "P(D = -1% <= R <= 0% | E = -1% <= R <= 0%)": 0.01948051948051948, "P(D = 0% < R <= 1% | E = -1% <= R <= 0%)": 0.0, "P(D = R > 1% | E = -1% <= R <= 0%)": 0.7578849721706865, "P(D = R < -1% | E = 0% < R <= 1%)": 0.17536534446764093, "P(D = -1% <= R <= 0% | E = 0% < R <= 1%)": 0.022964509394572025, "P(D = 0% < R <= 1% | E = 0% < R <= 1%)": 0.0, "P(D = R > 1% | E = 0% < R <= 1%)": 0.8016701461377871, "P(D = R < -1% | E = R > 1%)": 0.18095838587641866, "P(D = -1% <= R <= 0% | E = R > 1%)": 0.04791929382093316, "P(D = 0% < R <= 1% | E = R > 1%)": 0.0, "P(D = R > 1% | E = R > 1%)": 0.7711223203026482}