{"P(D = R < -1% | E = R < -1%)": 0.19101123595505617, "P(D = -1% <= R <= 0% | E = R < -1%)": 0.5168539325842697, "P(D = 0% < R <= 1% | E = R < -1%)": 0.24719101123595505, "P(D = R > 1% | E = R < -1%)": 0.0449438202247191, "P(D = R < -1% | E = -1% <= R <= 0%)": 0.006896551724137931, "P(D = -1% <= R <= 0% | E = -1% <= R <= 0%)": 0.896551724137931, "P(D = 0% < R <= 1% | E = -1% <= R <= 0%)": 0.07241379310344828, "P(D = R > 1% | E = -1% <= R <= 0%)": 0.02413793103448276, "P(D = R < -1% | E = 0% < R <= 1%)": 0.012295081967213115, "P(D = -1% <= R <= 0% | E = 0% < R <= 1%)": 0.8237704918032787, "P(D = 0% < R <= 1% | E = 0% < R <= 1%)": 0.13114754098360656, "P(D = R > 1% | E = 0% < R <= 1%)": 0.03278688524590164, "P(D = R < -1% | E = R > 1%)": 0.08163265306122448, "P(D = -1% <= R <= 0% | E = R > 1%)": 0.6020408163265306, "P(D = 0% < R <= 1% | E = R > 1%)": 0.16326530612244897, "P(D = R > 1% | E = R > 1%)": 0.15306122448979592}