{"P(D = R < -1% | E = R < -1%)": 0.39344262295081966, "P(D = -1% <= R <= 0% | E = R < -1%)": 0.0, "P(D = 0% < R <= 1% | E = R < -1%)": 0.01639344262295082, "P(D = R > 1% | E = R < -1%)": 0.5901639344262295, "P(D = R < -1% | E = -1% <= R <= 0%)": 0.3269230769230769, "P(D = -1% <= R <= 0% | E = -1% <= R <= 0%)": 0.0, "P(D = 0% < R <= 1% | E = -1% <= R <= 0%)": 0.057692307692307696, "P(D = R > 1% | E = -1% <= R <= 0%)": 0.6153846153846154, "P(D = R < -1% | E = 0% < R <= 1%)": 0.23809523809523808, "P(D = -1% <= R <= 0% | E = 0% < R <= 1%)": 0.0, "P(D = 0% < R <= 1% | E = 0% < R <= 1%)": 0.14285714285714285, "P(D = R > 1% | E = 0% < R <= 1%)": 0.6190476190476191, "P(D = R < -1% | E = R > 1%)": 0.21311475409836064, "P(D = -1% <= R <= 0% | E = R > 1%)": 0.0, "P(D = 0% < R <= 1% | E = R > 1%)": 0.01639344262295082, "P(D = R > 1% | E = R > 1%)": 0.7704918032786885}