{"P(D = R < -1% | E = R < -1%)": 0.6296296296296297, "P(D = -1% <= R <= 0% | E = R < -1%)": 0.0, "P(D = 0% < R <= 1% | E = R < -1%)": 0.037037037037037035, "P(D = R > 1% | E = R < -1%)": 0.3333333333333333, "P(D = R < -1% | E = -1% <= R <= 0%)": 0.45161290322580644, "P(D = -1% <= R <= 0% | E = -1% <= R <= 0%)": 0.0, "P(D = 0% < R <= 1% | E = -1% <= R <= 0%)": 0.03225806451612903, "P(D = R > 1% | E = -1% <= R <= 0%)": 0.5161290322580645, "P(D = R < -1% | E = 0% < R <= 1%)": 0.5, "P(D = -1% <= R <= 0% | E = 0% < R <= 1%)": 0.0, "P(D = 0% < R <= 1% | E = 0% < R <= 1%)": 0.09375, "P(D = R > 1% | E = 0% < R <= 1%)": 0.40625, "P(D = R < -1% | E = R > 1%)": 0.3877551020408163, "P(D = -1% <= R <= 0% | E = R > 1%)": 0.0, "P(D = 0% < R <= 1% | E = R > 1%)": 0.0, "P(D = R > 1% | E = R > 1%)": 0.6122448979591837}