{"P(D = R < -1% | E = R < -1%)": 0.11711711711711711, "P(D = -1% <= R <= 0% | E = R < -1%)": 0.6756756756756757, "P(D = 0% < R <= 1% | E = R < -1%)": 0.11711711711711711, "P(D = R > 1% | E = R < -1%)": 0.09009009009009009, "P(D = R < -1% | E = -1% <= R <= 0%)": 0.041666666666666664, "P(D = -1% <= R <= 0% | E = -1% <= R <= 0%)": 0.8125, "P(D = 0% < R <= 1% | E = -1% <= R <= 0%)": 0.11151960784313726, "P(D = R > 1% | E = -1% <= R <= 0%)": 0.03431372549019608, "P(D = R < -1% | E = 0% < R <= 1%)": 0.022590361445783132, "P(D = -1% <= R <= 0% | E = 0% < R <= 1%)": 0.7304216867469879, "P(D = 0% < R <= 1% | E = 0% < R <= 1%)": 0.2063253012048193, "P(D = R > 1% | E = 0% < R <= 1%)": 0.04066265060240964, "P(D = R < -1% | E = R > 1%)": 0.0273972602739726, "P(D = -1% <= R <= 0% | E = R > 1%)": 0.410958904109589, "P(D = 0% < R <= 1% | E = R > 1%)": 0.3242009132420091, "P(D = R > 1% | E = R > 1%)": 0.2374429223744292}