{"P(D = R < -1% | E = R < -1%)": 0.0, "P(D = -1% <= R <= 0% | E = R < -1%)": 0.7701149425287356, "P(D = 0% < R <= 1% | E = R < -1%)": 0.1724137931034483, "P(D = R > 1% | E = R < -1%)": 0.05747126436781609, "P(D = R < -1% | E = -1% <= R <= 0%)": 0.0, "P(D = -1% <= R <= 0% | E = -1% <= R <= 0%)": 0.8754863813229572, "P(D = 0% < R <= 1% | E = -1% <= R <= 0%)": 0.11867704280155641, "P(D = R > 1% | E = -1% <= R <= 0%)": 0.005836575875486381, "P(D = R < -1% | E = 0% < R <= 1%)": 0.0, "P(D = -1% <= R <= 0% | E = 0% < R <= 1%)": 0.7920353982300885, "P(D = 0% < R <= 1% | E = 0% < R <= 1%)": 0.17920353982300885, "P(D = R > 1% | E = 0% < R <= 1%)": 0.028761061946902654, "P(D = R < -1% | E = R > 1%)": 0.0, "P(D = -1% <= R <= 0% | E = R > 1%)": 0.5934065934065934, "P(D = 0% < R <= 1% | E = R > 1%)": 0.34065934065934067, "P(D = R > 1% | E = R > 1%)": 0.06593406593406594}