{"P(D = R < -1% | E = R < -1%)": 0.45161290322580644, "P(D = -1% <= R <= 0% | E = R < -1%)": 0.15053763440860216, "P(D = 0% < R <= 1% | E = R < -1%)": 0.0017921146953405018, "P(D = R > 1% | E = R < -1%)": 0.3960573476702509, "P(D = R < -1% | E = -1% <= R <= 0%)": 0.2676056338028169, "P(D = -1% <= R <= 0% | E = -1% <= R <= 0%)": 0.31690140845070425, "P(D = 0% < R <= 1% | E = -1% <= R <= 0%)": 0.0, "P(D = R > 1% | E = -1% <= R <= 0%)": 0.4154929577464789, "P(D = R < -1% | E = 0% < R <= 1%)": 0.42857142857142855, "P(D = -1% <= R <= 0% | E = 0% < R <= 1%)": 0.10204081632653061, "P(D = 0% < R <= 1% | E = 0% < R <= 1%)": 0.0, "P(D = R > 1% | E = 0% < R <= 1%)": 0.46938775510204084, "P(D = R < -1% | E = R > 1%)": 0.22298456260720412, "P(D = -1% <= R <= 0% | E = R > 1%)": 0.11149228130360206, "P(D = 0% < R <= 1% | E = R > 1%)": 0.0017152658662092624, "P(D = R > 1% | E = R > 1%)": 0.6638078902229846}