{"P(D = R < -1% | E = R < -1%)": 0.10819009100101112, "P(D = -1% <= R <= 0% | E = R < -1%)": 0.43377148634984836, "P(D = 0% < R <= 1% | E = R < -1%)": 0.33771486349848334, "P(D = R > 1% | E = R < -1%)": 0.12032355915065723, "P(D = R < -1% | E = -1% <= R <= 0%)": 0.06191687871077184, "P(D = -1% <= R <= 0% | E = -1% <= R <= 0%)": 0.542832909245123, "P(D = 0% < R <= 1% | E = -1% <= R <= 0%)": 0.3155216284987277, "P(D = R > 1% | E = -1% <= R <= 0%)": 0.07972858354537744, "P(D = R < -1% | E = 0% < R <= 1%)": 0.055234954657873044, "P(D = -1% <= R <= 0% | E = 0% < R <= 1%)": 0.4674361088211047, "P(D = 0% < R <= 1% | E = 0% < R <= 1%)": 0.3734542456718879, "P(D = R > 1% | E = 0% < R <= 1%)": 0.10387469084913438, "P(D = R < -1% | E = R > 1%)": 0.06933333333333333, "P(D = -1% <= R <= 0% | E = R > 1%)": 0.3768888888888889, "P(D = 0% < R <= 1% | E = R > 1%)": 0.36088888888888887, "P(D = R > 1% | E = R > 1%)": 0.1928888888888889}