{"P(D = R < -1% | E = R < -1%)": 0.05263157894736842, "P(D = -1% <= R <= 0% | E = R < -1%)": 0.7543859649122807, "P(D = 0% < R <= 1% | E = R < -1%)": 0.0, "P(D = R > 1% | E = R < -1%)": 0.19298245614035087, "P(D = R < -1% | E = -1% <= R <= 0%)": 0.03002309468822171, "P(D = -1% <= R <= 0% | E = -1% <= R <= 0%)": 0.9168591224018475, "P(D = 0% < R <= 1% | E = -1% <= R <= 0%)": 0.0, "P(D = R > 1% | E = -1% <= R <= 0%)": 0.053117782909930716, "P(D = R < -1% | E = 0% < R <= 1%)": 0.020289855072463767, "P(D = -1% <= R <= 0% | E = 0% < R <= 1%)": 0.9188405797101449, "P(D = 0% < R <= 1% | E = 0% < R <= 1%)": 0.0, "P(D = R > 1% | E = 0% < R <= 1%)": 0.06086956521739131, "P(D = R < -1% | E = R > 1%)": 0.046511627906976744, "P(D = -1% <= R <= 0% | E = R > 1%)": 0.7151162790697675, "P(D = 0% < R <= 1% | E = R > 1%)": 0.0, "P(D = R > 1% | E = R > 1%)": 0.23837209302325582}