{"P(D = R < -1% | E = R < -1%)": 0.23780487804878048, "P(D = -1% <= R <= 0% | E = R < -1%)": 0.4817073170731707, "P(D = 0% < R <= 1% | E = R < -1%)": 0.1951219512195122, "P(D = R > 1% | E = R < -1%)": 0.08536585365853659, "P(D = R < -1% | E = -1% <= R <= 0%)": 0.06872852233676977, "P(D = -1% <= R <= 0% | E = -1% <= R <= 0%)": 0.6288659793814433, "P(D = 0% < R <= 1% | E = -1% <= R <= 0%)": 0.2508591065292096, "P(D = R > 1% | E = -1% <= R <= 0%)": 0.05154639175257732, "P(D = R < -1% | E = 0% < R <= 1%)": 0.08992805755395683, "P(D = -1% <= R <= 0% | E = 0% < R <= 1%)": 0.5467625899280576, "P(D = 0% < R <= 1% | E = 0% < R <= 1%)": 0.3129496402877698, "P(D = R > 1% | E = 0% < R <= 1%)": 0.050359712230215826, "P(D = R < -1% | E = R > 1%)": 0.19230769230769232, "P(D = -1% <= R <= 0% | E = R > 1%)": 0.4358974358974359, "P(D = 0% < R <= 1% | E = R > 1%)": 0.24358974358974358, "P(D = R > 1% | E = R > 1%)": 0.1282051282051282}