{"P(D = R < -1% | E = R < -1%)": 0.8851674641148325, "P(D = -1% <= R <= 0% | E = R < -1%)": 0.0, "P(D = 0% < R <= 1% | E = R < -1%)": 0.0, "P(D = R > 1% | E = R < -1%)": 0.11483253588516747, "P(D = R < -1% | E = -1% <= R <= 0%)": 0.8625, "P(D = -1% <= R <= 0% | E = -1% <= R <= 0%)": 0.004166666666666667, "P(D = 0% < R <= 1% | E = -1% <= R <= 0%)": 0.0, "P(D = R > 1% | E = -1% <= R <= 0%)": 0.13333333333333333, "P(D = R < -1% | E = 0% < R <= 1%)": 0.896551724137931, "P(D = -1% <= R <= 0% | E = 0% < R <= 1%)": 0.0, "P(D = 0% < R <= 1% | E = 0% < R <= 1%)": 0.0, "P(D = R > 1% | E = 0% < R <= 1%)": 0.10344827586206896, "P(D = R < -1% | E = R > 1%)": 0.8560606060606061, "P(D = -1% <= R <= 0% | E = R > 1%)": 0.0025252525252525255, "P(D = 0% < R <= 1% | E = R > 1%)": 0.0, "P(D = R > 1% | E = R > 1%)": 0.1414141414141414}