{"P(D = R < -1% | E = R < -1%)": 0.1592920353982301, "P(D = -1% <= R <= 0% | E = R < -1%)": 0.24336283185840707, "P(D = 0% < R <= 1% | E = R < -1%)": 0.5353982300884956, "P(D = R > 1% | E = R < -1%)": 0.061946902654867256, "P(D = R < -1% | E = -1% <= R <= 0%)": 0.037199124726477024, "P(D = -1% <= R <= 0% | E = -1% <= R <= 0%)": 0.25164113785557984, "P(D = 0% < R <= 1% | E = -1% <= R <= 0%)": 0.6783369803063457, "P(D = R > 1% | E = -1% <= R <= 0%)": 0.03282275711159737, "P(D = R < -1% | E = 0% < R <= 1%)": 0.03189066059225513, "P(D = -1% <= R <= 0% | E = 0% < R <= 1%)": 0.14350797266514806, "P(D = 0% < R <= 1% | E = 0% < R <= 1%)": 0.7995444191343963, "P(D = R > 1% | E = 0% < R <= 1%)": 0.025056947608200455, "P(D = R < -1% | E = R > 1%)": 0.048458149779735685, "P(D = -1% <= R <= 0% | E = R > 1%)": 0.2511013215859031, "P(D = 0% < R <= 1% | E = R > 1%)": 0.6123348017621145, "P(D = R > 1% | E = R > 1%)": 0.0881057268722467}