{"P(D = R < -1% | E = R < -1%)": 0.3237822349570201, "P(D = -1% <= R <= 0% | E = R < -1%)": 0.3137535816618911, "P(D = 0% < R <= 1% | E = R < -1%)": 0.0, "P(D = R > 1% | E = R < -1%)": 0.3624641833810888, "P(D = R < -1% | E = -1% <= R <= 0%)": 0.16639072847682118, "P(D = -1% <= R <= 0% | E = -1% <= R <= 0%)": 0.4097682119205298, "P(D = 0% < R <= 1% | E = -1% <= R <= 0%)": 0.0, "P(D = R > 1% | E = -1% <= R <= 0%)": 0.423841059602649, "P(D = R < -1% | E = 0% < R <= 1%)": 0.1438223938223938, "P(D = -1% <= R <= 0% | E = 0% < R <= 1%)": 0.3764478764478765, "P(D = 0% < R <= 1% | E = 0% < R <= 1%)": 0.0, "P(D = R > 1% | E = 0% < R <= 1%)": 0.4797297297297297, "P(D = R < -1% | E = R > 1%)": 0.14180602006688964, "P(D = -1% <= R <= 0% | E = R > 1%)": 0.2842809364548495, "P(D = 0% < R <= 1% | E = R > 1%)": 0.0, "P(D = R > 1% | E = R > 1%)": 0.5739130434782609}