{"P(D = R < -1% | E = R < -1%)": 0.1436893203883495, "P(D = -1% <= R <= 0% | E = R < -1%)": 0.06407766990291262, "P(D = 0% < R <= 1% | E = R < -1%)": 0.0, "P(D = R > 1% | E = R < -1%)": 0.7922330097087379, "P(D = R < -1% | E = -1% <= R <= 0%)": 0.08615384615384615, "P(D = -1% <= R <= 0% | E = -1% <= R <= 0%)": 0.08615384615384615, "P(D = 0% < R <= 1% | E = -1% <= R <= 0%)": 0.0, "P(D = R > 1% | E = -1% <= R <= 0%)": 0.8276923076923077, "P(D = R < -1% | E = 0% < R <= 1%)": 0.05078125, "P(D = -1% <= R <= 0% | E = 0% < R <= 1%)": 0.0625, "P(D = 0% < R <= 1% | E = 0% < R <= 1%)": 0.0, "P(D = R > 1% | E = 0% < R <= 1%)": 0.88671875, "P(D = R < -1% | E = R > 1%)": 0.08571428571428572, "P(D = -1% <= R <= 0% | E = R > 1%)": 0.04107142857142857, "P(D = 0% < R <= 1% | E = R > 1%)": 0.0, "P(D = R > 1% | E = R > 1%)": 0.8732142857142857}