{"P(D = R < -1% | E = R < -1%)": 0.08088235294117647, "P(D = -1% <= R <= 0% | E = R < -1%)": 0.5735294117647058, "P(D = 0% < R <= 1% | E = R < -1%)": 0.27205882352941174, "P(D = R > 1% | E = R < -1%)": 0.07352941176470588, "P(D = R < -1% | E = -1% <= R <= 0%)": 0.011194029850746268, "P(D = -1% <= R <= 0% | E = -1% <= R <= 0%)": 0.5671641791044776, "P(D = 0% < R <= 1% | E = -1% <= R <= 0%)": 0.40298507462686567, "P(D = R > 1% | E = -1% <= R <= 0%)": 0.018656716417910446, "P(D = R < -1% | E = 0% < R <= 1%)": 0.0055658627087198514, "P(D = -1% <= R <= 0% | E = 0% < R <= 1%)": 0.4452690166975881, "P(D = 0% < R <= 1% | E = 0% < R <= 1%)": 0.5287569573283859, "P(D = R > 1% | E = 0% < R <= 1%)": 0.02040816326530612, "P(D = R < -1% | E = R > 1%)": 0.014492753623188406, "P(D = -1% <= R <= 0% | E = R > 1%)": 0.3115942028985507, "P(D = 0% < R <= 1% | E = R > 1%)": 0.5434782608695652, "P(D = R > 1% | E = R > 1%)": 0.13043478260869565}