{"P(D = R < -1% | E = R < -1%)": 0.3486590038314176, "P(D = -1% <= R <= 0% | E = R < -1%)": 0.5606641123882503, "P(D = 0% < R <= 1% | E = R < -1%)": 0.0, "P(D = R > 1% | E = R < -1%)": 0.09067688378033206, "P(D = R < -1% | E = -1% <= R <= 0%)": 0.08964781216648879, "P(D = -1% <= R <= 0% | E = -1% <= R <= 0%)": 0.8132337246531484, "P(D = 0% < R <= 1% | E = -1% <= R <= 0%)": 0.004268943436499467, "P(D = R > 1% | E = -1% <= R <= 0%)": 0.09284951974386339, "P(D = R < -1% | E = 0% < R <= 1%)": 0.11977715877437325, "P(D = -1% <= R <= 0% | E = 0% < R <= 1%)": 0.7465181058495822, "P(D = 0% < R <= 1% | E = 0% < R <= 1%)": 0.0, "P(D = R > 1% | E = 0% < R <= 1%)": 0.13370473537604458, "P(D = R < -1% | E = R > 1%)": 0.13642756680731363, "P(D = -1% <= R <= 0% | E = R > 1%)": 0.5850914205344585, "P(D = 0% < R <= 1% | E = R > 1%)": 0.0, "P(D = R > 1% | E = R > 1%)": 0.27848101265822783}