{"P(D = R < -1% | E = R < -1%)": 0.3726790450928382, "P(D = -1% <= R <= 0% | E = R < -1%)": 0.5, "P(D = 0% < R <= 1% | E = R < -1%)": 0.0, "P(D = R > 1% | E = R < -1%)": 0.1273209549071618, "P(D = R < -1% | E = -1% <= R <= 0%)": 0.16380655226209048, "P(D = -1% <= R <= 0% | E = -1% <= R <= 0%)": 0.6599063962558502, "P(D = 0% < R <= 1% | E = -1% <= R <= 0%)": 0.0, "P(D = R > 1% | E = -1% <= R <= 0%)": 0.17628705148205928, "P(D = R < -1% | E = 0% < R <= 1%)": 0.1808695652173913, "P(D = -1% <= R <= 0% | E = 0% < R <= 1%)": 0.5965217391304348, "P(D = 0% < R <= 1% | E = 0% < R <= 1%)": 0.0, "P(D = R > 1% | E = 0% < R <= 1%)": 0.22260869565217392, "P(D = R < -1% | E = R > 1%)": 0.13581890812250333, "P(D = -1% <= R <= 0% | E = R > 1%)": 0.5233022636484687, "P(D = 0% < R <= 1% | E = R > 1%)": 0.0, "P(D = R > 1% | E = R > 1%)": 0.340878828229028}