{"P(D = R < -1% | E = R < -1%)": 0.25555555555555554, "P(D = -1% <= R <= 0% | E = R < -1%)": 0.29444444444444445, "P(D = 0% < R <= 1% | E = R < -1%)": 0.17777777777777778, "P(D = R > 1% | E = R < -1%)": 0.2722222222222222, "P(D = R < -1% | E = -1% <= R <= 0%)": 0.11320754716981132, "P(D = -1% <= R <= 0% | E = -1% <= R <= 0%)": 0.4968553459119497, "P(D = 0% < R <= 1% | E = -1% <= R <= 0%)": 0.1761006289308176, "P(D = R > 1% | E = -1% <= R <= 0%)": 0.2138364779874214, "P(D = R < -1% | E = 0% < R <= 1%)": 0.14074074074074075, "P(D = -1% <= R <= 0% | E = 0% < R <= 1%)": 0.4074074074074074, "P(D = 0% < R <= 1% | E = 0% < R <= 1%)": 0.24444444444444444, "P(D = R > 1% | E = 0% < R <= 1%)": 0.2074074074074074, "P(D = R < -1% | E = R > 1%)": 0.12886597938144329, "P(D = -1% <= R <= 0% | E = R > 1%)": 0.32989690721649484, "P(D = 0% < R <= 1% | E = R > 1%)": 0.18556701030927836, "P(D = R > 1% | E = R > 1%)": 0.3556701030927835}