{"P(D = R < -1% | E = R < -1%)": 0.0, "P(D = -1% <= R <= 0% | E = R < -1%)": 0.6666666666666666, "P(D = 0% < R <= 1% | E = R < -1%)": 0.3333333333333333, "P(D = R > 1% | E = R < -1%)": 0.0, "P(D = R < -1% | E = -1% <= R <= 0%)": 0.0, "P(D = -1% <= R <= 0% | E = -1% <= R <= 0%)": 0.8061224489795918, "P(D = 0% < R <= 1% | E = -1% <= R <= 0%)": 0.19387755102040816, "P(D = R > 1% | E = -1% <= R <= 0%)": 0.0, "P(D = R < -1% | E = 0% < R <= 1%)": 0.0, "P(D = -1% <= R <= 0% | E = 0% < R <= 1%)": 0.5729166666666666, "P(D = 0% < R <= 1% | E = 0% < R <= 1%)": 0.4270833333333333, "P(D = R > 1% | E = 0% < R <= 1%)": 0.0, "P(D = R < -1% | E = R > 1%)": 0.0, "P(D = -1% <= R <= 0% | E = R > 1%)": 0.7857142857142857, "P(D = 0% < R <= 1% | E = R > 1%)": 0.21428571428571427, "P(D = R > 1% | E = R > 1%)": 0.0}