{"P(D = R < -1% | E = R < -1%)": 0.7378640776699029, "P(D = -1% <= R <= 0% | E = R < -1%)": 0.1650485436893204, "P(D = 0% < R <= 1% | E = R < -1%)": 0.0, "P(D = R > 1% | E = R < -1%)": 0.0970873786407767, "P(D = R < -1% | E = -1% <= R <= 0%)": 0.5730337078651685, "P(D = -1% <= R <= 0% | E = -1% <= R <= 0%)": 0.3258426966292135, "P(D = 0% < R <= 1% | E = -1% <= R <= 0%)": 0.0, "P(D = R > 1% | E = -1% <= R <= 0%)": 0.10112359550561797, "P(D = R < -1% | E = 0% < R <= 1%)": 0.625, "P(D = -1% <= R <= 0% | E = 0% < R <= 1%)": 0.21875, "P(D = 0% < R <= 1% | E = 0% < R <= 1%)": 0.0, "P(D = R > 1% | E = 0% < R <= 1%)": 0.15625, "P(D = R < -1% | E = R > 1%)": 0.6444444444444445, "P(D = -1% <= R <= 0% | E = R > 1%)": 0.15555555555555556, "P(D = 0% < R <= 1% | E = R > 1%)": 0.0, "P(D = R > 1% | E = R > 1%)": 0.2}