{"P(D = R < -1% | E = R < -1%)": 0.4, "P(D = -1% <= R <= 0% | E = R < -1%)": 0.4714285714285714, "P(D = 0% < R <= 1% | E = R < -1%)": 0.02857142857142857, "P(D = R > 1% | E = R < -1%)": 0.1, "P(D = R < -1% | E = -1% <= R <= 0%)": 0.09090909090909091, "P(D = -1% <= R <= 0% | E = -1% <= R <= 0%)": 0.8181818181818182, "P(D = 0% < R <= 1% | E = -1% <= R <= 0%)": 0.030303030303030304, "P(D = R > 1% | E = -1% <= R <= 0%)": 0.06060606060606061, "P(D = R < -1% | E = 0% < R <= 1%)": 0.21951219512195122, "P(D = -1% <= R <= 0% | E = 0% < R <= 1%)": 0.6585365853658537, "P(D = 0% < R <= 1% | E = 0% < R <= 1%)": 0.04878048780487805, "P(D = R > 1% | E = 0% < R <= 1%)": 0.07317073170731707, "P(D = R < -1% | E = R > 1%)": 0.16666666666666666, "P(D = -1% <= R <= 0% | E = R > 1%)": 0.4583333333333333, "P(D = 0% < R <= 1% | E = R > 1%)": 0.0625, "P(D = R > 1% | E = R > 1%)": 0.3125}