{"P(D = R < -1% | E = R < -1%)": 0.32075471698113206, "P(D = -1% <= R <= 0% | E = R < -1%)": 0.3584905660377358, "P(D = 0% < R <= 1% | E = R < -1%)": 0.2830188679245283, "P(D = R > 1% | E = R < -1%)": 0.03773584905660377, "P(D = R < -1% | E = -1% <= R <= 0%)": 0.08670520231213873, "P(D = -1% <= R <= 0% | E = -1% <= R <= 0%)": 0.2947976878612717, "P(D = 0% < R <= 1% | E = -1% <= R <= 0%)": 0.5780346820809249, "P(D = R > 1% | E = -1% <= R <= 0%)": 0.04046242774566474, "P(D = R < -1% | E = 0% < R <= 1%)": 0.046632124352331605, "P(D = -1% <= R <= 0% | E = 0% < R <= 1%)": 0.15025906735751296, "P(D = 0% < R <= 1% | E = 0% < R <= 1%)": 0.7409326424870466, "P(D = R > 1% | E = 0% < R <= 1%)": 0.06217616580310881, "P(D = R < -1% | E = R > 1%)": 0.022222222222222223, "P(D = -1% <= R <= 0% | E = R > 1%)": 0.15555555555555556, "P(D = 0% < R <= 1% | E = R > 1%)": 0.6, "P(D = R > 1% | E = R > 1%)": 0.2222222222222222}