{"P(D = R < -1% | E = R < -1%)": 0.0, "P(D = -1% <= R <= 0% | E = R < -1%)": 0.7096774193548387, "P(D = 0% < R <= 1% | E = R < -1%)": 0.2903225806451613, "P(D = R > 1% | E = R < -1%)": 0.0, "P(D = R < -1% | E = -1% <= R <= 0%)": 0.0, "P(D = -1% <= R <= 0% | E = -1% <= R <= 0%)": 0.6962616822429907, "P(D = 0% < R <= 1% | E = -1% <= R <= 0%)": 0.3037383177570093, "P(D = R > 1% | E = -1% <= R <= 0%)": 0.0, "P(D = R < -1% | E = 0% < R <= 1%)": 0.0, "P(D = -1% <= R <= 0% | E = 0% < R <= 1%)": 0.558252427184466, "P(D = 0% < R <= 1% | E = 0% < R <= 1%)": 0.441747572815534, "P(D = R > 1% | E = 0% < R <= 1%)": 0.0, "P(D = R < -1% | E = R > 1%)": 0.0, "P(D = -1% <= R <= 0% | E = R > 1%)": 0.5652173913043478, "P(D = 0% < R <= 1% | E = R > 1%)": 0.43478260869565216, "P(D = R > 1% | E = R > 1%)": 0.0}