{"P(D = R < -1% | E = R < -1%)": 0.008333333333333333, "P(D = -1% <= R <= 0% | E = R < -1%)": 0.8416666666666667, "P(D = 0% < R <= 1% | E = R < -1%)": 0.15, "P(D = R > 1% | E = R < -1%)": 0.0, "P(D = R < -1% | E = -1% <= R <= 0%)": 0.002617801047120419, "P(D = -1% <= R <= 0% | E = -1% <= R <= 0%)": 0.8141361256544503, "P(D = 0% < R <= 1% | E = -1% <= R <= 0%)": 0.18324607329842932, "P(D = R > 1% | E = -1% <= R <= 0%)": 0.0, "P(D = R < -1% | E = 0% < R <= 1%)": 0.0, "P(D = -1% <= R <= 0% | E = 0% < R <= 1%)": 0.7097791798107256, "P(D = 0% < R <= 1% | E = 0% < R <= 1%)": 0.2902208201892745, "P(D = R > 1% | E = 0% < R <= 1%)": 0.0, "P(D = R < -1% | E = R > 1%)": 0.0, "P(D = -1% <= R <= 0% | E = R > 1%)": 0.7894736842105263, "P(D = 0% < R <= 1% | E = R > 1%)": 0.21052631578947367, "P(D = R > 1% | E = R > 1%)": 0.0}