{"P(D = R < -1% | E = R < -1%)": 0.25, "P(D = -1% <= R <= 0% | E = R < -1%)": 0.6148648648648649, "P(D = 0% < R <= 1% | E = R < -1%)": 0.013513513513513514, "P(D = R > 1% | E = R < -1%)": 0.12162162162162163, "P(D = R < -1% | E = -1% <= R <= 0%)": 0.08878504672897196, "P(D = -1% <= R <= 0% | E = -1% <= R <= 0%)": 0.7570093457943925, "P(D = 0% < R <= 1% | E = -1% <= R <= 0%)": 0.018691588785046728, "P(D = R > 1% | E = -1% <= R <= 0%)": 0.13551401869158877, "P(D = R < -1% | E = 0% < R <= 1%)": 0.08181818181818182, "P(D = -1% <= R <= 0% | E = 0% < R <= 1%)": 0.6454545454545455, "P(D = 0% < R <= 1% | E = 0% < R <= 1%)": 0.03636363636363636, "P(D = R > 1% | E = 0% < R <= 1%)": 0.23636363636363636, "P(D = R < -1% | E = R > 1%)": 0.06015037593984962, "P(D = -1% <= R <= 0% | E = R > 1%)": 0.39097744360902253, "P(D = 0% < R <= 1% | E = R > 1%)": 0.022556390977443608, "P(D = R > 1% | E = R > 1%)": 0.5263157894736842}