{"P(D = R < -1% | E = R < -1%)": 0.17857142857142858, "P(D = -1% <= R <= 0% | E = R < -1%)": 0.5714285714285714, "P(D = 0% < R <= 1% | E = R < -1%)": 0.25, "P(D = R > 1% | E = R < -1%)": 0.0, "P(D = R < -1% | E = -1% <= R <= 0%)": 0.013422818791946308, "P(D = -1% <= R <= 0% | E = -1% <= R <= 0%)": 0.9194630872483222, "P(D = 0% < R <= 1% | E = -1% <= R <= 0%)": 0.06711409395973154, "P(D = R > 1% | E = -1% <= R <= 0%)": 0.0, "P(D = R < -1% | E = 0% < R <= 1%)": 0.02654867256637168, "P(D = -1% <= R <= 0% | E = 0% < R <= 1%)": 0.7787610619469026, "P(D = 0% < R <= 1% | E = 0% < R <= 1%)": 0.19469026548672566, "P(D = R > 1% | E = 0% < R <= 1%)": 0.0, "P(D = R < -1% | E = R > 1%)": 0.16, "P(D = -1% <= R <= 0% | E = R > 1%)": 0.76, "P(D = 0% < R <= 1% | E = R > 1%)": 0.08, "P(D = R > 1% | E = R > 1%)": 0.0}