{"P(D = R < -1% | E = R < -1%)": 0.20652173913043478, "P(D = -1% <= R <= 0% | E = R < -1%)": 0.6630434782608695, "P(D = 0% < R <= 1% | E = R < -1%)": 0.13043478260869565, "P(D = R > 1% | E = R < -1%)": 0.0, "P(D = R < -1% | E = -1% <= R <= 0%)": 0.06837606837606838, "P(D = -1% <= R <= 0% | E = -1% <= R <= 0%)": 0.8205128205128205, "P(D = 0% < R <= 1% | E = -1% <= R <= 0%)": 0.1111111111111111, "P(D = R > 1% | E = -1% <= R <= 0%)": 0.0, "P(D = R < -1% | E = 0% < R <= 1%)": 0.1, "P(D = -1% <= R <= 0% | E = 0% < R <= 1%)": 0.71, "P(D = 0% < R <= 1% | E = 0% < R <= 1%)": 0.19, "P(D = R > 1% | E = 0% < R <= 1%)": 0.0, "P(D = R < -1% | E = R > 1%)": 0.10666666666666667, "P(D = -1% <= R <= 0% | E = R > 1%)": 0.72, "P(D = 0% < R <= 1% | E = R > 1%)": 0.17333333333333334, "P(D = R > 1% | E = R > 1%)": 0.0}