{"P(D = R < -1% | E = R < -1%)": 0.5072463768115942, "P(D = -1% <= R <= 0% | E = R < -1%)": 0.0, "P(D = 0% < R <= 1% | E = R < -1%)": 0.0, "P(D = R > 1% | E = R < -1%)": 0.4927536231884058, "P(D = R < -1% | E = -1% <= R <= 0%)": 0.22, "P(D = -1% <= R <= 0% | E = -1% <= R <= 0%)": 0.02, "P(D = 0% < R <= 1% | E = -1% <= R <= 0%)": 0.0, "P(D = R > 1% | E = -1% <= R <= 0%)": 0.76, "P(D = R < -1% | E = 0% < R <= 1%)": 0.25, "P(D = -1% <= R <= 0% | E = 0% < R <= 1%)": 0.03571428571428571, "P(D = 0% < R <= 1% | E = 0% < R <= 1%)": 0.0, "P(D = R > 1% | E = 0% < R <= 1%)": 0.7142857142857143, "P(D = R < -1% | E = R > 1%)": 0.13513513513513514, "P(D = -1% <= R <= 0% | E = R > 1%)": 0.013513513513513514, "P(D = 0% < R <= 1% | E = R > 1%)": 0.0, "P(D = R > 1% | E = R > 1%)": 0.8513513513513513}