{"P(D = R < -1% | E = R < -1%)": 0.0, "P(D = -1% <= R <= 0% | E = R < -1%)": 0.9411764705882353, "P(D = 0% < R <= 1% | E = R < -1%)": 0.058823529411764705, "P(D = R > 1% | E = R < -1%)": 0.0, "P(D = R < -1% | E = -1% <= R <= 0%)": 0.0, "P(D = -1% <= R <= 0% | E = -1% <= R <= 0%)": 0.8305084745762712, "P(D = 0% < R <= 1% | E = -1% <= R <= 0%)": 0.15254237288135594, "P(D = R > 1% | E = -1% <= R <= 0%)": 0.01694915254237288, "P(D = R < -1% | E = 0% < R <= 1%)": 0.0, "P(D = -1% <= R <= 0% | E = 0% < R <= 1%)": 0.5357142857142857, "P(D = 0% < R <= 1% | E = 0% < R <= 1%)": 0.45714285714285713, "P(D = R > 1% | E = 0% < R <= 1%)": 0.007142857142857143, "P(D = R < -1% | E = R > 1%)": 0.0, "P(D = -1% <= R <= 0% | E = R > 1%)": 0.3076923076923077, "P(D = 0% < R <= 1% | E = R > 1%)": 0.46153846153846156, "P(D = R > 1% | E = R > 1%)": 0.23076923076923078}