{"P(D = R < -1% | E = R < -1%)": 0.25396825396825395, "P(D = -1% <= R <= 0% | E = R < -1%)": 0.6349206349206349, "P(D = 0% < R <= 1% | E = R < -1%)": 0.0, "P(D = R > 1% | E = R < -1%)": 0.1111111111111111, "P(D = R < -1% | E = -1% <= R <= 0%)": 0.13043478260869565, "P(D = -1% <= R <= 0% | E = -1% <= R <= 0%)": 0.6956521739130435, "P(D = 0% < R <= 1% | E = -1% <= R <= 0%)": 0.0, "P(D = R > 1% | E = -1% <= R <= 0%)": 0.17391304347826086, "P(D = R < -1% | E = 0% < R <= 1%)": 0.15384615384615385, "P(D = -1% <= R <= 0% | E = 0% < R <= 1%)": 0.5384615384615384, "P(D = 0% < R <= 1% | E = 0% < R <= 1%)": 0.0, "P(D = R > 1% | E = 0% < R <= 1%)": 0.3076923076923077, "P(D = R < -1% | E = R > 1%)": 0.07407407407407407, "P(D = -1% <= R <= 0% | E = R > 1%)": 0.5740740740740741, "P(D = 0% < R <= 1% | E = R > 1%)": 0.0, "P(D = R > 1% | E = R > 1%)": 0.35185185185185186}