{"P(D = R < -1% | E = R < -1%)": 0.5597014925373134, "P(D = -1% <= R <= 0% | E = R < -1%)": 0.23507462686567165, "P(D = 0% < R <= 1% | E = R < -1%)": 0.0, "P(D = R > 1% | E = R < -1%)": 0.20522388059701493, "P(D = R < -1% | E = -1% <= R <= 0%)": 0.25365853658536586, "P(D = -1% <= R <= 0% | E = -1% <= R <= 0%)": 0.43414634146341463, "P(D = 0% < R <= 1% | E = -1% <= R <= 0%)": 0.0, "P(D = R > 1% | E = -1% <= R <= 0%)": 0.3121951219512195, "P(D = R < -1% | E = 0% < R <= 1%)": 0.37037037037037035, "P(D = -1% <= R <= 0% | E = 0% < R <= 1%)": 0.3333333333333333, "P(D = 0% < R <= 1% | E = 0% < R <= 1%)": 0.0, "P(D = R > 1% | E = 0% < R <= 1%)": 0.2962962962962963, "P(D = R < -1% | E = R > 1%)": 0.42436974789915966, "P(D = -1% <= R <= 0% | E = R > 1%)": 0.3067226890756303, "P(D = 0% < R <= 1% | E = R > 1%)": 0.0, "P(D = R > 1% | E = R > 1%)": 0.2689075630252101}