{"P(D = R < -1% | E = R < -1%)": 0.3414043583535109, "P(D = -1% <= R <= 0% | E = R < -1%)": 0.5205811138014528, "P(D = 0% < R <= 1% | E = R < -1%)": 0.0, "P(D = R > 1% | E = R < -1%)": 0.13801452784503632, "P(D = R < -1% | E = -1% <= R <= 0%)": 0.09421841541755889, "P(D = -1% <= R <= 0% | E = -1% <= R <= 0%)": 0.7858672376873662, "P(D = 0% < R <= 1% | E = -1% <= R <= 0%)": 0.0, "P(D = R > 1% | E = -1% <= R <= 0%)": 0.11991434689507495, "P(D = R < -1% | E = 0% < R <= 1%)": 0.10256410256410256, "P(D = -1% <= R <= 0% | E = 0% < R <= 1%)": 0.6410256410256411, "P(D = 0% < R <= 1% | E = 0% < R <= 1%)": 0.0, "P(D = R > 1% | E = 0% < R <= 1%)": 0.2564102564102564, "P(D = R < -1% | E = R > 1%)": 0.12211981566820276, "P(D = -1% <= R <= 0% | E = R > 1%)": 0.5253456221198156, "P(D = 0% < R <= 1% | E = R > 1%)": 0.0, "P(D = R > 1% | E = R > 1%)": 0.35253456221198154}