{"P(D = R < -1% | E = R < -1%)": 0.5135135135135135, "P(D = -1% <= R <= 0% | E = R < -1%)": 0.2702702702702703, "P(D = 0% < R <= 1% | E = R < -1%)": 0.13513513513513514, "P(D = R > 1% | E = R < -1%)": 0.08108108108108109, "P(D = R < -1% | E = -1% <= R <= 0%)": 0.11764705882352941, "P(D = -1% <= R <= 0% | E = -1% <= R <= 0%)": 0.5882352941176471, "P(D = 0% < R <= 1% | E = -1% <= R <= 0%)": 0.20588235294117646, "P(D = R > 1% | E = -1% <= R <= 0%)": 0.08823529411764706, "P(D = R < -1% | E = 0% < R <= 1%)": 0.21428571428571427, "P(D = -1% <= R <= 0% | E = 0% < R <= 1%)": 0.07142857142857142, "P(D = 0% < R <= 1% | E = 0% < R <= 1%)": 0.5357142857142857, "P(D = R > 1% | E = 0% < R <= 1%)": 0.17857142857142858, "P(D = R < -1% | E = R > 1%)": 0.13513513513513514, "P(D = -1% <= R <= 0% | E = R > 1%)": 0.1891891891891892, "P(D = 0% < R <= 1% | E = R > 1%)": 0.24324324324324326, "P(D = R > 1% | E = R > 1%)": 0.43243243243243246}