{"P(D = R < -1% | E = R < -1%)": 0.0, "P(D = -1% <= R <= 0% | E = R < -1%)": 0.5543478260869565, "P(D = 0% < R <= 1% | E = R < -1%)": 0.3695652173913043, "P(D = R > 1% | E = R < -1%)": 0.07608695652173914, "P(D = R < -1% | E = -1% <= R <= 0%)": 0.0, "P(D = -1% <= R <= 0% | E = -1% <= R <= 0%)": 0.5638888888888889, "P(D = 0% < R <= 1% | E = -1% <= R <= 0%)": 0.4, "P(D = R > 1% | E = -1% <= R <= 0%)": 0.03611111111111111, "P(D = R < -1% | E = 0% < R <= 1%)": 0.0, "P(D = -1% <= R <= 0% | E = 0% < R <= 1%)": 0.4620253164556962, "P(D = 0% < R <= 1% | E = 0% < R <= 1%)": 0.5158227848101266, "P(D = R > 1% | E = 0% < R <= 1%)": 0.022151898734177215, "P(D = R < -1% | E = R > 1%)": 0.0, "P(D = -1% <= R <= 0% | E = R > 1%)": 0.4606741573033708, "P(D = 0% < R <= 1% | E = R > 1%)": 0.38202247191011235, "P(D = R > 1% | E = R > 1%)": 0.15730337078651685}