{"P(D = R < -1% | E = R < -1%)": 0.25510204081632654, "P(D = -1% <= R <= 0% | E = R < -1%)": 0.5204081632653061, "P(D = 0% < R <= 1% | E = R < -1%)": 0.16326530612244897, "P(D = R > 1% | E = R < -1%)": 0.061224489795918366, "P(D = R < -1% | E = -1% <= R <= 0%)": 0.08181818181818182, "P(D = -1% <= R <= 0% | E = -1% <= R <= 0%)": 0.6636363636363637, "P(D = 0% < R <= 1% | E = -1% <= R <= 0%)": 0.21363636363636362, "P(D = R > 1% | E = -1% <= R <= 0%)": 0.04090909090909091, "P(D = R < -1% | E = 0% < R <= 1%)": 0.05670103092783505, "P(D = -1% <= R <= 0% | E = 0% < R <= 1%)": 0.4948453608247423, "P(D = 0% < R <= 1% | E = 0% < R <= 1%)": 0.38144329896907214, "P(D = R > 1% | E = 0% < R <= 1%)": 0.06701030927835051, "P(D = R < -1% | E = R > 1%)": 0.09722222222222222, "P(D = -1% <= R <= 0% | E = R > 1%)": 0.3194444444444444, "P(D = 0% < R <= 1% | E = R > 1%)": 0.3472222222222222, "P(D = R > 1% | E = R > 1%)": 0.2361111111111111}