{"P(D = R < -1% | E = R < -1%)": 0.2585139318885449, "P(D = -1% <= R <= 0% | E = R < -1%)": 0.5820433436532507, "P(D = 0% < R <= 1% | E = R < -1%)": 0.08204334365325078, "P(D = R > 1% | E = R < -1%)": 0.07739938080495357, "P(D = R < -1% | E = -1% <= R <= 0%)": 0.05855161787365177, "P(D = -1% <= R <= 0% | E = -1% <= R <= 0%)": 0.8050847457627118, "P(D = 0% < R <= 1% | E = -1% <= R <= 0%)": 0.07164869029275808, "P(D = R > 1% | E = -1% <= R <= 0%)": 0.06471494607087827, "P(D = R < -1% | E = 0% < R <= 1%)": 0.05802357207615594, "P(D = -1% <= R <= 0% | E = 0% < R <= 1%)": 0.7833182230281052, "P(D = 0% < R <= 1% | E = 0% < R <= 1%)": 0.08884859474161379, "P(D = R > 1% | E = 0% < R <= 1%)": 0.06980961015412511, "P(D = R < -1% | E = R > 1%)": 0.10771470160116449, "P(D = -1% <= R <= 0% | E = R > 1%)": 0.5167394468704513, "P(D = 0% < R <= 1% | E = R > 1%)": 0.17903930131004367, "P(D = R > 1% | E = R > 1%)": 0.1965065502183406}