{"P(D = R < -1% | E = R < -1%)": 0.4025974025974026, "P(D = -1% <= R <= 0% | E = R < -1%)": 0.4155844155844156, "P(D = 0% < R <= 1% | E = R < -1%)": 0.07792207792207792, "P(D = R > 1% | E = R < -1%)": 0.1038961038961039, "P(D = R < -1% | E = -1% <= R <= 0%)": 0.20754716981132076, "P(D = -1% <= R <= 0% | E = -1% <= R <= 0%)": 0.660377358490566, "P(D = 0% < R <= 1% | E = -1% <= R <= 0%)": 0.07547169811320754, "P(D = R > 1% | E = -1% <= R <= 0%)": 0.05660377358490566, "P(D = R < -1% | E = 0% < R <= 1%)": 0.125, "P(D = -1% <= R <= 0% | E = 0% < R <= 1%)": 0.5, "P(D = 0% < R <= 1% | E = 0% < R <= 1%)": 0.275, "P(D = R > 1% | E = 0% < R <= 1%)": 0.1, "P(D = R < -1% | E = R > 1%)": 0.08, "P(D = -1% <= R <= 0% | E = R > 1%)": 0.28, "P(D = 0% < R <= 1% | E = R > 1%)": 0.21333333333333335, "P(D = R > 1% | E = R > 1%)": 0.4266666666666667}