{"P(D = R < -1% | E = R < -1%)": 0.6651376146788991, "P(D = -1% <= R <= 0% | E = R < -1%)": 0.013761467889908258, "P(D = 0% < R <= 1% | E = R < -1%)": 0.0, "P(D = R > 1% | E = R < -1%)": 0.3211009174311927, "P(D = R < -1% | E = -1% <= R <= 0%)": 0.6792452830188679, "P(D = -1% <= R <= 0% | E = -1% <= R <= 0%)": 0.03773584905660377, "P(D = 0% < R <= 1% | E = -1% <= R <= 0%)": 0.0, "P(D = R > 1% | E = -1% <= R <= 0%)": 0.2830188679245283, "P(D = R < -1% | E = 0% < R <= 1%)": 0.6206896551724138, "P(D = -1% <= R <= 0% | E = 0% < R <= 1%)": 0.0, "P(D = 0% < R <= 1% | E = 0% < R <= 1%)": 0.0, "P(D = R > 1% | E = 0% < R <= 1%)": 0.3793103448275862, "P(D = R < -1% | E = R > 1%)": 0.6145251396648045, "P(D = -1% <= R <= 0% | E = R > 1%)": 0.0, "P(D = 0% < R <= 1% | E = R > 1%)": 0.0, "P(D = R > 1% | E = R > 1%)": 0.3854748603351955}