{"P(D = R < -1% | E = R < -1%)": 0.3108108108108108, "P(D = -1% <= R <= 0% | E = R < -1%)": 0.5723938223938224, "P(D = 0% < R <= 1% | E = R < -1%)": 0.010617760617760617, "P(D = R > 1% | E = R < -1%)": 0.10617760617760617, "P(D = R < -1% | E = -1% <= R <= 0%)": 0.14818548387096775, "P(D = -1% <= R <= 0% | E = -1% <= R <= 0%)": 0.7227822580645161, "P(D = 0% < R <= 1% | E = -1% <= R <= 0%)": 0.017137096774193547, "P(D = R > 1% | E = -1% <= R <= 0%)": 0.11189516129032258, "P(D = R < -1% | E = 0% < R <= 1%)": 0.11469534050179211, "P(D = -1% <= R <= 0% | E = 0% < R <= 1%)": 0.7419354838709677, "P(D = 0% < R <= 1% | E = 0% < R <= 1%)": 0.017921146953405017, "P(D = R > 1% | E = 0% < R <= 1%)": 0.12544802867383512, "P(D = R < -1% | E = R > 1%)": 0.1437847866419295, "P(D = -1% <= R <= 0% | E = R > 1%)": 0.5510204081632653, "P(D = 0% < R <= 1% | E = R > 1%)": 0.008348794063079777, "P(D = R > 1% | E = R > 1%)": 0.29684601113172543}