{"P(D = R < -1% | E = R < -1%)": 0.3427230046948357, "P(D = -1% <= R <= 0% | E = R < -1%)": 0.43661971830985913, "P(D = 0% < R <= 1% | E = R < -1%)": 0.15023474178403756, "P(D = R > 1% | E = R < -1%)": 0.07042253521126761, "P(D = R < -1% | E = -1% <= R <= 0%)": 0.11764705882352941, "P(D = -1% <= R <= 0% | E = -1% <= R <= 0%)": 0.5714285714285714, "P(D = 0% < R <= 1% | E = -1% <= R <= 0%)": 0.23109243697478993, "P(D = R > 1% | E = -1% <= R <= 0%)": 0.07983193277310924, "P(D = R < -1% | E = 0% < R <= 1%)": 0.07344632768361582, "P(D = -1% <= R <= 0% | E = 0% < R <= 1%)": 0.4632768361581921, "P(D = 0% < R <= 1% | E = 0% < R <= 1%)": 0.3389830508474576, "P(D = R > 1% | E = 0% < R <= 1%)": 0.12429378531073447, "P(D = R < -1% | E = R > 1%)": 0.07881773399014778, "P(D = -1% <= R <= 0% | E = R > 1%)": 0.27586206896551724, "P(D = 0% < R <= 1% | E = R > 1%)": 0.24630541871921183, "P(D = R > 1% | E = R > 1%)": 0.39901477832512317}