{"P(D = R < -1% | E = R < -1%)": 0.15310077519379844, "P(D = -1% <= R <= 0% | E = R < -1%)": 0.7015503875968992, "P(D = 0% < R <= 1% | E = R < -1%)": 0.06589147286821706, "P(D = R > 1% | E = R < -1%)": 0.07945736434108527, "P(D = R < -1% | E = -1% <= R <= 0%)": 0.04231166150670795, "P(D = -1% <= R <= 0% | E = -1% <= R <= 0%)": 0.8524251805985552, "P(D = 0% < R <= 1% | E = -1% <= R <= 0%)": 0.05159958720330237, "P(D = R > 1% | E = -1% <= R <= 0%)": 0.053663570691434466, "P(D = R < -1% | E = 0% < R <= 1%)": 0.02585034013605442, "P(D = -1% <= R <= 0% | E = 0% < R <= 1%)": 0.8312925170068027, "P(D = 0% < R <= 1% | E = 0% < R <= 1%)": 0.07891156462585033, "P(D = R > 1% | E = 0% < R <= 1%)": 0.06394557823129252, "P(D = R < -1% | E = R > 1%)": 0.05056179775280899, "P(D = -1% <= R <= 0% | E = R > 1%)": 0.6310861423220974, "P(D = 0% < R <= 1% | E = R > 1%)": 0.12172284644194757, "P(D = R > 1% | E = R > 1%)": 0.19662921348314608}