{"P(D = R < -1% | E = R < -1%)": 0.147239263803681, "P(D = -1% <= R <= 0% | E = R < -1%)": 0.50920245398773, "P(D = 0% < R <= 1% | E = R < -1%)": 0.25766871165644173, "P(D = R > 1% | E = R < -1%)": 0.08588957055214724, "P(D = R < -1% | E = -1% <= R <= 0%)": 0.04337899543378995, "P(D = -1% <= R <= 0% | E = -1% <= R <= 0%)": 0.7511415525114156, "P(D = 0% < R <= 1% | E = -1% <= R <= 0%)": 0.18493150684931506, "P(D = R > 1% | E = -1% <= R <= 0%)": 0.02054794520547945, "P(D = R < -1% | E = 0% < R <= 1%)": 0.036613272311212815, "P(D = -1% <= R <= 0% | E = 0% < R <= 1%)": 0.6796338672768879, "P(D = 0% < R <= 1% | E = 0% < R <= 1%)": 0.2540045766590389, "P(D = R > 1% | E = 0% < R <= 1%)": 0.029748283752860413, "P(D = R < -1% | E = R > 1%)": 0.06097560975609756, "P(D = -1% <= R <= 0% | E = R > 1%)": 0.49390243902439024, "P(D = 0% < R <= 1% | E = R > 1%)": 0.2865853658536585, "P(D = R > 1% | E = R > 1%)": 0.15853658536585366}