{"P(D = R < -1% | E = R < -1%)": 0.1563517915309446, "P(D = -1% <= R <= 0% | E = R < -1%)": 0.6254071661237784, "P(D = 0% < R <= 1% | E = R < -1%)": 0.1270358306188925, "P(D = R > 1% | E = R < -1%)": 0.09120521172638436, "P(D = R < -1% | E = -1% <= R <= 0%)": 0.04296455424274973, "P(D = -1% <= R <= 0% | E = -1% <= R <= 0%)": 0.8270676691729323, "P(D = 0% < R <= 1% | E = -1% <= R <= 0%)": 0.08700322234156821, "P(D = R > 1% | E = -1% <= R <= 0%)": 0.04296455424274973, "P(D = R < -1% | E = 0% < R <= 1%)": 0.029754204398447608, "P(D = -1% <= R <= 0% | E = 0% < R <= 1%)": 0.777490297542044, "P(D = 0% < R <= 1% | E = 0% < R <= 1%)": 0.1371280724450194, "P(D = R > 1% | E = 0% < R <= 1%)": 0.055627425614489, "P(D = R < -1% | E = R > 1%)": 0.040498442367601244, "P(D = -1% <= R <= 0% | E = R > 1%)": 0.45482866043613707, "P(D = 0% < R <= 1% | E = R > 1%)": 0.27102803738317754, "P(D = R > 1% | E = R > 1%)": 0.2336448598130841}