{"P(D = R < -1% | E = R < -1%)": 0.220536756126021, "P(D = -1% <= R <= 0% | E = R < -1%)": 0.6231038506417736, "P(D = 0% < R <= 1% | E = R < -1%)": 0.0, "P(D = R > 1% | E = R < -1%)": 0.15635939323220538, "P(D = R < -1% | E = -1% <= R <= 0%)": 0.11410118406889128, "P(D = -1% <= R <= 0% | E = -1% <= R <= 0%)": 0.7427341227125942, "P(D = 0% < R <= 1% | E = -1% <= R <= 0%)": 0.0, "P(D = R > 1% | E = -1% <= R <= 0%)": 0.14316469321851452, "P(D = R < -1% | E = 0% < R <= 1%)": 0.06378132118451026, "P(D = -1% <= R <= 0% | E = 0% < R <= 1%)": 0.7334851936218679, "P(D = 0% < R <= 1% | E = 0% < R <= 1%)": 0.0, "P(D = R > 1% | E = 0% < R <= 1%)": 0.20273348519362186, "P(D = R < -1% | E = R > 1%)": 0.06745182012847965, "P(D = -1% <= R <= 0% | E = R > 1%)": 0.5117773019271948, "P(D = 0% < R <= 1% | E = R > 1%)": 0.0, "P(D = R > 1% | E = R > 1%)": 0.4207708779443255}