{"P(D = R < -1% | E = R < -1%)": 0.926829268292683, "P(D = -1% <= R <= 0% | E = R < -1%)": 0.007317073170731708, "P(D = 0% < R <= 1% | E = R < -1%)": 0.0, "P(D = R > 1% | E = R < -1%)": 0.06585365853658537, "P(D = R < -1% | E = -1% <= R <= 0%)": 0.9090909090909091, "P(D = -1% <= R <= 0% | E = -1% <= R <= 0%)": 0.01652892561983471, "P(D = 0% < R <= 1% | E = -1% <= R <= 0%)": 0.0, "P(D = R > 1% | E = -1% <= R <= 0%)": 0.0743801652892562, "P(D = R < -1% | E = 0% < R <= 1%)": 0.9305555555555556, "P(D = -1% <= R <= 0% | E = 0% < R <= 1%)": 0.0, "P(D = 0% < R <= 1% | E = 0% < R <= 1%)": 0.0, "P(D = R > 1% | E = 0% < R <= 1%)": 0.06944444444444445, "P(D = R < -1% | E = R > 1%)": 0.8333333333333334, "P(D = -1% <= R <= 0% | E = R > 1%)": 0.009615384615384616, "P(D = 0% < R <= 1% | E = R > 1%)": 0.0, "P(D = R > 1% | E = R > 1%)": 0.15705128205128205}