{"P(D = R < -1% | E = R < -1%)": 0.25, "P(D = -1% <= R <= 0% | E = R < -1%)": 0.5263157894736842, "P(D = 0% < R <= 1% | E = R < -1%)": 0.14473684210526316, "P(D = R > 1% | E = R < -1%)": 0.07894736842105263, "P(D = R < -1% | E = -1% <= R <= 0%)": 0.10091743119266056, "P(D = -1% <= R <= 0% | E = -1% <= R <= 0%)": 0.6972477064220184, "P(D = 0% < R <= 1% | E = -1% <= R <= 0%)": 0.1559633027522936, "P(D = R > 1% | E = -1% <= R <= 0%)": 0.045871559633027525, "P(D = R < -1% | E = 0% < R <= 1%)": 0.058823529411764705, "P(D = -1% <= R <= 0% | E = 0% < R <= 1%)": 0.4588235294117647, "P(D = 0% < R <= 1% | E = 0% < R <= 1%)": 0.4, "P(D = R > 1% | E = 0% < R <= 1%)": 0.08235294117647059, "P(D = R < -1% | E = R > 1%)": 0.04477611940298507, "P(D = -1% <= R <= 0% | E = R > 1%)": 0.373134328358209, "P(D = 0% < R <= 1% | E = R > 1%)": 0.34328358208955223, "P(D = R > 1% | E = R > 1%)": 0.23880597014925373}