{"P(D = R < -1% | E = R < -1%)": 0.3026315789473684, "P(D = -1% <= R <= 0% | E = R < -1%)": 0.3026315789473684, "P(D = 0% < R <= 1% | E = R < -1%)": 0.07894736842105263, "P(D = R > 1% | E = R < -1%)": 0.3157894736842105, "P(D = R < -1% | E = -1% <= R <= 0%)": 0.1794871794871795, "P(D = -1% <= R <= 0% | E = -1% <= R <= 0%)": 0.48717948717948717, "P(D = 0% < R <= 1% | E = -1% <= R <= 0%)": 0.11538461538461539, "P(D = R > 1% | E = -1% <= R <= 0%)": 0.21794871794871795, "P(D = R < -1% | E = 0% < R <= 1%)": 0.1388888888888889, "P(D = -1% <= R <= 0% | E = 0% < R <= 1%)": 0.4166666666666667, "P(D = 0% < R <= 1% | E = 0% < R <= 1%)": 0.06944444444444445, "P(D = R > 1% | E = 0% < R <= 1%)": 0.375, "P(D = R < -1% | E = R > 1%)": 0.10666666666666667, "P(D = -1% <= R <= 0% | E = R > 1%)": 0.21333333333333335, "P(D = 0% < R <= 1% | E = R > 1%)": 0.04, "P(D = R > 1% | E = R > 1%)": 0.64}