{"P(D = R < -1% | E = R < -1%)": 0.42933333333333334, "P(D = -1% <= R <= 0% | E = R < -1%)": 0.23466666666666666, "P(D = 0% < R <= 1% | E = R < -1%)": 0.0, "P(D = R > 1% | E = R < -1%)": 0.336, "P(D = R < -1% | E = -1% <= R <= 0%)": 0.3404255319148936, "P(D = -1% <= R <= 0% | E = -1% <= R <= 0%)": 0.364741641337386, "P(D = 0% < R <= 1% | E = -1% <= R <= 0%)": 0.0, "P(D = R > 1% | E = -1% <= R <= 0%)": 0.2948328267477204, "P(D = R < -1% | E = 0% < R <= 1%)": 0.26515151515151514, "P(D = -1% <= R <= 0% | E = 0% < R <= 1%)": 0.2878787878787879, "P(D = 0% < R <= 1% | E = 0% < R <= 1%)": 0.0, "P(D = R > 1% | E = 0% < R <= 1%)": 0.44696969696969696, "P(D = R < -1% | E = R > 1%)": 0.22118380062305296, "P(D = -1% <= R <= 0% | E = R > 1%)": 0.2523364485981308, "P(D = 0% < R <= 1% | E = R > 1%)": 0.0, "P(D = R > 1% | E = R > 1%)": 0.5264797507788161}