{"P(D = R < -1% | E = R < -1%)": 0.21844660194174756, "P(D = -1% <= R <= 0% | E = R < -1%)": 0.7548543689320388, "P(D = 0% < R <= 1% | E = R < -1%)": 0.0, "P(D = R > 1% | E = R < -1%)": 0.02669902912621359, "P(D = R < -1% | E = -1% <= R <= 0%)": 0.09427609427609428, "P(D = -1% <= R <= 0% | E = -1% <= R <= 0%)": 0.8661616161616161, "P(D = 0% < R <= 1% | E = -1% <= R <= 0%)": 0.0, "P(D = R > 1% | E = -1% <= R <= 0%)": 0.03956228956228956, "P(D = R < -1% | E = 0% < R <= 1%)": 0.08731241473396999, "P(D = -1% <= R <= 0% | E = 0% < R <= 1%)": 0.8963165075034106, "P(D = 0% < R <= 1% | E = 0% < R <= 1%)": 0.0, "P(D = R > 1% | E = 0% < R <= 1%)": 0.01637107776261937, "P(D = R < -1% | E = R > 1%)": 0.13905079100749376, "P(D = -1% <= R <= 0% | E = R > 1%)": 0.8051623646960866, "P(D = 0% < R <= 1% | E = R > 1%)": 0.0, "P(D = R > 1% | E = R > 1%)": 0.05578684429641965}