{"P(D = R < -1% | E = R < -1%)": 0.42665173572228443, "P(D = -1% <= R <= 0% | E = R < -1%)": 0.3135498320268757, "P(D = 0% < R <= 1% | E = R < -1%)": 0.0, "P(D = R > 1% | E = R < -1%)": 0.2597984322508399, "P(D = R < -1% | E = -1% <= R <= 0%)": 0.34143049932523617, "P(D = -1% <= R <= 0% | E = -1% <= R <= 0%)": 0.38191632928475033, "P(D = 0% < R <= 1% | E = -1% <= R <= 0%)": 0.0, "P(D = R > 1% | E = -1% <= R <= 0%)": 0.2766531713900135, "P(D = R < -1% | E = 0% < R <= 1%)": 0.28923076923076924, "P(D = -1% <= R <= 0% | E = 0% < R <= 1%)": 0.3953846153846154, "P(D = 0% < R <= 1% | E = 0% < R <= 1%)": 0.0, "P(D = R > 1% | E = 0% < R <= 1%)": 0.3153846153846154, "P(D = R < -1% | E = R > 1%)": 0.28216704288939054, "P(D = -1% <= R <= 0% | E = R > 1%)": 0.29232505643340856, "P(D = 0% < R <= 1% | E = R > 1%)": 0.0, "P(D = R > 1% | E = R > 1%)": 0.4255079006772009}