{"P(D = R < -1% | E = R < -1%)": 0.0, "P(D = -1% <= R <= 0% | E = R < -1%)": 0.717391304347826, "P(D = 0% < R <= 1% | E = R < -1%)": 0.2608695652173913, "P(D = R > 1% | E = R < -1%)": 0.021739130434782608, "P(D = R < -1% | E = -1% <= R <= 0%)": 0.0, "P(D = -1% <= R <= 0% | E = -1% <= R <= 0%)": 0.815068493150685, "P(D = 0% < R <= 1% | E = -1% <= R <= 0%)": 0.1506849315068493, "P(D = R > 1% | E = -1% <= R <= 0%)": 0.03424657534246575, "P(D = R < -1% | E = 0% < R <= 1%)": 0.0, "P(D = -1% <= R <= 0% | E = 0% < R <= 1%)": 0.7071428571428572, "P(D = 0% < R <= 1% | E = 0% < R <= 1%)": 0.2571428571428571, "P(D = R > 1% | E = 0% < R <= 1%)": 0.03571428571428571, "P(D = R < -1% | E = R > 1%)": 0.0, "P(D = -1% <= R <= 0% | E = R > 1%)": 0.6617647058823529, "P(D = 0% < R <= 1% | E = R > 1%)": 0.29411764705882354, "P(D = R > 1% | E = R > 1%)": 0.04411764705882353}