{"P(D = R < -1% | E = R < -1%)": 0.5467687074829932, "P(D = -1% <= R <= 0% | E = R < -1%)": 0.0, "P(D = 0% < R <= 1% | E = R < -1%)": 0.0, "P(D = R > 1% | E = R < -1%)": 0.4532312925170068, "P(D = R < -1% | E = -1% <= R <= 0%)": 0.4509394572025052, "P(D = -1% <= R <= 0% | E = -1% <= R <= 0%)": 0.0010438413361169101, "P(D = 0% < R <= 1% | E = -1% <= R <= 0%)": 0.0, "P(D = R > 1% | E = -1% <= R <= 0%)": 0.5480167014613778, "P(D = R < -1% | E = 0% < R <= 1%)": 0.4580152671755725, "P(D = -1% <= R <= 0% | E = 0% < R <= 1%)": 0.0, "P(D = 0% < R <= 1% | E = 0% < R <= 1%)": 0.0, "P(D = R > 1% | E = 0% < R <= 1%)": 0.5419847328244275, "P(D = R < -1% | E = R > 1%)": 0.41205211726384366, "P(D = -1% <= R <= 0% | E = R > 1%)": 0.0, "P(D = 0% < R <= 1% | E = R > 1%)": 0.0, "P(D = R > 1% | E = R > 1%)": 0.5879478827361564}