{"P(D = R < -1% | E = R < -1%)": 0.0, "P(D = -1% <= R <= 0% | E = R < -1%)": 0.8378378378378378, "P(D = 0% < R <= 1% | E = R < -1%)": 0.16216216216216217, "P(D = R > 1% | E = R < -1%)": 0.0, "P(D = R < -1% | E = -1% <= R <= 0%)": 0.0, "P(D = -1% <= R <= 0% | E = -1% <= R <= 0%)": 0.8435374149659864, "P(D = 0% < R <= 1% | E = -1% <= R <= 0%)": 0.1564625850340136, "P(D = R > 1% | E = -1% <= R <= 0%)": 0.0, "P(D = R < -1% | E = 0% < R <= 1%)": 0.0, "P(D = -1% <= R <= 0% | E = 0% < R <= 1%)": 0.7404580152671756, "P(D = 0% < R <= 1% | E = 0% < R <= 1%)": 0.2595419847328244, "P(D = R > 1% | E = 0% < R <= 1%)": 0.0, "P(D = R < -1% | E = R > 1%)": 0.0, "P(D = -1% <= R <= 0% | E = R > 1%)": 0.7631578947368421, "P(D = 0% < R <= 1% | E = R > 1%)": 0.23684210526315788, "P(D = R > 1% | E = R > 1%)": 0.0}