{"P(D = R < -1% | E = R < -1%)": 0.16506717850287908, "P(D = -1% <= R <= 0% | E = R < -1%)": 0.5547024952015355, "P(D = 0% < R <= 1% | E = R < -1%)": 0.09021113243761997, "P(D = R > 1% | E = R < -1%)": 0.19001919385796545, "P(D = R < -1% | E = -1% <= R <= 0%)": 0.08429752066115702, "P(D = -1% <= R <= 0% | E = -1% <= R <= 0%)": 0.7140495867768595, "P(D = 0% < R <= 1% | E = -1% <= R <= 0%)": 0.07107438016528926, "P(D = R > 1% | E = -1% <= R <= 0%)": 0.1305785123966942, "P(D = R < -1% | E = 0% < R <= 1%)": 0.10420475319926874, "P(D = -1% <= R <= 0% | E = 0% < R <= 1%)": 0.6361974405850092, "P(D = 0% < R <= 1% | E = 0% < R <= 1%)": 0.08775137111517367, "P(D = R > 1% | E = 0% < R <= 1%)": 0.17184643510054845, "P(D = R < -1% | E = R > 1%)": 0.12429378531073447, "P(D = -1% <= R <= 0% | E = R > 1%)": 0.5499058380414312, "P(D = 0% < R <= 1% | E = R > 1%)": 0.0903954802259887, "P(D = R > 1% | E = R > 1%)": 0.23540489642184556}