{"P(D = R < -1% | E = R < -1%)": 0.21212121212121213, "P(D = -1% <= R <= 0% | E = R < -1%)": 0.696969696969697, "P(D = 0% < R <= 1% | E = R < -1%)": 0.0, "P(D = R > 1% | E = R < -1%)": 0.09090909090909091, "P(D = R < -1% | E = -1% <= R <= 0%)": 0.0782608695652174, "P(D = -1% <= R <= 0% | E = -1% <= R <= 0%)": 0.8782608695652174, "P(D = 0% < R <= 1% | E = -1% <= R <= 0%)": 0.0, "P(D = R > 1% | E = -1% <= R <= 0%)": 0.043478260869565216, "P(D = R < -1% | E = 0% < R <= 1%)": 0.11363636363636363, "P(D = -1% <= R <= 0% | E = 0% < R <= 1%)": 0.7840909090909091, "P(D = 0% < R <= 1% | E = 0% < R <= 1%)": 0.0, "P(D = R > 1% | E = 0% < R <= 1%)": 0.10227272727272728, "P(D = R < -1% | E = R > 1%)": 0.0975609756097561, "P(D = -1% <= R <= 0% | E = R > 1%)": 0.6951219512195121, "P(D = 0% < R <= 1% | E = R > 1%)": 0.0, "P(D = R > 1% | E = R > 1%)": 0.2073170731707317}