{"P(D = R < -1% | E = R < -1%)": 0.15384615384615385, "P(D = -1% <= R <= 0% | E = R < -1%)": 0.7403846153846154, "P(D = 0% < R <= 1% | E = R < -1%)": 0.057692307692307696, "P(D = R > 1% | E = R < -1%)": 0.04807692307692308, "P(D = R < -1% | E = -1% <= R <= 0%)": 0.011538461538461539, "P(D = -1% <= R <= 0% | E = -1% <= R <= 0%)": 0.926923076923077, "P(D = 0% < R <= 1% | E = -1% <= R <= 0%)": 0.03461538461538462, "P(D = R > 1% | E = -1% <= R <= 0%)": 0.026923076923076925, "P(D = R < -1% | E = 0% < R <= 1%)": 0.013452914798206279, "P(D = -1% <= R <= 0% | E = 0% < R <= 1%)": 0.874439461883408, "P(D = 0% < R <= 1% | E = 0% < R <= 1%)": 0.08520179372197309, "P(D = R > 1% | E = 0% < R <= 1%)": 0.026905829596412557, "P(D = R < -1% | E = R > 1%)": 0.04040404040404041, "P(D = -1% <= R <= 0% | E = R > 1%)": 0.6363636363636364, "P(D = 0% < R <= 1% | E = R > 1%)": 0.1414141414141414, "P(D = R > 1% | E = R > 1%)": 0.18181818181818182}