{"P(D = R < -1% | E = R < -1%)": 0.025, "P(D = -1% <= R <= 0% | E = R < -1%)": 0.7875, "P(D = 0% < R <= 1% | E = R < -1%)": 0.0, "P(D = R > 1% | E = R < -1%)": 0.1875, "P(D = R < -1% | E = -1% <= R <= 0%)": 0.0034602076124567475, "P(D = -1% <= R <= 0% | E = -1% <= R <= 0%)": 0.9238754325259516, "P(D = 0% < R <= 1% | E = -1% <= R <= 0%)": 0.0, "P(D = R > 1% | E = -1% <= R <= 0%)": 0.0726643598615917, "P(D = R < -1% | E = 0% < R <= 1%)": 0.010810810810810811, "P(D = -1% <= R <= 0% | E = 0% < R <= 1%)": 0.9297297297297298, "P(D = 0% < R <= 1% | E = 0% < R <= 1%)": 0.0, "P(D = R > 1% | E = 0% < R <= 1%)": 0.05945945945945946, "P(D = R < -1% | E = R > 1%)": 0.05581395348837209, "P(D = -1% <= R <= 0% | E = R > 1%)": 0.7441860465116279, "P(D = 0% < R <= 1% | E = R > 1%)": 0.0, "P(D = R > 1% | E = R > 1%)": 0.2}