{"P(D = R < -1% | E = R < -1%)": 0.7357954545454546, "P(D = -1% <= R <= 0% | E = R < -1%)": 0.0, "P(D = 0% < R <= 1% | E = R < -1%)": 0.005681818181818182, "P(D = R > 1% | E = R < -1%)": 0.2585227272727273, "P(D = R < -1% | E = -1% <= R <= 0%)": 0.632, "P(D = -1% <= R <= 0% | E = -1% <= R <= 0%)": 0.0, "P(D = 0% < R <= 1% | E = -1% <= R <= 0%)": 0.008, "P(D = R > 1% | E = -1% <= R <= 0%)": 0.36, "P(D = R < -1% | E = 0% < R <= 1%)": 0.5, "P(D = -1% <= R <= 0% | E = 0% < R <= 1%)": 0.0, "P(D = 0% < R <= 1% | E = 0% < R <= 1%)": 0.029411764705882353, "P(D = R > 1% | E = 0% < R <= 1%)": 0.47058823529411764, "P(D = R < -1% | E = R > 1%)": 0.3716216216216216, "P(D = -1% <= R <= 0% | E = R > 1%)": 0.0, "P(D = 0% < R <= 1% | E = R > 1%)": 0.02027027027027027, "P(D = R > 1% | E = R > 1%)": 0.6081081081081081}