{"P(D = R < -1% | E = R < -1%)": 0.3013698630136986, "P(D = -1% <= R <= 0% | E = R < -1%)": 0.5205479452054794, "P(D = 0% < R <= 1% | E = R < -1%)": 0.08767123287671233, "P(D = R > 1% | E = R < -1%)": 0.09041095890410959, "P(D = R < -1% | E = -1% <= R <= 0%)": 0.09669811320754718, "P(D = -1% <= R <= 0% | E = -1% <= R <= 0%)": 0.6698113207547169, "P(D = 0% < R <= 1% | E = -1% <= R <= 0%)": 0.09669811320754718, "P(D = R > 1% | E = -1% <= R <= 0%)": 0.13679245283018868, "P(D = R < -1% | E = 0% < R <= 1%)": 0.07356948228882834, "P(D = -1% <= R <= 0% | E = 0% < R <= 1%)": 0.6321525885558583, "P(D = 0% < R <= 1% | E = 0% < R <= 1%)": 0.16621253405994552, "P(D = R > 1% | E = 0% < R <= 1%)": 0.12806539509536785, "P(D = R < -1% | E = R > 1%)": 0.08831168831168831, "P(D = -1% <= R <= 0% | E = R > 1%)": 0.5896103896103896, "P(D = 0% < R <= 1% | E = R > 1%)": 0.11168831168831168, "P(D = R > 1% | E = R > 1%)": 0.21038961038961038}