{"P(D = R < -1% | E = R < -1%)": 0.04195804195804196, "P(D = -1% <= R <= 0% | E = R < -1%)": 0.8181818181818182, "P(D = 0% < R <= 1% | E = R < -1%)": 0.03496503496503497, "P(D = R > 1% | E = R < -1%)": 0.1048951048951049, "P(D = R < -1% | E = -1% <= R <= 0%)": 0.010582010582010581, "P(D = -1% <= R <= 0% | E = -1% <= R <= 0%)": 0.9391534391534392, "P(D = 0% < R <= 1% | E = -1% <= R <= 0%)": 0.023809523809523808, "P(D = R > 1% | E = -1% <= R <= 0%)": 0.026455026455026454, "P(D = R < -1% | E = 0% < R <= 1%)": 0.011811023622047244, "P(D = -1% <= R <= 0% | E = 0% < R <= 1%)": 0.8661417322834646, "P(D = 0% < R <= 1% | E = 0% < R <= 1%)": 0.04330708661417323, "P(D = R > 1% | E = 0% < R <= 1%)": 0.07874015748031496, "P(D = R < -1% | E = R > 1%)": 0.03614457831325301, "P(D = -1% <= R <= 0% | E = R > 1%)": 0.7349397590361446, "P(D = 0% < R <= 1% | E = R > 1%)": 0.024096385542168676, "P(D = R > 1% | E = R > 1%)": 0.20481927710843373}