{"P(D = R < -1% | E = R < -1%)": 0.23529411764705882, "P(D = -1% <= R <= 0% | E = R < -1%)": 0.6911764705882353, "P(D = 0% < R <= 1% | E = R < -1%)": 0.004901960784313725, "P(D = R > 1% | E = R < -1%)": 0.06862745098039216, "P(D = R < -1% | E = -1% <= R <= 0%)": 0.1087866108786611, "P(D = -1% <= R <= 0% | E = -1% <= R <= 0%)": 0.7866108786610879, "P(D = 0% < R <= 1% | E = -1% <= R <= 0%)": 0.0041841004184100415, "P(D = R > 1% | E = -1% <= R <= 0%)": 0.100418410041841, "P(D = R < -1% | E = 0% < R <= 1%)": 0.04516129032258064, "P(D = -1% <= R <= 0% | E = 0% < R <= 1%)": 0.7612903225806451, "P(D = 0% < R <= 1% | E = 0% < R <= 1%)": 0.03225806451612903, "P(D = R > 1% | E = 0% < R <= 1%)": 0.16129032258064516, "P(D = R < -1% | E = R > 1%)": 0.06091370558375635, "P(D = -1% <= R <= 0% | E = R > 1%)": 0.5228426395939086, "P(D = 0% < R <= 1% | E = R > 1%)": 0.005076142131979695, "P(D = R > 1% | E = R > 1%)": 0.41116751269035534}