{"P(D = R < -1% | E = R < -1%)": 0.5606361829025845, "P(D = -1% <= R <= 0% | E = R < -1%)": 0.0, "P(D = 0% < R <= 1% | E = R < -1%)": 0.0, "P(D = R > 1% | E = R < -1%)": 0.4393638170974155, "P(D = R < -1% | E = -1% <= R <= 0%)": 0.47244094488188976, "P(D = -1% <= R <= 0% | E = -1% <= R <= 0%)": 0.0, "P(D = 0% < R <= 1% | E = -1% <= R <= 0%)": 0.0, "P(D = R > 1% | E = -1% <= R <= 0%)": 0.5275590551181102, "P(D = R < -1% | E = 0% < R <= 1%)": 0.40816326530612246, "P(D = -1% <= R <= 0% | E = 0% < R <= 1%)": 0.0, "P(D = 0% < R <= 1% | E = 0% < R <= 1%)": 0.0, "P(D = R > 1% | E = 0% < R <= 1%)": 0.5918367346938775, "P(D = R < -1% | E = R > 1%)": 0.37764932562620424, "P(D = -1% <= R <= 0% | E = R > 1%)": 0.0019267822736030828, "P(D = 0% < R <= 1% | E = R > 1%)": 0.0, "P(D = R > 1% | E = R > 1%)": 0.6204238921001927}