{"P(D = R < -1% | E = R < -1%)": 0.5265486725663717, "P(D = -1% <= R <= 0% | E = R < -1%)": 0.24778761061946902, "P(D = 0% < R <= 1% | E = R < -1%)": 0.0, "P(D = R > 1% | E = R < -1%)": 0.22566371681415928, "P(D = R < -1% | E = -1% <= R <= 0%)": 0.15609756097560976, "P(D = -1% <= R <= 0% | E = -1% <= R <= 0%)": 0.6097560975609756, "P(D = 0% < R <= 1% | E = -1% <= R <= 0%)": 0.0, "P(D = R > 1% | E = -1% <= R <= 0%)": 0.23414634146341465, "P(D = R < -1% | E = 0% < R <= 1%)": 0.2857142857142857, "P(D = -1% <= R <= 0% | E = 0% < R <= 1%)": 0.39285714285714285, "P(D = 0% < R <= 1% | E = 0% < R <= 1%)": 0.0, "P(D = R > 1% | E = 0% < R <= 1%)": 0.32142857142857145, "P(D = R < -1% | E = R > 1%)": 0.2601626016260163, "P(D = -1% <= R <= 0% | E = R > 1%)": 0.2601626016260163, "P(D = 0% < R <= 1% | E = R > 1%)": 0.0, "P(D = R > 1% | E = R > 1%)": 0.4796747967479675}