{"P(D = R < -1% | E = R < -1%)": 0.2654320987654321, "P(D = -1% <= R <= 0% | E = R < -1%)": 0.12114197530864197, "P(D = 0% < R <= 1% | E = R < -1%)": 0.4930555555555556, "P(D = R > 1% | E = R < -1%)": 0.12037037037037036, "P(D = R < -1% | E = -1% <= R <= 0%)": 0.10397553516819572, "P(D = -1% <= R <= 0% | E = -1% <= R <= 0%)": 0.10168195718654434, "P(D = 0% < R <= 1% | E = -1% <= R <= 0%)": 0.6980122324159022, "P(D = R > 1% | E = -1% <= R <= 0%)": 0.0963302752293578, "P(D = R < -1% | E = 0% < R <= 1%)": 0.08412017167381974, "P(D = -1% <= R <= 0% | E = 0% < R <= 1%)": 0.07124463519313305, "P(D = 0% < R <= 1% | E = 0% < R <= 1%)": 0.7304721030042919, "P(D = R > 1% | E = 0% < R <= 1%)": 0.11416309012875536, "P(D = R < -1% | E = R > 1%)": 0.1145374449339207, "P(D = -1% <= R <= 0% | E = R > 1%)": 0.07121879588839941, "P(D = 0% < R <= 1% | E = R > 1%)": 0.5616740088105727, "P(D = R > 1% | E = R > 1%)": 0.2525697503671072}