{"P(D = R < -1% | E = R < -1%)": 0.40669856459330145, "P(D = -1% <= R <= 0% | E = R < -1%)": 0.3157894736842105, "P(D = 0% < R <= 1% | E = R < -1%)": 0.0, "P(D = R > 1% | E = R < -1%)": 0.27751196172248804, "P(D = R < -1% | E = -1% <= R <= 0%)": 0.2314410480349345, "P(D = -1% <= R <= 0% | E = -1% <= R <= 0%)": 0.5109170305676856, "P(D = 0% < R <= 1% | E = -1% <= R <= 0%)": 0.0, "P(D = R > 1% | E = -1% <= R <= 0%)": 0.2576419213973799, "P(D = R < -1% | E = 0% < R <= 1%)": 0.21359223300970873, "P(D = -1% <= R <= 0% | E = 0% < R <= 1%)": 0.4563106796116505, "P(D = 0% < R <= 1% | E = 0% < R <= 1%)": 0.0, "P(D = R > 1% | E = 0% < R <= 1%)": 0.3300970873786408, "P(D = R < -1% | E = R > 1%)": 0.1736842105263158, "P(D = -1% <= R <= 0% | E = R > 1%)": 0.21578947368421053, "P(D = 0% < R <= 1% | E = R > 1%)": 0.0, "P(D = R > 1% | E = R > 1%)": 0.6105263157894737}