{"P(D = R < -1% | E = R < -1%)": 0.2127659574468085, "P(D = -1% <= R <= 0% | E = R < -1%)": 0.6063829787234043, "P(D = 0% < R <= 1% | E = R < -1%)": 0.1702127659574468, "P(D = R > 1% | E = R < -1%)": 0.010638297872340425, "P(D = R < -1% | E = -1% <= R <= 0%)": 0.03215434083601286, "P(D = -1% <= R <= 0% | E = -1% <= R <= 0%)": 0.6816720257234726, "P(D = 0% < R <= 1% | E = -1% <= R <= 0%)": 0.2733118971061093, "P(D = R > 1% | E = -1% <= R <= 0%)": 0.012861736334405145, "P(D = R < -1% | E = 0% < R <= 1%)": 0.024822695035460994, "P(D = -1% <= R <= 0% | E = 0% < R <= 1%)": 0.5106382978723404, "P(D = 0% < R <= 1% | E = 0% < R <= 1%)": 0.43617021276595747, "P(D = R > 1% | E = 0% < R <= 1%)": 0.028368794326241134, "P(D = R < -1% | E = R > 1%)": 0.08, "P(D = -1% <= R <= 0% | E = R > 1%)": 0.3, "P(D = 0% < R <= 1% | E = R > 1%)": 0.54, "P(D = R > 1% | E = R > 1%)": 0.08}