{"P(D = R < -1% | E = R < -1%)": 0.07936507936507936, "P(D = -1% <= R <= 0% | E = R < -1%)": 0.5555555555555556, "P(D = 0% < R <= 1% | E = R < -1%)": 0.25396825396825395, "P(D = R > 1% | E = R < -1%)": 0.1111111111111111, "P(D = R < -1% | E = -1% <= R <= 0%)": 0.006622516556291391, "P(D = -1% <= R <= 0% | E = -1% <= R <= 0%)": 0.7284768211920529, "P(D = 0% < R <= 1% | E = -1% <= R <= 0%)": 0.25165562913907286, "P(D = R > 1% | E = -1% <= R <= 0%)": 0.013245033112582781, "P(D = R < -1% | E = 0% < R <= 1%)": 0.020618556701030927, "P(D = -1% <= R <= 0% | E = 0% < R <= 1%)": 0.5807560137457045, "P(D = 0% < R <= 1% | E = 0% < R <= 1%)": 0.38831615120274915, "P(D = R > 1% | E = 0% < R <= 1%)": 0.010309278350515464, "P(D = R < -1% | E = R > 1%)": 0.23404255319148937, "P(D = -1% <= R <= 0% | E = R > 1%)": 0.2765957446808511, "P(D = 0% < R <= 1% | E = R > 1%)": 0.3617021276595745, "P(D = R > 1% | E = R > 1%)": 0.1276595744680851}