{"P(D = R < -1% | E = R < -1%)": 0.8195488721804511, "P(D = -1% <= R <= 0% | E = R < -1%)": 0.047619047619047616, "P(D = 0% < R <= 1% | E = R < -1%)": 0.0, "P(D = R > 1% | E = R < -1%)": 0.13283208020050125, "P(D = R < -1% | E = -1% <= R <= 0%)": 0.5808080808080808, "P(D = -1% <= R <= 0% | E = -1% <= R <= 0%)": 0.23232323232323232, "P(D = 0% < R <= 1% | E = -1% <= R <= 0%)": 0.0, "P(D = R > 1% | E = -1% <= R <= 0%)": 0.18686868686868688, "P(D = R < -1% | E = 0% < R <= 1%)": 0.7454545454545455, "P(D = -1% <= R <= 0% | E = 0% < R <= 1%)": 0.01818181818181818, "P(D = 0% < R <= 1% | E = 0% < R <= 1%)": 0.0, "P(D = R > 1% | E = 0% < R <= 1%)": 0.23636363636363636, "P(D = R < -1% | E = R > 1%)": 0.7033333333333334, "P(D = -1% <= R <= 0% | E = R > 1%)": 0.07333333333333333, "P(D = 0% < R <= 1% | E = R > 1%)": 0.0, "P(D = R > 1% | E = R > 1%)": 0.22333333333333333}