{"P(D = R < -1% | E = R < -1%)": 0.5082872928176796, "P(D = -1% <= R <= 0% | E = R < -1%)": 0.27624309392265195, "P(D = 0% < R <= 1% | E = R < -1%)": 0.0, "P(D = R > 1% | E = R < -1%)": 0.2154696132596685, "P(D = R < -1% | E = -1% <= R <= 0%)": 0.33575581395348836, "P(D = -1% <= R <= 0% | E = -1% <= R <= 0%)": 0.38953488372093026, "P(D = 0% < R <= 1% | E = -1% <= R <= 0%)": 0.0, "P(D = R > 1% | E = -1% <= R <= 0%)": 0.2747093023255814, "P(D = R < -1% | E = 0% < R <= 1%)": 0.22981366459627328, "P(D = -1% <= R <= 0% | E = 0% < R <= 1%)": 0.37888198757763975, "P(D = 0% < R <= 1% | E = 0% < R <= 1%)": 0.0, "P(D = R > 1% | E = 0% < R <= 1%)": 0.391304347826087, "P(D = R < -1% | E = R > 1%)": 0.1946524064171123, "P(D = -1% <= R <= 0% | E = R > 1%)": 0.24171122994652405, "P(D = 0% < R <= 1% | E = R > 1%)": 0.0, "P(D = R > 1% | E = R > 1%)": 0.5636363636363636}