{"P(D = R < -1% | E = R < -1%)": 0.0, "P(D = -1% <= R <= 0% | E = R < -1%)": 0.72, "P(D = 0% < R <= 1% | E = R < -1%)": 0.28, "P(D = R > 1% | E = R < -1%)": 0.0, "P(D = R < -1% | E = -1% <= R <= 0%)": 0.0, "P(D = -1% <= R <= 0% | E = -1% <= R <= 0%)": 0.6792452830188679, "P(D = 0% < R <= 1% | E = -1% <= R <= 0%)": 0.3169811320754717, "P(D = R > 1% | E = -1% <= R <= 0%)": 0.0037735849056603774, "P(D = R < -1% | E = 0% < R <= 1%)": 0.0, "P(D = -1% <= R <= 0% | E = 0% < R <= 1%)": 0.5886792452830188, "P(D = 0% < R <= 1% | E = 0% < R <= 1%)": 0.4037735849056604, "P(D = R > 1% | E = 0% < R <= 1%)": 0.007547169811320755, "P(D = R < -1% | E = R > 1%)": 0.0, "P(D = -1% <= R <= 0% | E = R > 1%)": 0.4166666666666667, "P(D = 0% < R <= 1% | E = R > 1%)": 0.5833333333333334, "P(D = R > 1% | E = R > 1%)": 0.0}