{"P(D = R < -1% | E = R < -1%)": 0.11428571428571428, "P(D = -1% <= R <= 0% | E = R < -1%)": 0.8285714285714286, "P(D = 0% < R <= 1% | E = R < -1%)": 0.0, "P(D = R > 1% | E = R < -1%)": 0.05714285714285714, "P(D = R < -1% | E = -1% <= R <= 0%)": 0.024242424242424242, "P(D = -1% <= R <= 0% | E = -1% <= R <= 0%)": 0.9515151515151515, "P(D = 0% < R <= 1% | E = -1% <= R <= 0%)": 0.0, "P(D = R > 1% | E = -1% <= R <= 0%)": 0.024242424242424242, "P(D = R < -1% | E = 0% < R <= 1%)": 0.0, "P(D = -1% <= R <= 0% | E = 0% < R <= 1%)": 0.959349593495935, "P(D = 0% < R <= 1% | E = 0% < R <= 1%)": 0.0, "P(D = R > 1% | E = 0% < R <= 1%)": 0.04065040650406504, "P(D = R < -1% | E = R > 1%)": 0.0, "P(D = -1% <= R <= 0% | E = R > 1%)": 0.7954545454545454, "P(D = 0% < R <= 1% | E = R > 1%)": 0.0, "P(D = R > 1% | E = R > 1%)": 0.20454545454545456}