{"P(D = R < -1% | E = R < -1%)": 0.4666666666666667, "P(D = -1% <= R <= 0% | E = R < -1%)": 0.4, "P(D = 0% < R <= 1% | E = R < -1%)": 0.1111111111111111, "P(D = R > 1% | E = R < -1%)": 0.022222222222222223, "P(D = R < -1% | E = -1% <= R <= 0%)": 0.0728476821192053, "P(D = -1% <= R <= 0% | E = -1% <= R <= 0%)": 0.5364238410596026, "P(D = 0% < R <= 1% | E = -1% <= R <= 0%)": 0.37748344370860926, "P(D = R > 1% | E = -1% <= R <= 0%)": 0.013245033112582781, "P(D = R < -1% | E = 0% < R <= 1%)": 0.029850746268656716, "P(D = -1% <= R <= 0% | E = 0% < R <= 1%)": 0.29850746268656714, "P(D = 0% < R <= 1% | E = 0% < R <= 1%)": 0.6343283582089553, "P(D = R > 1% | E = 0% < R <= 1%)": 0.03731343283582089, "P(D = R < -1% | E = R > 1%)": 0.04878048780487805, "P(D = -1% <= R <= 0% | E = R > 1%)": 0.3902439024390244, "P(D = 0% < R <= 1% | E = R > 1%)": 0.4878048780487805, "P(D = R > 1% | E = R > 1%)": 0.07317073170731707}