{"P(D = R < -1% | E = R < -1%)": 0.22408026755852842, "P(D = -1% <= R <= 0% | E = R < -1%)": 0.2508361204013378, "P(D = 0% < R <= 1% | E = R < -1%)": 0.0, "P(D = R > 1% | E = R < -1%)": 0.5250836120401338, "P(D = R < -1% | E = -1% <= R <= 0%)": 0.12576687116564417, "P(D = -1% <= R <= 0% | E = -1% <= R <= 0%)": 0.40797546012269936, "P(D = 0% < R <= 1% | E = -1% <= R <= 0%)": 0.0, "P(D = R > 1% | E = -1% <= R <= 0%)": 0.4662576687116564, "P(D = R < -1% | E = 0% < R <= 1%)": 0.17543859649122806, "P(D = -1% <= R <= 0% | E = 0% < R <= 1%)": 0.2543859649122807, "P(D = 0% < R <= 1% | E = 0% < R <= 1%)": 0.0, "P(D = R > 1% | E = 0% < R <= 1%)": 0.5701754385964912, "P(D = R < -1% | E = R > 1%)": 0.10833333333333334, "P(D = -1% <= R <= 0% | E = R > 1%)": 0.2222222222222222, "P(D = 0% < R <= 1% | E = R > 1%)": 0.0, "P(D = R > 1% | E = R > 1%)": 0.6694444444444444}