{"P(D = R < -1% | E = R < -1%)": 0.2817990161630358, "P(D = -1% <= R <= 0% | E = R < -1%)": 0.30288123682361207, "P(D = 0% < R <= 1% | E = R < -1%)": 0.0, "P(D = R > 1% | E = R < -1%)": 0.41531974701335206, "P(D = R < -1% | E = -1% <= R <= 0%)": 0.20362737015663643, "P(D = -1% <= R <= 0% | E = -1% <= R <= 0%)": 0.3602638087386645, "P(D = 0% < R <= 1% | E = -1% <= R <= 0%)": 0.0, "P(D = R > 1% | E = -1% <= R <= 0%)": 0.4361088211046991, "P(D = R < -1% | E = 0% < R <= 1%)": 0.20236920039486672, "P(D = -1% <= R <= 0% | E = 0% < R <= 1%)": 0.3484698914116486, "P(D = 0% < R <= 1% | E = 0% < R <= 1%)": 0.0, "P(D = R > 1% | E = 0% < R <= 1%)": 0.4491609081934847, "P(D = R < -1% | E = R > 1%)": 0.21323529411764705, "P(D = -1% <= R <= 0% | E = R > 1%)": 0.29745989304812837, "P(D = 0% < R <= 1% | E = R > 1%)": 0.0, "P(D = R > 1% | E = R > 1%)": 0.4893048128342246}