{"P(D = R < -1% | E = R < -1%)": 0.5949367088607594, "P(D = -1% <= R <= 0% | E = R < -1%)": 0.0, "P(D = 0% < R <= 1% | E = R < -1%)": 0.0, "P(D = R > 1% | E = R < -1%)": 0.4050632911392405, "P(D = R < -1% | E = -1% <= R <= 0%)": 0.3076923076923077, "P(D = -1% <= R <= 0% | E = -1% <= R <= 0%)": 0.038461538461538464, "P(D = 0% < R <= 1% | E = -1% <= R <= 0%)": 0.0, "P(D = R > 1% | E = -1% <= R <= 0%)": 0.6538461538461539, "P(D = R < -1% | E = 0% < R <= 1%)": 0.26666666666666666, "P(D = -1% <= R <= 0% | E = 0% < R <= 1%)": 0.0, "P(D = 0% < R <= 1% | E = 0% < R <= 1%)": 0.0, "P(D = R > 1% | E = 0% < R <= 1%)": 0.7333333333333333, "P(D = R < -1% | E = R > 1%)": 0.26582278481012656, "P(D = -1% <= R <= 0% | E = R > 1%)": 0.0, "P(D = 0% < R <= 1% | E = R > 1%)": 0.0, "P(D = R > 1% | E = R > 1%)": 0.7341772151898734}