{"P(D = R < -1% | E = R < -1%)": 0.48047538200339557, "P(D = -1% <= R <= 0% | E = R < -1%)": 0.46434634974533107, "P(D = 0% < R <= 1% | E = R < -1%)": 0.0, "P(D = R > 1% | E = R < -1%)": 0.055178268251273345, "P(D = R < -1% | E = -1% <= R <= 0%)": 0.2682464454976303, "P(D = -1% <= R <= 0% | E = -1% <= R <= 0%)": 0.6966824644549763, "P(D = 0% < R <= 1% | E = -1% <= R <= 0%)": 0.0, "P(D = R > 1% | E = -1% <= R <= 0%)": 0.035071090047393366, "P(D = R < -1% | E = 0% < R <= 1%)": 0.4294117647058823, "P(D = -1% <= R <= 0% | E = 0% < R <= 1%)": 0.5294117647058824, "P(D = 0% < R <= 1% | E = 0% < R <= 1%)": 0.0, "P(D = R > 1% | E = 0% < R <= 1%)": 0.041176470588235294, "P(D = R < -1% | E = R > 1%)": 0.3659340659340659, "P(D = -1% <= R <= 0% | E = R > 1%)": 0.5868131868131868, "P(D = 0% < R <= 1% | E = R > 1%)": 0.0, "P(D = R > 1% | E = R > 1%)": 0.04725274725274725}