{"P(D = R < -1% | E = R < -1%)": 0.061946902654867256, "P(D = -1% <= R <= 0% | E = R < -1%)": 0.5221238938053098, "P(D = 0% < R <= 1% | E = R < -1%)": 0.3185840707964602, "P(D = R > 1% | E = R < -1%)": 0.09734513274336283, "P(D = R < -1% | E = -1% <= R <= 0%)": 0.025210084033613446, "P(D = -1% <= R <= 0% | E = -1% <= R <= 0%)": 0.5210084033613446, "P(D = 0% < R <= 1% | E = -1% <= R <= 0%)": 0.4257703081232493, "P(D = R > 1% | E = -1% <= R <= 0%)": 0.028011204481792718, "P(D = R < -1% | E = 0% < R <= 1%)": 0.030716723549488054, "P(D = -1% <= R <= 0% | E = 0% < R <= 1%)": 0.40955631399317405, "P(D = 0% < R <= 1% | E = 0% < R <= 1%)": 0.5358361774744027, "P(D = R > 1% | E = 0% < R <= 1%)": 0.023890784982935155, "P(D = R < -1% | E = R > 1%)": 0.06382978723404255, "P(D = -1% <= R <= 0% | E = R > 1%)": 0.32978723404255317, "P(D = 0% < R <= 1% | E = R > 1%)": 0.425531914893617, "P(D = R > 1% | E = R > 1%)": 0.18085106382978725}