{"P(D = R < -1% | E = R < -1%)": 0.15661641541038526, "P(D = -1% <= R <= 0% | E = R < -1%)": 0.7596314907872697, "P(D = 0% < R <= 1% | E = R < -1%)": 0.0, "P(D = R > 1% | E = R < -1%)": 0.08375209380234507, "P(D = R < -1% | E = -1% <= R <= 0%)": 0.05654761904761905, "P(D = -1% <= R <= 0% | E = -1% <= R <= 0%)": 0.890625, "P(D = 0% < R <= 1% | E = -1% <= R <= 0%)": 0.0, "P(D = R > 1% | E = -1% <= R <= 0%)": 0.05282738095238095, "P(D = R < -1% | E = 0% < R <= 1%)": 0.021052631578947368, "P(D = -1% <= R <= 0% | E = 0% < R <= 1%)": 0.9157894736842105, "P(D = 0% < R <= 1% | E = 0% < R <= 1%)": 0.0, "P(D = R > 1% | E = 0% < R <= 1%)": 0.06315789473684211, "P(D = R < -1% | E = R > 1%)": 0.11749116607773852, "P(D = -1% <= R <= 0% | E = R > 1%)": 0.7234982332155477, "P(D = 0% < R <= 1% | E = R > 1%)": 0.0, "P(D = R > 1% | E = R > 1%)": 0.15901060070671377}