{"P(D = R < -1% | E = R < -1%)": 0.358974358974359, "P(D = -1% <= R <= 0% | E = R < -1%)": 0.5128205128205128, "P(D = 0% < R <= 1% | E = R < -1%)": 0.05128205128205128, "P(D = R > 1% | E = R < -1%)": 0.07692307692307693, "P(D = R < -1% | E = -1% <= R <= 0%)": 0.08620689655172414, "P(D = -1% <= R <= 0% | E = -1% <= R <= 0%)": 0.8275862068965517, "P(D = 0% < R <= 1% | E = -1% <= R <= 0%)": 0.05172413793103448, "P(D = R > 1% | E = -1% <= R <= 0%)": 0.034482758620689655, "P(D = R < -1% | E = 0% < R <= 1%)": 0.04, "P(D = -1% <= R <= 0% | E = 0% < R <= 1%)": 0.72, "P(D = 0% < R <= 1% | E = 0% < R <= 1%)": 0.04, "P(D = R > 1% | E = 0% < R <= 1%)": 0.2, "P(D = R < -1% | E = R > 1%)": 0.13513513513513514, "P(D = -1% <= R <= 0% | E = R > 1%)": 0.5405405405405406, "P(D = 0% < R <= 1% | E = R > 1%)": 0.0, "P(D = R > 1% | E = R > 1%)": 0.32432432432432434}