{"P(D = R < -1% | E = R < -1%)": 0.6727272727272727, "P(D = -1% <= R <= 0% | E = R < -1%)": 0.045454545454545456, "P(D = 0% < R <= 1% | E = R < -1%)": 0.0, "P(D = R > 1% | E = R < -1%)": 0.2818181818181818, "P(D = R < -1% | E = -1% <= R <= 0%)": 0.4, "P(D = -1% <= R <= 0% | E = -1% <= R <= 0%)": 0.13333333333333333, "P(D = 0% < R <= 1% | E = -1% <= R <= 0%)": 0.0, "P(D = R > 1% | E = -1% <= R <= 0%)": 0.4666666666666667, "P(D = R < -1% | E = 0% < R <= 1%)": 0.6551724137931034, "P(D = -1% <= R <= 0% | E = 0% < R <= 1%)": 0.0, "P(D = 0% < R <= 1% | E = 0% < R <= 1%)": 0.0, "P(D = R > 1% | E = 0% < R <= 1%)": 0.3448275862068966, "P(D = R < -1% | E = R > 1%)": 0.3584905660377358, "P(D = -1% <= R <= 0% | E = R > 1%)": 0.07547169811320754, "P(D = 0% < R <= 1% | E = R > 1%)": 0.0, "P(D = R > 1% | E = R > 1%)": 0.5660377358490566}