{"P(D = R < -1% | E = R < -1%)": 0.10810810810810811, "P(D = -1% <= R <= 0% | E = R < -1%)": 0.7837837837837838, "P(D = 0% < R <= 1% | E = R < -1%)": 0.08108108108108109, "P(D = R > 1% | E = R < -1%)": 0.02702702702702703, "P(D = R < -1% | E = -1% <= R <= 0%)": 0.03902439024390244, "P(D = -1% <= R <= 0% | E = -1% <= R <= 0%)": 0.8292682926829268, "P(D = 0% < R <= 1% | E = -1% <= R <= 0%)": 0.1073170731707317, "P(D = R > 1% | E = -1% <= R <= 0%)": 0.024390243902439025, "P(D = R < -1% | E = 0% < R <= 1%)": 0.018072289156626505, "P(D = -1% <= R <= 0% | E = 0% < R <= 1%)": 0.6566265060240963, "P(D = 0% < R <= 1% | E = 0% < R <= 1%)": 0.22289156626506024, "P(D = R > 1% | E = 0% < R <= 1%)": 0.10240963855421686, "P(D = R < -1% | E = R > 1%)": 0.008928571428571428, "P(D = -1% <= R <= 0% | E = R > 1%)": 0.49107142857142855, "P(D = 0% < R <= 1% | E = R > 1%)": 0.30357142857142855, "P(D = R > 1% | E = R > 1%)": 0.19642857142857142}