{"P(D = R < -1% | E = R < -1%)": 0.8378378378378378, "P(D = -1% <= R <= 0% | E = R < -1%)": 0.018018018018018018, "P(D = 0% < R <= 1% | E = R < -1%)": 0.0, "P(D = R > 1% | E = R < -1%)": 0.14414414414414414, "P(D = R < -1% | E = -1% <= R <= 0%)": 0.62, "P(D = -1% <= R <= 0% | E = -1% <= R <= 0%)": 0.06, "P(D = 0% < R <= 1% | E = -1% <= R <= 0%)": 0.0, "P(D = R > 1% | E = -1% <= R <= 0%)": 0.32, "P(D = R < -1% | E = 0% < R <= 1%)": 0.8181818181818182, "P(D = -1% <= R <= 0% | E = 0% < R <= 1%)": 0.022727272727272728, "P(D = 0% < R <= 1% | E = 0% < R <= 1%)": 0.0, "P(D = R > 1% | E = 0% < R <= 1%)": 0.1590909090909091, "P(D = R < -1% | E = R > 1%)": 0.6, "P(D = -1% <= R <= 0% | E = R > 1%)": 0.044444444444444446, "P(D = 0% < R <= 1% | E = R > 1%)": 0.0, "P(D = R > 1% | E = R > 1%)": 0.35555555555555557}