{"P(D = R < -1% | E = R < -1%)": 0.1648148148148148, "P(D = -1% <= R <= 0% | E = R < -1%)": 0.3592592592592593, "P(D = 0% < R <= 1% | E = R < -1%)": 0.36666666666666664, "P(D = R > 1% | E = R < -1%)": 0.10925925925925926, "P(D = R < -1% | E = -1% <= R <= 0%)": 0.06099290780141844, "P(D = -1% <= R <= 0% | E = -1% <= R <= 0%)": 0.5092198581560283, "P(D = 0% < R <= 1% | E = -1% <= R <= 0%)": 0.35319148936170214, "P(D = R > 1% | E = -1% <= R <= 0%)": 0.07659574468085106, "P(D = R < -1% | E = 0% < R <= 1%)": 0.05736636245110821, "P(D = -1% <= R <= 0% | E = 0% < R <= 1%)": 0.4589308996088657, "P(D = 0% < R <= 1% | E = 0% < R <= 1%)": 0.39113428943937417, "P(D = R > 1% | E = 0% < R <= 1%)": 0.09256844850065189, "P(D = R < -1% | E = R > 1%)": 0.10545454545454545, "P(D = -1% <= R <= 0% | E = R > 1%)": 0.3618181818181818, "P(D = 0% < R <= 1% | E = R > 1%)": 0.34363636363636363, "P(D = R > 1% | E = R > 1%)": 0.1890909090909091}