{"P(D = R < -1% | E = R < -1%)": 0.0, "P(D = -1% <= R <= 0% | E = R < -1%)": 0.6363636363636364, "P(D = 0% < R <= 1% | E = R < -1%)": 0.2840909090909091, "P(D = R > 1% | E = R < -1%)": 0.07954545454545454, "P(D = R < -1% | E = -1% <= R <= 0%)": 0.0014204545454545455, "P(D = -1% <= R <= 0% | E = -1% <= R <= 0%)": 0.6420454545454546, "P(D = 0% < R <= 1% | E = -1% <= R <= 0%)": 0.3366477272727273, "P(D = R > 1% | E = -1% <= R <= 0%)": 0.019886363636363636, "P(D = R < -1% | E = 0% < R <= 1%)": 0.0, "P(D = -1% <= R <= 0% | E = 0% < R <= 1%)": 0.538961038961039, "P(D = 0% < R <= 1% | E = 0% < R <= 1%)": 0.4431818181818182, "P(D = R > 1% | E = 0% < R <= 1%)": 0.017857142857142856, "P(D = R < -1% | E = R > 1%)": 0.0, "P(D = -1% <= R <= 0% | E = R > 1%)": 0.5060240963855421, "P(D = 0% < R <= 1% | E = R > 1%)": 0.3253012048192771, "P(D = R > 1% | E = R > 1%)": 0.1686746987951807}