{"P(D = R < -1% | E = R < -1%)": 0.2129032258064516, "P(D = -1% <= R <= 0% | E = R < -1%)": 0.6451612903225806, "P(D = 0% < R <= 1% | E = R < -1%)": 0.0, "P(D = R > 1% | E = R < -1%)": 0.14193548387096774, "P(D = R < -1% | E = -1% <= R <= 0%)": 0.08006535947712418, "P(D = -1% <= R <= 0% | E = -1% <= R <= 0%)": 0.7941176470588235, "P(D = 0% < R <= 1% | E = -1% <= R <= 0%)": 0.0, "P(D = R > 1% | E = -1% <= R <= 0%)": 0.12581699346405228, "P(D = R < -1% | E = 0% < R <= 1%)": 0.06744868035190615, "P(D = -1% <= R <= 0% | E = 0% < R <= 1%)": 0.7595307917888563, "P(D = 0% < R <= 1% | E = 0% < R <= 1%)": 0.0, "P(D = R > 1% | E = 0% < R <= 1%)": 0.17302052785923755, "P(D = R < -1% | E = R > 1%)": 0.09494640122511486, "P(D = -1% <= R <= 0% | E = R > 1%)": 0.6294027565084227, "P(D = 0% < R <= 1% | E = R > 1%)": 0.0, "P(D = R > 1% | E = R > 1%)": 0.27565084226646247}