{"P(D = R < -1% | E = R < -1%)": 0.5372645372645373, "P(D = -1% <= R <= 0% | E = R < -1%)": 0.2072072072072072, "P(D = 0% < R <= 1% | E = R < -1%)": 0.0, "P(D = R > 1% | E = R < -1%)": 0.25552825552825553, "P(D = R < -1% | E = -1% <= R <= 0%)": 0.49560975609756097, "P(D = -1% <= R <= 0% | E = -1% <= R <= 0%)": 0.2370731707317073, "P(D = 0% < R <= 1% | E = -1% <= R <= 0%)": 0.0, "P(D = R > 1% | E = -1% <= R <= 0%)": 0.2673170731707317, "P(D = R < -1% | E = 0% < R <= 1%)": 0.4387755102040816, "P(D = -1% <= R <= 0% | E = 0% < R <= 1%)": 0.25056689342403626, "P(D = 0% < R <= 1% | E = 0% < R <= 1%)": 0.0, "P(D = R > 1% | E = 0% < R <= 1%)": 0.31065759637188206, "P(D = R < -1% | E = R > 1%)": 0.4009252120277564, "P(D = -1% <= R <= 0% | E = R > 1%)": 0.2158828064764842, "P(D = 0% < R <= 1% | E = R > 1%)": 0.0, "P(D = R > 1% | E = R > 1%)": 0.38319198149575945}