{"P(D = R < -1% | E = R < -1%)": 0.8706624605678234, "P(D = -1% <= R <= 0% | E = R < -1%)": 0.00946372239747634, "P(D = 0% < R <= 1% | E = R < -1%)": 0.0, "P(D = R > 1% | E = R < -1%)": 0.11987381703470032, "P(D = R < -1% | E = -1% <= R <= 0%)": 0.7950819672131147, "P(D = -1% <= R <= 0% | E = -1% <= R <= 0%)": 0.02459016393442623, "P(D = 0% < R <= 1% | E = -1% <= R <= 0%)": 0.0, "P(D = R > 1% | E = -1% <= R <= 0%)": 0.18032786885245902, "P(D = R < -1% | E = 0% < R <= 1%)": 0.7894736842105263, "P(D = -1% <= R <= 0% | E = 0% < R <= 1%)": 0.013157894736842105, "P(D = 0% < R <= 1% | E = 0% < R <= 1%)": 0.0, "P(D = R > 1% | E = 0% < R <= 1%)": 0.19736842105263158, "P(D = R < -1% | E = R > 1%)": 0.578544061302682, "P(D = -1% <= R <= 0% | E = R > 1%)": 0.0038314176245210726, "P(D = 0% < R <= 1% | E = R > 1%)": 0.0, "P(D = R > 1% | E = R > 1%)": 0.41762452107279696}