{"P(D = R < -1% | E = R < -1%)": 0.08695652173913043, "P(D = -1% <= R <= 0% | E = R < -1%)": 0.8913043478260869, "P(D = 0% < R <= 1% | E = R < -1%)": 0.0, "P(D = R > 1% | E = R < -1%)": 0.021739130434782608, "P(D = R < -1% | E = -1% <= R <= 0%)": 0.03773584905660377, "P(D = -1% <= R <= 0% | E = -1% <= R <= 0%)": 0.9528301886792453, "P(D = 0% < R <= 1% | E = -1% <= R <= 0%)": 0.0, "P(D = R > 1% | E = -1% <= R <= 0%)": 0.009433962264150943, "P(D = R < -1% | E = 0% < R <= 1%)": 0.07017543859649122, "P(D = -1% <= R <= 0% | E = 0% < R <= 1%)": 0.8596491228070176, "P(D = 0% < R <= 1% | E = 0% < R <= 1%)": 0.0, "P(D = R > 1% | E = 0% < R <= 1%)": 0.07017543859649122, "P(D = R < -1% | E = R > 1%)": 0.02127659574468085, "P(D = -1% <= R <= 0% | E = R > 1%)": 0.6595744680851063, "P(D = 0% < R <= 1% | E = R > 1%)": 0.0, "P(D = R > 1% | E = R > 1%)": 0.3191489361702128}