{"P(D = R < -1% | E = R < -1%)": 0.16, "P(D = -1% <= R <= 0% | E = R < -1%)": 0.608421052631579, "P(D = 0% < R <= 1% | E = R < -1%)": 0.19789473684210526, "P(D = R > 1% | E = R < -1%)": 0.03368421052631579, "P(D = R < -1% | E = -1% <= R <= 0%)": 0.04170286707211121, "P(D = -1% <= R <= 0% | E = -1% <= R <= 0%)": 0.6533449174630755, "P(D = 0% < R <= 1% | E = -1% <= R <= 0%)": 0.27801911381407474, "P(D = R > 1% | E = -1% <= R <= 0%)": 0.02693310165073849, "P(D = R < -1% | E = 0% < R <= 1%)": 0.019148936170212766, "P(D = -1% <= R <= 0% | E = 0% < R <= 1%)": 0.49042553191489363, "P(D = 0% < R <= 1% | E = 0% < R <= 1%)": 0.44893617021276594, "P(D = R > 1% | E = 0% < R <= 1%)": 0.04148936170212766, "P(D = R < -1% | E = R > 1%)": 0.03529411764705882, "P(D = -1% <= R <= 0% | E = R > 1%)": 0.3941176470588235, "P(D = 0% < R <= 1% | E = R > 1%)": 0.3941176470588235, "P(D = R > 1% | E = R > 1%)": 0.17647058823529413}