{"P(D = R < -1% | E = R < -1%)": 0.3225806451612903, "P(D = -1% <= R <= 0% | E = R < -1%)": 0.5161290322580645, "P(D = 0% < R <= 1% | E = R < -1%)": 0.0, "P(D = R > 1% | E = R < -1%)": 0.16129032258064516, "P(D = R < -1% | E = -1% <= R <= 0%)": 0.12626262626262627, "P(D = -1% <= R <= 0% | E = -1% <= R <= 0%)": 0.7626262626262627, "P(D = 0% < R <= 1% | E = -1% <= R <= 0%)": 0.0, "P(D = R > 1% | E = -1% <= R <= 0%)": 0.1111111111111111, "P(D = R < -1% | E = 0% < R <= 1%)": 0.2, "P(D = -1% <= R <= 0% | E = 0% < R <= 1%)": 0.6, "P(D = 0% < R <= 1% | E = 0% < R <= 1%)": 0.0, "P(D = R > 1% | E = 0% < R <= 1%)": 0.2, "P(D = R < -1% | E = R > 1%)": 0.11510791366906475, "P(D = -1% <= R <= 0% | E = R > 1%)": 0.5899280575539568, "P(D = 0% < R <= 1% | E = R > 1%)": 0.0, "P(D = R > 1% | E = R > 1%)": 0.2949640287769784}