{"P(D = R < -1% | E = R < -1%)": 0.24242424242424243, "P(D = -1% <= R <= 0% | E = R < -1%)": 0.4393939393939394, "P(D = 0% < R <= 1% | E = R < -1%)": 0.2878787878787879, "P(D = R > 1% | E = R < -1%)": 0.030303030303030304, "P(D = R < -1% | E = -1% <= R <= 0%)": 0.015060240963855422, "P(D = -1% <= R <= 0% | E = -1% <= R <= 0%)": 0.5481927710843374, "P(D = 0% < R <= 1% | E = -1% <= R <= 0%)": 0.4246987951807229, "P(D = R > 1% | E = -1% <= R <= 0%)": 0.012048192771084338, "P(D = R < -1% | E = 0% < R <= 1%)": 0.0036101083032490976, "P(D = -1% <= R <= 0% | E = 0% < R <= 1%)": 0.4007220216606498, "P(D = 0% < R <= 1% | E = 0% < R <= 1%)": 0.5848375451263538, "P(D = R > 1% | E = 0% < R <= 1%)": 0.010830324909747292, "P(D = R < -1% | E = R > 1%)": 0.046153846153846156, "P(D = -1% <= R <= 0% | E = R > 1%)": 0.2923076923076923, "P(D = 0% < R <= 1% | E = R > 1%)": 0.4307692307692308, "P(D = R > 1% | E = R > 1%)": 0.23076923076923078}