{"P(D = R < -1% | E = R < -1%)": 0.0, "P(D = -1% <= R <= 0% | E = R < -1%)": 0.1590909090909091, "P(D = 0% < R <= 1% | E = R < -1%)": 0.8409090909090909, "P(D = R > 1% | E = R < -1%)": 0.0, "P(D = R < -1% | E = -1% <= R <= 0%)": 0.0, "P(D = -1% <= R <= 0% | E = -1% <= R <= 0%)": 0.16546762589928057, "P(D = 0% < R <= 1% | E = -1% <= R <= 0%)": 0.8345323741007195, "P(D = R > 1% | E = -1% <= R <= 0%)": 0.0, "P(D = R < -1% | E = 0% < R <= 1%)": 0.0, "P(D = -1% <= R <= 0% | E = 0% < R <= 1%)": 0.12162162162162163, "P(D = 0% < R <= 1% | E = 0% < R <= 1%)": 0.8783783783783784, "P(D = R > 1% | E = 0% < R <= 1%)": 0.0, "P(D = R < -1% | E = R > 1%)": 0.0, "P(D = -1% <= R <= 0% | E = R > 1%)": 0.1917808219178082, "P(D = 0% < R <= 1% | E = R > 1%)": 0.8082191780821918, "P(D = R > 1% | E = R > 1%)": 0.0}