{"P(D = R < -1% | E = R < -1%)": 0.4896694214876033, "P(D = -1% <= R <= 0% | E = R < -1%)": 0.2603305785123967, "P(D = 0% < R <= 1% | E = R < -1%)": 0.0, "P(D = R > 1% | E = R < -1%)": 0.25, "P(D = R < -1% | E = -1% <= R <= 0%)": 0.20659340659340658, "P(D = -1% <= R <= 0% | E = -1% <= R <= 0%)": 0.5868131868131868, "P(D = 0% < R <= 1% | E = -1% <= R <= 0%)": 0.0, "P(D = R > 1% | E = -1% <= R <= 0%)": 0.20659340659340658, "P(D = R < -1% | E = 0% < R <= 1%)": 0.2647058823529412, "P(D = -1% <= R <= 0% | E = 0% < R <= 1%)": 0.25, "P(D = 0% < R <= 1% | E = 0% < R <= 1%)": 0.0, "P(D = R > 1% | E = 0% < R <= 1%)": 0.4852941176470588, "P(D = R < -1% | E = R > 1%)": 0.30148619957537154, "P(D = -1% <= R <= 0% | E = R > 1%)": 0.2653927813163482, "P(D = 0% < R <= 1% | E = R > 1%)": 0.0, "P(D = R > 1% | E = R > 1%)": 0.43312101910828027}