{"P(D = R < -1% | E = R < -1%)": 0.5822784810126582, "P(D = -1% <= R <= 0% | E = R < -1%)": 0.2936708860759494, "P(D = 0% < R <= 1% | E = R < -1%)": 0.0, "P(D = R > 1% | E = R < -1%)": 0.1240506329113924, "P(D = R < -1% | E = -1% <= R <= 0%)": 0.30561330561330563, "P(D = -1% <= R <= 0% | E = -1% <= R <= 0%)": 0.5758835758835759, "P(D = 0% < R <= 1% | E = -1% <= R <= 0%)": 0.0, "P(D = R > 1% | E = -1% <= R <= 0%)": 0.11850311850311851, "P(D = R < -1% | E = 0% < R <= 1%)": 0.5164835164835165, "P(D = -1% <= R <= 0% | E = 0% < R <= 1%)": 0.3131868131868132, "P(D = 0% < R <= 1% | E = 0% < R <= 1%)": 0.0, "P(D = R > 1% | E = 0% < R <= 1%)": 0.17032967032967034, "P(D = R < -1% | E = R > 1%)": 0.4668304668304668, "P(D = -1% <= R <= 0% | E = R > 1%)": 0.35135135135135137, "P(D = 0% < R <= 1% | E = R > 1%)": 0.0, "P(D = R > 1% | E = R > 1%)": 0.18181818181818182}