{"P(D = R < -1% | E = R < -1%)": 0.7291666666666666, "P(D = -1% <= R <= 0% | E = R < -1%)": 0.07291666666666667, "P(D = 0% < R <= 1% | E = R < -1%)": 0.010416666666666666, "P(D = R > 1% | E = R < -1%)": 0.1875, "P(D = R < -1% | E = -1% <= R <= 0%)": 0.47761194029850745, "P(D = -1% <= R <= 0% | E = -1% <= R <= 0%)": 0.13432835820895522, "P(D = 0% < R <= 1% | E = -1% <= R <= 0%)": 0.0, "P(D = R > 1% | E = -1% <= R <= 0%)": 0.3880597014925373, "P(D = R < -1% | E = 0% < R <= 1%)": 0.5833333333333334, "P(D = -1% <= R <= 0% | E = 0% < R <= 1%)": 0.041666666666666664, "P(D = 0% < R <= 1% | E = 0% < R <= 1%)": 0.041666666666666664, "P(D = R > 1% | E = 0% < R <= 1%)": 0.3333333333333333, "P(D = R < -1% | E = R > 1%)": 0.5138888888888888, "P(D = -1% <= R <= 0% | E = R > 1%)": 0.027777777777777776, "P(D = 0% < R <= 1% | E = R > 1%)": 0.0, "P(D = R > 1% | E = R > 1%)": 0.4583333333333333}