{"P(D = R < -1% | E = R < -1%)": 0.2608695652173913, "P(D = -1% <= R <= 0% | E = R < -1%)": 0.43478260869565216, "P(D = 0% < R <= 1% | E = R < -1%)": 0.30434782608695654, "P(D = R > 1% | E = R < -1%)": 0.0, "P(D = R < -1% | E = -1% <= R <= 0%)": 0.03125, "P(D = -1% <= R <= 0% | E = -1% <= R <= 0%)": 0.8177083333333334, "P(D = 0% < R <= 1% | E = -1% <= R <= 0%)": 0.15104166666666666, "P(D = R > 1% | E = -1% <= R <= 0%)": 0.0, "P(D = R < -1% | E = 0% < R <= 1%)": 0.03821656050955414, "P(D = -1% <= R <= 0% | E = 0% < R <= 1%)": 0.6178343949044586, "P(D = 0% < R <= 1% | E = 0% < R <= 1%)": 0.34394904458598724, "P(D = R > 1% | E = 0% < R <= 1%)": 0.0, "P(D = R < -1% | E = R > 1%)": 0.038461538461538464, "P(D = -1% <= R <= 0% | E = R > 1%)": 0.6538461538461539, "P(D = 0% < R <= 1% | E = R > 1%)": 0.3076923076923077, "P(D = R > 1% | E = R > 1%)": 0.0}