{"P(D = R < -1% | E = R < -1%)": 0.021739130434782608, "P(D = -1% <= R <= 0% | E = R < -1%)": 0.7608695652173914, "P(D = 0% < R <= 1% | E = R < -1%)": 0.09239130434782608, "P(D = R > 1% | E = R < -1%)": 0.125, "P(D = R < -1% | E = -1% <= R <= 0%)": 0.00423728813559322, "P(D = -1% <= R <= 0% | E = -1% <= R <= 0%)": 0.8665254237288136, "P(D = 0% < R <= 1% | E = -1% <= R <= 0%)": 0.09322033898305085, "P(D = R > 1% | E = -1% <= R <= 0%)": 0.036016949152542374, "P(D = R < -1% | E = 0% < R <= 1%)": 0.0024271844660194173, "P(D = -1% <= R <= 0% | E = 0% < R <= 1%)": 0.7961165048543689, "P(D = 0% < R <= 1% | E = 0% < R <= 1%)": 0.1553398058252427, "P(D = R > 1% | E = 0% < R <= 1%)": 0.04611650485436893, "P(D = R < -1% | E = R > 1%)": 0.02185792349726776, "P(D = -1% <= R <= 0% | E = R > 1%)": 0.7814207650273224, "P(D = 0% < R <= 1% | E = R > 1%)": 0.08743169398907104, "P(D = R > 1% | E = R > 1%)": 0.1092896174863388}