{"P(D = R < -1% | E = R < -1%)": 0.43820224719101125, "P(D = -1% <= R <= 0% | E = R < -1%)": 0.0056179775280898875, "P(D = 0% < R <= 1% | E = R < -1%)": 0.0, "P(D = R > 1% | E = R < -1%)": 0.5561797752808989, "P(D = R < -1% | E = -1% <= R <= 0%)": 0.35526315789473684, "P(D = -1% <= R <= 0% | E = -1% <= R <= 0%)": 0.013157894736842105, "P(D = 0% < R <= 1% | E = -1% <= R <= 0%)": 0.0, "P(D = R > 1% | E = -1% <= R <= 0%)": 0.631578947368421, "P(D = R < -1% | E = 0% < R <= 1%)": 0.3582089552238806, "P(D = -1% <= R <= 0% | E = 0% < R <= 1%)": 0.0, "P(D = 0% < R <= 1% | E = 0% < R <= 1%)": 0.0, "P(D = R > 1% | E = 0% < R <= 1%)": 0.6417910447761194, "P(D = R < -1% | E = R > 1%)": 0.3105263157894737, "P(D = -1% <= R <= 0% | E = R > 1%)": 0.010526315789473684, "P(D = 0% < R <= 1% | E = R > 1%)": 0.0, "P(D = R > 1% | E = R > 1%)": 0.6789473684210526}