{"P(D = R < -1% | E = R < -1%)": 0.12857142857142856, "P(D = -1% <= R <= 0% | E = R < -1%)": 0.18571428571428572, "P(D = 0% < R <= 1% | E = R < -1%)": 0.6571428571428571, "P(D = R > 1% | E = R < -1%)": 0.02857142857142857, "P(D = R < -1% | E = -1% <= R <= 0%)": 0.033003300330033, "P(D = -1% <= R <= 0% | E = -1% <= R <= 0%)": 0.1485148514851485, "P(D = 0% < R <= 1% | E = -1% <= R <= 0%)": 0.8052805280528053, "P(D = R > 1% | E = -1% <= R <= 0%)": 0.013201320132013201, "P(D = R < -1% | E = 0% < R <= 1%)": 0.0084985835694051, "P(D = -1% <= R <= 0% | E = 0% < R <= 1%)": 0.09631728045325778, "P(D = 0% < R <= 1% | E = 0% < R <= 1%)": 0.8923512747875354, "P(D = R > 1% | E = 0% < R <= 1%)": 0.0028328611898017, "P(D = R < -1% | E = R > 1%)": 0.12121212121212122, "P(D = -1% <= R <= 0% | E = R > 1%)": 0.21212121212121213, "P(D = 0% < R <= 1% | E = R > 1%)": 0.6363636363636364, "P(D = R > 1% | E = R > 1%)": 0.030303030303030304}