{"P(D = R < -1% | E = R < -1%)": 0.16953316953316952, "P(D = -1% <= R <= 0% | E = R < -1%)": 0.7542997542997543, "P(D = 0% < R <= 1% | E = R < -1%)": 0.0, "P(D = R > 1% | E = R < -1%)": 0.07616707616707617, "P(D = R < -1% | E = -1% <= R <= 0%)": 0.08096280087527352, "P(D = -1% <= R <= 0% | E = -1% <= R <= 0%)": 0.8336980306345733, "P(D = 0% < R <= 1% | E = -1% <= R <= 0%)": 0.0, "P(D = R > 1% | E = -1% <= R <= 0%)": 0.08533916849015317, "P(D = R < -1% | E = 0% < R <= 1%)": 0.049079754601226995, "P(D = -1% <= R <= 0% | E = 0% < R <= 1%)": 0.8404907975460123, "P(D = 0% < R <= 1% | E = 0% < R <= 1%)": 0.0, "P(D = R > 1% | E = 0% < R <= 1%)": 0.11042944785276074, "P(D = R < -1% | E = R > 1%)": 0.07481296758104738, "P(D = -1% <= R <= 0% | E = R > 1%)": 0.7556109725685786, "P(D = 0% < R <= 1% | E = R > 1%)": 0.0, "P(D = R > 1% | E = R > 1%)": 0.16957605985037408}