{"P(D = R < -1% | E = R < -1%)": 0.3783783783783784, "P(D = -1% <= R <= 0% | E = R < -1%)": 0.44144144144144143, "P(D = 0% < R <= 1% | E = R < -1%)": 0.0, "P(D = R > 1% | E = R < -1%)": 0.18018018018018017, "P(D = R < -1% | E = -1% <= R <= 0%)": 0.2184873949579832, "P(D = -1% <= R <= 0% | E = -1% <= R <= 0%)": 0.6386554621848739, "P(D = 0% < R <= 1% | E = -1% <= R <= 0%)": 0.0, "P(D = R > 1% | E = -1% <= R <= 0%)": 0.14285714285714285, "P(D = R < -1% | E = 0% < R <= 1%)": 0.3076923076923077, "P(D = -1% <= R <= 0% | E = 0% < R <= 1%)": 0.34615384615384615, "P(D = 0% < R <= 1% | E = 0% < R <= 1%)": 0.0, "P(D = R > 1% | E = 0% < R <= 1%)": 0.34615384615384615, "P(D = R < -1% | E = R > 1%)": 0.14634146341463414, "P(D = -1% <= R <= 0% | E = R > 1%)": 0.32926829268292684, "P(D = 0% < R <= 1% | E = R > 1%)": 0.0, "P(D = R > 1% | E = R > 1%)": 0.524390243902439}