{"P(D = R < -1% | E = R < -1%)": 0.29896907216494845, "P(D = -1% <= R <= 0% | E = R < -1%)": 0.5876288659793815, "P(D = 0% < R <= 1% | E = R < -1%)": 0.0, "P(D = R > 1% | E = R < -1%)": 0.1134020618556701, "P(D = R < -1% | E = -1% <= R <= 0%)": 0.10138248847926268, "P(D = -1% <= R <= 0% | E = -1% <= R <= 0%)": 0.7926267281105991, "P(D = 0% < R <= 1% | E = -1% <= R <= 0%)": 0.004608294930875576, "P(D = R > 1% | E = -1% <= R <= 0%)": 0.10138248847926268, "P(D = R < -1% | E = 0% < R <= 1%)": 0.14285714285714285, "P(D = -1% <= R <= 0% | E = 0% < R <= 1%)": 0.7071428571428572, "P(D = 0% < R <= 1% | E = 0% < R <= 1%)": 0.0, "P(D = R > 1% | E = 0% < R <= 1%)": 0.15, "P(D = R < -1% | E = R > 1%)": 0.06060606060606061, "P(D = -1% <= R <= 0% | E = R > 1%)": 0.5212121212121212, "P(D = 0% < R <= 1% | E = R > 1%)": 0.0, "P(D = R > 1% | E = R > 1%)": 0.41818181818181815}