{"P(D = R < -1% | E = R < -1%)": 0.43243243243243246, "P(D = -1% <= R <= 0% | E = R < -1%)": 0.5, "P(D = 0% < R <= 1% | E = R < -1%)": 0.060810810810810814, "P(D = R > 1% | E = R < -1%)": 0.006756756756756757, "P(D = R < -1% | E = -1% <= R <= 0%)": 0.0995260663507109, "P(D = -1% <= R <= 0% | E = -1% <= R <= 0%)": 0.7345971563981043, "P(D = 0% < R <= 1% | E = -1% <= R <= 0%)": 0.10900473933649289, "P(D = R > 1% | E = -1% <= R <= 0%)": 0.05687203791469194, "P(D = R < -1% | E = 0% < R <= 1%)": 0.07975460122699386, "P(D = -1% <= R <= 0% | E = 0% < R <= 1%)": 0.558282208588957, "P(D = 0% < R <= 1% | E = 0% < R <= 1%)": 0.25153374233128833, "P(D = R > 1% | E = 0% < R <= 1%)": 0.11042944785276074, "P(D = R < -1% | E = R > 1%)": 0.06870229007633588, "P(D = -1% <= R <= 0% | E = R > 1%)": 0.3893129770992366, "P(D = 0% < R <= 1% | E = R > 1%)": 0.24427480916030533, "P(D = R > 1% | E = R > 1%)": 0.29770992366412213}