{"P(D = R < -1% | E = R < -1%)": 0.2257479601087942, "P(D = -1% <= R <= 0% | E = R < -1%)": 0.6618313689936537, "P(D = 0% < R <= 1% | E = R < -1%)": 0.0, "P(D = R > 1% | E = R < -1%)": 0.11242067089755213, "P(D = R < -1% | E = -1% <= R <= 0%)": 0.08778625954198473, "P(D = -1% <= R <= 0% | E = -1% <= R <= 0%)": 0.808206106870229, "P(D = 0% < R <= 1% | E = -1% <= R <= 0%)": 0.0, "P(D = R > 1% | E = -1% <= R <= 0%)": 0.10400763358778627, "P(D = R < -1% | E = 0% < R <= 1%)": 0.09252669039145907, "P(D = -1% <= R <= 0% | E = 0% < R <= 1%)": 0.7846975088967971, "P(D = 0% < R <= 1% | E = 0% < R <= 1%)": 0.0, "P(D = R > 1% | E = 0% < R <= 1%)": 0.12277580071174377, "P(D = R < -1% | E = R > 1%)": 0.1042611060743427, "P(D = -1% <= R <= 0% | E = R > 1%)": 0.6255666364460563, "P(D = 0% < R <= 1% | E = R > 1%)": 0.0, "P(D = R > 1% | E = R > 1%)": 0.2701722574796011}