{"P(D = R < -1% | E = R < -1%)": 0.8721264367816092, "P(D = -1% <= R <= 0% | E = R < -1%)": 0.005747126436781609, "P(D = 0% < R <= 1% | E = R < -1%)": 0.0, "P(D = R > 1% | E = R < -1%)": 0.1221264367816092, "P(D = R < -1% | E = -1% <= R <= 0%)": 0.8969555035128806, "P(D = -1% <= R <= 0% | E = -1% <= R <= 0%)": 0.00234192037470726, "P(D = 0% < R <= 1% | E = -1% <= R <= 0%)": 0.0, "P(D = R > 1% | E = -1% <= R <= 0%)": 0.10070257611241218, "P(D = R < -1% | E = 0% < R <= 1%)": 0.9181034482758621, "P(D = -1% <= R <= 0% | E = 0% < R <= 1%)": 0.0, "P(D = 0% < R <= 1% | E = 0% < R <= 1%)": 0.0, "P(D = R > 1% | E = 0% < R <= 1%)": 0.08189655172413793, "P(D = R < -1% | E = R > 1%)": 0.8067632850241546, "P(D = -1% <= R <= 0% | E = R > 1%)": 0.008051529790660225, "P(D = 0% < R <= 1% | E = R > 1%)": 0.0, "P(D = R > 1% | E = R > 1%)": 0.18518518518518517}