{"P(D = R < -1% | E = R < -1%)": 0.23529411764705882, "P(D = -1% <= R <= 0% | E = R < -1%)": 0.6470588235294118, "P(D = 0% < R <= 1% | E = R < -1%)": 0.058823529411764705, "P(D = R > 1% | E = R < -1%)": 0.058823529411764705, "P(D = R < -1% | E = -1% <= R <= 0%)": 0.05128205128205128, "P(D = -1% <= R <= 0% | E = -1% <= R <= 0%)": 0.8461538461538461, "P(D = 0% < R <= 1% | E = -1% <= R <= 0%)": 0.02564102564102564, "P(D = R > 1% | E = -1% <= R <= 0%)": 0.07692307692307693, "P(D = R < -1% | E = 0% < R <= 1%)": 0.09523809523809523, "P(D = -1% <= R <= 0% | E = 0% < R <= 1%)": 0.3333333333333333, "P(D = 0% < R <= 1% | E = 0% < R <= 1%)": 0.47619047619047616, "P(D = R > 1% | E = 0% < R <= 1%)": 0.09523809523809523, "P(D = R < -1% | E = R > 1%)": 0.058823529411764705, "P(D = -1% <= R <= 0% | E = R > 1%)": 0.4117647058823529, "P(D = 0% < R <= 1% | E = R > 1%)": 0.058823529411764705, "P(D = R > 1% | E = R > 1%)": 0.47058823529411764}