{"P(D = R < -1% | E = R < -1%)": 0.8560606060606061, "P(D = -1% <= R <= 0% | E = R < -1%)": 0.0, "P(D = 0% < R <= 1% | E = R < -1%)": 0.0, "P(D = R > 1% | E = R < -1%)": 0.14393939393939395, "P(D = R < -1% | E = -1% <= R <= 0%)": 0.8571428571428571, "P(D = -1% <= R <= 0% | E = -1% <= R <= 0%)": 0.0, "P(D = 0% < R <= 1% | E = -1% <= R <= 0%)": 0.0, "P(D = R > 1% | E = -1% <= R <= 0%)": 0.14285714285714285, "P(D = R < -1% | E = 0% < R <= 1%)": 0.5882352941176471, "P(D = -1% <= R <= 0% | E = 0% < R <= 1%)": 0.0, "P(D = 0% < R <= 1% | E = 0% < R <= 1%)": 0.0, "P(D = R > 1% | E = 0% < R <= 1%)": 0.4117647058823529, "P(D = R < -1% | E = R > 1%)": 0.7217391304347827, "P(D = -1% <= R <= 0% | E = R > 1%)": 0.0, "P(D = 0% < R <= 1% | E = R > 1%)": 0.0, "P(D = R > 1% | E = R > 1%)": 0.2782608695652174}