{"P(D = R < -1% | E = R < -1%)": 0.0, "P(D = -1% <= R <= 0% | E = R < -1%)": 0.8421052631578947, "P(D = 0% < R <= 1% | E = R < -1%)": 0.15789473684210525, "P(D = R > 1% | E = R < -1%)": 0.0, "P(D = R < -1% | E = -1% <= R <= 0%)": 0.0, "P(D = -1% <= R <= 0% | E = -1% <= R <= 0%)": 0.7513513513513513, "P(D = 0% < R <= 1% | E = -1% <= R <= 0%)": 0.24864864864864866, "P(D = R > 1% | E = -1% <= R <= 0%)": 0.0, "P(D = R < -1% | E = 0% < R <= 1%)": 0.0, "P(D = -1% <= R <= 0% | E = 0% < R <= 1%)": 0.5851851851851851, "P(D = 0% < R <= 1% | E = 0% < R <= 1%)": 0.4148148148148148, "P(D = R > 1% | E = 0% < R <= 1%)": 0.0, "P(D = R < -1% | E = R > 1%)": 0.0, "P(D = -1% <= R <= 0% | E = R > 1%)": 0.625, "P(D = 0% < R <= 1% | E = R > 1%)": 0.375, "P(D = R > 1% | E = R > 1%)": 0.0}