{"P(D = R < -1% | E = R < -1%)": 0.5671641791044776, "P(D = -1% <= R <= 0% | E = R < -1%)": 0.0, "P(D = 0% < R <= 1% | E = R < -1%)": 0.0, "P(D = R > 1% | E = R < -1%)": 0.43283582089552236, "P(D = R < -1% | E = -1% <= R <= 0%)": 0.43243243243243246, "P(D = -1% <= R <= 0% | E = -1% <= R <= 0%)": 0.02702702702702703, "P(D = 0% < R <= 1% | E = -1% <= R <= 0%)": 0.0, "P(D = R > 1% | E = -1% <= R <= 0%)": 0.5405405405405406, "P(D = R < -1% | E = 0% < R <= 1%)": 0.3, "P(D = -1% <= R <= 0% | E = 0% < R <= 1%)": 0.0, "P(D = 0% < R <= 1% | E = 0% < R <= 1%)": 0.0, "P(D = R > 1% | E = 0% < R <= 1%)": 0.7, "P(D = R < -1% | E = R > 1%)": 0.24752475247524752, "P(D = -1% <= R <= 0% | E = R > 1%)": 0.0, "P(D = 0% < R <= 1% | E = R > 1%)": 0.0, "P(D = R > 1% | E = R > 1%)": 0.7524752475247525}