{"P(D = R < -1% | E = R < -1%)": 0.3235294117647059, "P(D = -1% <= R <= 0% | E = R < -1%)": 0.3764705882352941, "P(D = 0% < R <= 1% | E = R < -1%)": 0.023529411764705882, "P(D = R > 1% | E = R < -1%)": 0.27647058823529413, "P(D = R < -1% | E = -1% <= R <= 0%)": 0.10087719298245613, "P(D = -1% <= R <= 0% | E = -1% <= R <= 0%)": 0.6710526315789473, "P(D = 0% < R <= 1% | E = -1% <= R <= 0%)": 0.013157894736842105, "P(D = R > 1% | E = -1% <= R <= 0%)": 0.2149122807017544, "P(D = R < -1% | E = 0% < R <= 1%)": 0.1320754716981132, "P(D = -1% <= R <= 0% | E = 0% < R <= 1%)": 0.5471698113207547, "P(D = 0% < R <= 1% | E = 0% < R <= 1%)": 0.0, "P(D = R > 1% | E = 0% < R <= 1%)": 0.32075471698113206, "P(D = R < -1% | E = R > 1%)": 0.1497005988023952, "P(D = -1% <= R <= 0% | E = R > 1%)": 0.3592814371257485, "P(D = 0% < R <= 1% | E = R > 1%)": 0.011976047904191617, "P(D = R > 1% | E = R > 1%)": 0.47904191616766467}