{"P(D = R < -1% | E = R < -1%)": 0.016666666666666666, "P(D = -1% <= R <= 0% | E = R < -1%)": 0.8333333333333334, "P(D = 0% < R <= 1% | E = R < -1%)": 0.08333333333333333, "P(D = R > 1% | E = R < -1%)": 0.06666666666666667, "P(D = R < -1% | E = -1% <= R <= 0%)": 0.015706806282722512, "P(D = -1% <= R <= 0% | E = -1% <= R <= 0%)": 0.8743455497382199, "P(D = 0% < R <= 1% | E = -1% <= R <= 0%)": 0.06282722513089005, "P(D = R > 1% | E = -1% <= R <= 0%)": 0.04712041884816754, "P(D = R < -1% | E = 0% < R <= 1%)": 0.010638297872340425, "P(D = -1% <= R <= 0% | E = 0% < R <= 1%)": 0.5957446808510638, "P(D = 0% < R <= 1% | E = 0% < R <= 1%)": 0.2765957446808511, "P(D = R > 1% | E = 0% < R <= 1%)": 0.11702127659574468, "P(D = R < -1% | E = R > 1%)": 0.0, "P(D = -1% <= R <= 0% | E = R > 1%)": 0.14035087719298245, "P(D = 0% < R <= 1% | E = R > 1%)": 0.21052631578947367, "P(D = R > 1% | E = R > 1%)": 0.6491228070175439}