{"P(D = R < -1% | E = R < -1%)": 0.125, "P(D = -1% <= R <= 0% | E = R < -1%)": 0.546875, "P(D = 0% < R <= 1% | E = R < -1%)": 0.215625, "P(D = R > 1% | E = R < -1%)": 0.1125, "P(D = R < -1% | E = -1% <= R <= 0%)": 0.0279027902790279, "P(D = -1% <= R <= 0% | E = -1% <= R <= 0%)": 0.7443744374437443, "P(D = 0% < R <= 1% | E = -1% <= R <= 0%)": 0.18901890189018902, "P(D = R > 1% | E = -1% <= R <= 0%)": 0.0387038703870387, "P(D = R < -1% | E = 0% < R <= 1%)": 0.015806111696522657, "P(D = -1% <= R <= 0% | E = 0% < R <= 1%)": 0.7123287671232876, "P(D = 0% < R <= 1% | E = 0% < R <= 1%)": 0.22550052687038988, "P(D = R > 1% | E = 0% < R <= 1%)": 0.04636459430979979, "P(D = R < -1% | E = R > 1%)": 0.04285714285714286, "P(D = -1% <= R <= 0% | E = R > 1%)": 0.4828571428571429, "P(D = 0% < R <= 1% | E = R > 1%)": 0.29714285714285715, "P(D = R > 1% | E = R > 1%)": 0.17714285714285713}