{"P(D = R < -1% | E = R < -1%)": 0.3125, "P(D = -1% <= R <= 0% | E = R < -1%)": 0.6875, "P(D = 0% < R <= 1% | E = R < -1%)": 0.0, "P(D = R > 1% | E = R < -1%)": 0.0, "P(D = R < -1% | E = -1% <= R <= 0%)": 0.05, "P(D = -1% <= R <= 0% | E = -1% <= R <= 0%)": 0.8875, "P(D = 0% < R <= 1% | E = -1% <= R <= 0%)": 0.0375, "P(D = R > 1% | E = -1% <= R <= 0%)": 0.025, "P(D = R < -1% | E = 0% < R <= 1%)": 0.07142857142857142, "P(D = -1% <= R <= 0% | E = 0% < R <= 1%)": 0.7142857142857143, "P(D = 0% < R <= 1% | E = 0% < R <= 1%)": 0.047619047619047616, "P(D = R > 1% | E = 0% < R <= 1%)": 0.16666666666666666, "P(D = R < -1% | E = R > 1%)": 0.023255813953488372, "P(D = -1% <= R <= 0% | E = R > 1%)": 0.7209302325581395, "P(D = 0% < R <= 1% | E = R > 1%)": 0.0, "P(D = R > 1% | E = R > 1%)": 0.2558139534883721}