{"P(D = R < -1% | E = R < -1%)": 0.2269170579029734, "P(D = -1% <= R <= 0% | E = R < -1%)": 0.18231611893583724, "P(D = 0% < R <= 1% | E = R < -1%)": 0.0, "P(D = R > 1% | E = R < -1%)": 0.5907668231611893, "P(D = R < -1% | E = -1% <= R <= 0%)": 0.18435754189944134, "P(D = -1% <= R <= 0% | E = -1% <= R <= 0%)": 0.28731045490822027, "P(D = 0% < R <= 1% | E = -1% <= R <= 0%)": 0.0, "P(D = R > 1% | E = -1% <= R <= 0%)": 0.5283320031923384, "P(D = R < -1% | E = 0% < R <= 1%)": 0.10088495575221239, "P(D = -1% <= R <= 0% | E = 0% < R <= 1%)": 0.0, "P(D = 0% < R <= 1% | E = 0% < R <= 1%)": 0.0, "P(D = R > 1% | E = 0% < R <= 1%)": 0.8991150442477877, "P(D = R < -1% | E = R > 1%)": 0.2228218966846569, "P(D = -1% <= R <= 0% | E = R > 1%)": 0.13878180416345412, "P(D = 0% < R <= 1% | E = R > 1%)": 0.0, "P(D = R > 1% | E = R > 1%)": 0.638396299151889}