{"P(D = R < -1% | E = R < -1%)": 0.19182948490230906, "P(D = -1% <= R <= 0% | E = R < -1%)": 0.7033747779751333, "P(D = 0% < R <= 1% | E = R < -1%)": 0.0, "P(D = R > 1% | E = R < -1%)": 0.10479573712255773, "P(D = R < -1% | E = -1% <= R <= 0%)": 0.05872193436960276, "P(D = -1% <= R <= 0% | E = -1% <= R <= 0%)": 0.8670120898100173, "P(D = 0% < R <= 1% | E = -1% <= R <= 0%)": 0.0, "P(D = R > 1% | E = -1% <= R <= 0%)": 0.07426597582037997, "P(D = R < -1% | E = 0% < R <= 1%)": 0.03859649122807018, "P(D = -1% <= R <= 0% | E = 0% < R <= 1%)": 0.8912280701754386, "P(D = 0% < R <= 1% | E = 0% < R <= 1%)": 0.0, "P(D = R > 1% | E = 0% < R <= 1%)": 0.07017543859649122, "P(D = R < -1% | E = R > 1%)": 0.08660130718954248, "P(D = -1% <= R <= 0% | E = R > 1%)": 0.6388888888888888, "P(D = 0% < R <= 1% | E = R > 1%)": 0.0, "P(D = R > 1% | E = R > 1%)": 0.27450980392156865}