{"P(D = R < -1% | E = R < -1%)": 0.04081632653061224, "P(D = -1% <= R <= 0% | E = R < -1%)": 0.8979591836734694, "P(D = 0% < R <= 1% | E = R < -1%)": 0.0, "P(D = R > 1% | E = R < -1%)": 0.061224489795918366, "P(D = R < -1% | E = -1% <= R <= 0%)": 0.02631578947368421, "P(D = -1% <= R <= 0% | E = -1% <= R <= 0%)": 0.9539473684210527, "P(D = 0% < R <= 1% | E = -1% <= R <= 0%)": 0.0, "P(D = R > 1% | E = -1% <= R <= 0%)": 0.019736842105263157, "P(D = R < -1% | E = 0% < R <= 1%)": 0.0, "P(D = -1% <= R <= 0% | E = 0% < R <= 1%)": 0.95, "P(D = 0% < R <= 1% | E = 0% < R <= 1%)": 0.0, "P(D = R > 1% | E = 0% < R <= 1%)": 0.05, "P(D = R < -1% | E = R > 1%)": 0.011235955056179775, "P(D = -1% <= R <= 0% | E = R > 1%)": 0.8539325842696629, "P(D = 0% < R <= 1% | E = R > 1%)": 0.0, "P(D = R > 1% | E = R > 1%)": 0.1348314606741573}