{"P(D = R < -1% | E = R < -1%)": 0.5094562647754137, "P(D = -1% <= R <= 0% | E = R < -1%)": 0.21749408983451538, "P(D = 0% < R <= 1% | E = R < -1%)": 0.009456264775413711, "P(D = R > 1% | E = R < -1%)": 0.2635933806146572, "P(D = R < -1% | E = -1% <= R <= 0%)": 0.19571045576407506, "P(D = -1% <= R <= 0% | E = -1% <= R <= 0%)": 0.6099195710455764, "P(D = 0% < R <= 1% | E = -1% <= R <= 0%)": 0.004021447721179625, "P(D = R > 1% | E = -1% <= R <= 0%)": 0.1903485254691689, "P(D = R < -1% | E = 0% < R <= 1%)": 0.20816326530612245, "P(D = -1% <= R <= 0% | E = 0% < R <= 1%)": 0.4122448979591837, "P(D = 0% < R <= 1% | E = 0% < R <= 1%)": 0.024489795918367346, "P(D = R > 1% | E = 0% < R <= 1%)": 0.3551020408163265, "P(D = R < -1% | E = R > 1%)": 0.226457399103139, "P(D = -1% <= R <= 0% | E = R > 1%)": 0.2556053811659193, "P(D = 0% < R <= 1% | E = R > 1%)": 0.005605381165919282, "P(D = R > 1% | E = R > 1%)": 0.5123318385650224}