{"P(D = R < -1% | E = R < -1%)": 0.74375, "P(D = -1% <= R <= 0% | E = R < -1%)": 0.0, "P(D = 0% < R <= 1% | E = R < -1%)": 0.008333333333333333, "P(D = R > 1% | E = R < -1%)": 0.24791666666666667, "P(D = R < -1% | E = -1% <= R <= 0%)": 0.7562408223201175, "P(D = -1% <= R <= 0% | E = -1% <= R <= 0%)": 0.0, "P(D = 0% < R <= 1% | E = -1% <= R <= 0%)": 0.007342143906020558, "P(D = R > 1% | E = -1% <= R <= 0%)": 0.23641703377386197, "P(D = R < -1% | E = 0% < R <= 1%)": 0.7397034596375618, "P(D = -1% <= R <= 0% | E = 0% < R <= 1%)": 0.0, "P(D = 0% < R <= 1% | E = 0% < R <= 1%)": 0.013179571663920923, "P(D = R > 1% | E = 0% < R <= 1%)": 0.2471169686985173, "P(D = R < -1% | E = R > 1%)": 0.7198697068403909, "P(D = -1% <= R <= 0% | E = R > 1%)": 0.0, "P(D = 0% < R <= 1% | E = R > 1%)": 0.002171552660152009, "P(D = R > 1% | E = R > 1%)": 0.2779587404994571}