{"P(D = R < -1% | E = R < -1%)": 0.291044776119403, "P(D = -1% <= R <= 0% | E = R < -1%)": 0.0, "P(D = 0% < R <= 1% | E = R < -1%)": 0.5447761194029851, "P(D = R > 1% | E = R < -1%)": 0.16417910447761194, "P(D = R < -1% | E = -1% <= R <= 0%)": 0.15702479338842976, "P(D = -1% <= R <= 0% | E = -1% <= R <= 0%)": 0.008264462809917356, "P(D = 0% < R <= 1% | E = -1% <= R <= 0%)": 0.6528925619834711, "P(D = R > 1% | E = -1% <= R <= 0%)": 0.18181818181818182, "P(D = R < -1% | E = 0% < R <= 1%)": 0.2265625, "P(D = -1% <= R <= 0% | E = 0% < R <= 1%)": 0.0078125, "P(D = 0% < R <= 1% | E = 0% < R <= 1%)": 0.6171875, "P(D = R > 1% | E = 0% < R <= 1%)": 0.1484375, "P(D = R < -1% | E = R > 1%)": 0.11403508771929824, "P(D = -1% <= R <= 0% | E = R > 1%)": 0.0, "P(D = 0% < R <= 1% | E = R > 1%)": 0.5087719298245614, "P(D = R > 1% | E = R > 1%)": 0.37719298245614036}