{"P(D = R < -1% | E = R < -1%)": 0.02702702702702703, "P(D = -1% <= R <= 0% | E = R < -1%)": 0.7364864864864865, "P(D = 0% < R <= 1% | E = R < -1%)": 0.22972972972972974, "P(D = R > 1% | E = R < -1%)": 0.006756756756756757, "P(D = R < -1% | E = -1% <= R <= 0%)": 0.007174887892376682, "P(D = -1% <= R <= 0% | E = -1% <= R <= 0%)": 0.5910313901345291, "P(D = 0% < R <= 1% | E = -1% <= R <= 0%)": 0.3955156950672646, "P(D = R > 1% | E = -1% <= R <= 0%)": 0.006278026905829596, "P(D = R < -1% | E = 0% < R <= 1%)": 0.002997002997002997, "P(D = -1% <= R <= 0% | E = 0% < R <= 1%)": 0.5264735264735265, "P(D = 0% < R <= 1% | E = 0% < R <= 1%)": 0.46853146853146854, "P(D = R > 1% | E = 0% < R <= 1%)": 0.001998001998001998, "P(D = R < -1% | E = R > 1%)": 0.023952095808383235, "P(D = -1% <= R <= 0% | E = R > 1%)": 0.5449101796407185, "P(D = 0% < R <= 1% | E = R > 1%)": 0.38922155688622756, "P(D = R > 1% | E = R > 1%)": 0.041916167664670656}