{"P(D = R < -1% | E = R < -1%)": 0.008928571428571428, "P(D = -1% <= R <= 0% | E = R < -1%)": 0.4375, "P(D = 0% < R <= 1% | E = R < -1%)": 0.41964285714285715, "P(D = R > 1% | E = R < -1%)": 0.13392857142857142, "P(D = R < -1% | E = -1% <= R <= 0%)": 0.0029850746268656717, "P(D = -1% <= R <= 0% | E = -1% <= R <= 0%)": 0.5701492537313433, "P(D = 0% < R <= 1% | E = -1% <= R <= 0%)": 0.4059701492537313, "P(D = R > 1% | E = -1% <= R <= 0%)": 0.020895522388059702, "P(D = R < -1% | E = 0% < R <= 1%)": 0.0, "P(D = -1% <= R <= 0% | E = 0% < R <= 1%)": 0.4161490683229814, "P(D = 0% < R <= 1% | E = 0% < R <= 1%)": 0.5372670807453416, "P(D = R > 1% | E = 0% < R <= 1%)": 0.046583850931677016, "P(D = R < -1% | E = R > 1%)": 0.0, "P(D = -1% <= R <= 0% | E = R > 1%)": 0.19318181818181818, "P(D = 0% < R <= 1% | E = R > 1%)": 0.5227272727272727, "P(D = R > 1% | E = R > 1%)": 0.2840909090909091}