{"P(D = R < -1% | E = R < -1%)": 0.32588699080157685, "P(D = -1% <= R <= 0% | E = R < -1%)": 0.4296977660972405, "P(D = 0% < R <= 1% | E = R < -1%)": 0.0, "P(D = R > 1% | E = R < -1%)": 0.24441524310118265, "P(D = R < -1% | E = -1% <= R <= 0%)": 0.17729393468118196, "P(D = -1% <= R <= 0% | E = -1% <= R <= 0%)": 0.5474339035769828, "P(D = 0% < R <= 1% | E = -1% <= R <= 0%)": 0.0, "P(D = R > 1% | E = -1% <= R <= 0%)": 0.27527216174183516, "P(D = R < -1% | E = 0% < R <= 1%)": 0.19305019305019305, "P(D = -1% <= R <= 0% | E = 0% < R <= 1%)": 0.4864864864864865, "P(D = 0% < R <= 1% | E = 0% < R <= 1%)": 0.0, "P(D = R > 1% | E = 0% < R <= 1%)": 0.3204633204633205, "P(D = R < -1% | E = R > 1%)": 0.14868421052631578, "P(D = -1% <= R <= 0% | E = R > 1%)": 0.35, "P(D = 0% < R <= 1% | E = R > 1%)": 0.0, "P(D = R > 1% | E = R > 1%)": 0.5013157894736842}