{"P(D = R < -1% | E = R < -1%)": 0.1890547263681592, "P(D = -1% <= R <= 0% | E = R < -1%)": 0.4577114427860697, "P(D = 0% < R <= 1% | E = R < -1%)": 0.25870646766169153, "P(D = R > 1% | E = R < -1%)": 0.0945273631840796, "P(D = R < -1% | E = -1% <= R <= 0%)": 0.01984126984126984, "P(D = -1% <= R <= 0% | E = -1% <= R <= 0%)": 0.5257936507936508, "P(D = 0% < R <= 1% | E = -1% <= R <= 0%)": 0.40674603174603174, "P(D = R > 1% | E = -1% <= R <= 0%)": 0.047619047619047616, "P(D = R < -1% | E = 0% < R <= 1%)": 0.01580135440180587, "P(D = -1% <= R <= 0% | E = 0% < R <= 1%)": 0.31376975169300225, "P(D = 0% < R <= 1% | E = 0% < R <= 1%)": 0.6297968397291196, "P(D = R > 1% | E = 0% < R <= 1%)": 0.040632054176072234, "P(D = R < -1% | E = R > 1%)": 0.027932960893854747, "P(D = -1% <= R <= 0% | E = R > 1%)": 0.26256983240223464, "P(D = 0% < R <= 1% | E = R > 1%)": 0.44692737430167595, "P(D = R > 1% | E = R > 1%)": 0.26256983240223464}