{"P(D = R < -1% | E = R < -1%)": 0.25, "P(D = -1% <= R <= 0% | E = R < -1%)": 0.6428571428571429, "P(D = 0% < R <= 1% | E = R < -1%)": 0.10714285714285714, "P(D = R > 1% | E = R < -1%)": 0.0, "P(D = R < -1% | E = -1% <= R <= 0%)": 0.07725321888412018, "P(D = -1% <= R <= 0% | E = -1% <= R <= 0%)": 0.6695278969957081, "P(D = 0% < R <= 1% | E = -1% <= R <= 0%)": 0.2532188841201717, "P(D = R > 1% | E = -1% <= R <= 0%)": 0.0, "P(D = R < -1% | E = 0% < R <= 1%)": 0.05084745762711865, "P(D = -1% <= R <= 0% | E = 0% < R <= 1%)": 0.4858757062146893, "P(D = 0% < R <= 1% | E = 0% < R <= 1%)": 0.4632768361581921, "P(D = R > 1% | E = 0% < R <= 1%)": 0.0, "P(D = R < -1% | E = R > 1%)": 0.08045977011494253, "P(D = -1% <= R <= 0% | E = R > 1%)": 0.5287356321839081, "P(D = 0% < R <= 1% | E = R > 1%)": 0.39080459770114945, "P(D = R > 1% | E = R > 1%)": 0.0}