{"P(D = R < -1% | E = R < -1%)": 0.1377952755905512, "P(D = -1% <= R <= 0% | E = R < -1%)": 0.6673228346456693, "P(D = 0% < R <= 1% | E = R < -1%)": 0.06299212598425197, "P(D = R > 1% | E = R < -1%)": 0.13188976377952755, "P(D = R < -1% | E = -1% <= R <= 0%)": 0.08737864077669903, "P(D = -1% <= R <= 0% | E = -1% <= R <= 0%)": 0.7508090614886731, "P(D = 0% < R <= 1% | E = -1% <= R <= 0%)": 0.05177993527508091, "P(D = R > 1% | E = -1% <= R <= 0%)": 0.11003236245954692, "P(D = R < -1% | E = 0% < R <= 1%)": 0.08422939068100359, "P(D = -1% <= R <= 0% | E = 0% < R <= 1%)": 0.7168458781362007, "P(D = 0% < R <= 1% | E = 0% < R <= 1%)": 0.06989247311827956, "P(D = R > 1% | E = 0% < R <= 1%)": 0.12903225806451613, "P(D = R < -1% | E = R > 1%)": 0.12115384615384615, "P(D = -1% <= R <= 0% | E = R > 1%)": 0.6288461538461538, "P(D = 0% < R <= 1% | E = R > 1%)": 0.05, "P(D = R > 1% | E = R > 1%)": 0.2}