{"P(D = R < -1% | E = R < -1%)": 0.8412698412698413, "P(D = -1% <= R <= 0% | E = R < -1%)": 0.031746031746031744, "P(D = 0% < R <= 1% | E = R < -1%)": 0.0, "P(D = R > 1% | E = R < -1%)": 0.12698412698412698, "P(D = R < -1% | E = -1% <= R <= 0%)": 0.6333333333333333, "P(D = -1% <= R <= 0% | E = -1% <= R <= 0%)": 0.13333333333333333, "P(D = 0% < R <= 1% | E = -1% <= R <= 0%)": 0.0, "P(D = R > 1% | E = -1% <= R <= 0%)": 0.23333333333333334, "P(D = R < -1% | E = 0% < R <= 1%)": 0.6428571428571429, "P(D = -1% <= R <= 0% | E = 0% < R <= 1%)": 0.03571428571428571, "P(D = 0% < R <= 1% | E = 0% < R <= 1%)": 0.0, "P(D = R > 1% | E = 0% < R <= 1%)": 0.32142857142857145, "P(D = R < -1% | E = R > 1%)": 0.54, "P(D = -1% <= R <= 0% | E = R > 1%)": 0.04, "P(D = 0% < R <= 1% | E = R > 1%)": 0.0, "P(D = R > 1% | E = R > 1%)": 0.42}