{"P(D = R < -1% | E = R < -1%)": 0.3442622950819672, "P(D = -1% <= R <= 0% | E = R < -1%)": 0.4672131147540984, "P(D = 0% < R <= 1% | E = R < -1%)": 0.14754098360655737, "P(D = R > 1% | E = R < -1%)": 0.040983606557377046, "P(D = R < -1% | E = -1% <= R <= 0%)": 0.08764940239043825, "P(D = -1% <= R <= 0% | E = -1% <= R <= 0%)": 0.7211155378486056, "P(D = 0% < R <= 1% | E = -1% <= R <= 0%)": 0.12350597609561753, "P(D = R > 1% | E = -1% <= R <= 0%)": 0.06772908366533864, "P(D = R < -1% | E = 0% < R <= 1%)": 0.05527638190954774, "P(D = -1% <= R <= 0% | E = 0% < R <= 1%)": 0.542713567839196, "P(D = 0% < R <= 1% | E = 0% < R <= 1%)": 0.3165829145728643, "P(D = R > 1% | E = 0% < R <= 1%)": 0.08542713567839195, "P(D = R < -1% | E = R > 1%)": 0.07547169811320754, "P(D = -1% <= R <= 0% | E = R > 1%)": 0.39622641509433965, "P(D = 0% < R <= 1% | E = R > 1%)": 0.25471698113207547, "P(D = R > 1% | E = R > 1%)": 0.27358490566037735}