{"P(D = R < -1% | E = R < -1%)": 0.31690140845070425, "P(D = -1% <= R <= 0% | E = R < -1%)": 0.5422535211267606, "P(D = 0% < R <= 1% | E = R < -1%)": 0.08450704225352113, "P(D = R > 1% | E = R < -1%)": 0.056338028169014086, "P(D = R < -1% | E = -1% <= R <= 0%)": 0.09057971014492754, "P(D = -1% <= R <= 0% | E = -1% <= R <= 0%)": 0.75, "P(D = 0% < R <= 1% | E = -1% <= R <= 0%)": 0.12318840579710146, "P(D = R > 1% | E = -1% <= R <= 0%)": 0.036231884057971016, "P(D = R < -1% | E = 0% < R <= 1%)": 0.07425742574257425, "P(D = -1% <= R <= 0% | E = 0% < R <= 1%)": 0.6683168316831684, "P(D = 0% < R <= 1% | E = 0% < R <= 1%)": 0.18316831683168316, "P(D = R > 1% | E = 0% < R <= 1%)": 0.07425742574257425, "P(D = R < -1% | E = R > 1%)": 0.09271523178807947, "P(D = -1% <= R <= 0% | E = R > 1%)": 0.5231788079470199, "P(D = 0% < R <= 1% | E = R > 1%)": 0.17218543046357615, "P(D = R > 1% | E = R > 1%)": 0.2119205298013245}