{"P(D = R < -1% | E = R < -1%)": 0.1232876712328767, "P(D = -1% <= R <= 0% | E = R < -1%)": 0.0547945205479452, "P(D = 0% < R <= 1% | E = R < -1%)": 0.75, "P(D = R > 1% | E = R < -1%)": 0.07191780821917808, "P(D = R < -1% | E = -1% <= R <= 0%)": 0.04060913705583756, "P(D = -1% <= R <= 0% | E = -1% <= R <= 0%)": 0.04060913705583756, "P(D = 0% < R <= 1% | E = -1% <= R <= 0%)": 0.8527918781725888, "P(D = R > 1% | E = -1% <= R <= 0%)": 0.06598984771573604, "P(D = R < -1% | E = 0% < R <= 1%)": 0.0625, "P(D = -1% <= R <= 0% | E = 0% < R <= 1%)": 0.020833333333333332, "P(D = 0% < R <= 1% | E = 0% < R <= 1%)": 0.85, "P(D = R > 1% | E = 0% < R <= 1%)": 0.06666666666666667, "P(D = R < -1% | E = R > 1%)": 0.07339449541284404, "P(D = -1% <= R <= 0% | E = R > 1%)": 0.045871559633027525, "P(D = 0% < R <= 1% | E = R > 1%)": 0.7308868501529052, "P(D = R > 1% | E = R > 1%)": 0.14984709480122324}