{"P(D = R < -1% | E = R < -1%)": 0.35443037974683544, "P(D = -1% <= R <= 0% | E = R < -1%)": 0.5063291139240507, "P(D = 0% < R <= 1% | E = R < -1%)": 0.02531645569620253, "P(D = R > 1% | E = R < -1%)": 0.11392405063291139, "P(D = R < -1% | E = -1% <= R <= 0%)": 0.09022556390977443, "P(D = -1% <= R <= 0% | E = -1% <= R <= 0%)": 0.7518796992481203, "P(D = 0% < R <= 1% | E = -1% <= R <= 0%)": 0.10526315789473684, "P(D = R > 1% | E = -1% <= R <= 0%)": 0.05263157894736842, "P(D = R < -1% | E = 0% < R <= 1%)": 0.0761904761904762, "P(D = -1% <= R <= 0% | E = 0% < R <= 1%)": 0.6190476190476191, "P(D = 0% < R <= 1% | E = 0% < R <= 1%)": 0.24761904761904763, "P(D = R > 1% | E = 0% < R <= 1%)": 0.05714285714285714, "P(D = R < -1% | E = R > 1%)": 0.11666666666666667, "P(D = -1% <= R <= 0% | E = R > 1%)": 0.5666666666666667, "P(D = 0% < R <= 1% | E = R > 1%)": 0.11666666666666667, "P(D = R > 1% | E = R > 1%)": 0.2}