{"P(D = R < -1% | E = R < -1%)": 0.07017543859649122, "P(D = -1% <= R <= 0% | E = R < -1%)": 0.47368421052631576, "P(D = 0% < R <= 1% | E = R < -1%)": 0.38596491228070173, "P(D = R > 1% | E = R < -1%)": 0.07017543859649122, "P(D = R < -1% | E = -1% <= R <= 0%)": 0.0625, "P(D = -1% <= R <= 0% | E = -1% <= R <= 0%)": 0.6666666666666666, "P(D = 0% < R <= 1% | E = -1% <= R <= 0%)": 0.23958333333333334, "P(D = R > 1% | E = -1% <= R <= 0%)": 0.03125, "P(D = R < -1% | E = 0% < R <= 1%)": 0.02912621359223301, "P(D = -1% <= R <= 0% | E = 0% < R <= 1%)": 0.5145631067961165, "P(D = 0% < R <= 1% | E = 0% < R <= 1%)": 0.4174757281553398, "P(D = R > 1% | E = 0% < R <= 1%)": 0.038834951456310676, "P(D = R < -1% | E = R > 1%)": 0.06666666666666667, "P(D = -1% <= R <= 0% | E = R > 1%)": 0.3333333333333333, "P(D = 0% < R <= 1% | E = R > 1%)": 0.35555555555555557, "P(D = R > 1% | E = R > 1%)": 0.24444444444444444}