{"P(D = R < -1% | E = R < -1%)": 0.5655737704918032, "P(D = -1% <= R <= 0% | E = R < -1%)": 0.0, "P(D = 0% < R <= 1% | E = R < -1%)": 0.00819672131147541, "P(D = R > 1% | E = R < -1%)": 0.4262295081967213, "P(D = R < -1% | E = -1% <= R <= 0%)": 0.35185185185185186, "P(D = -1% <= R <= 0% | E = -1% <= R <= 0%)": 0.0, "P(D = 0% < R <= 1% | E = -1% <= R <= 0%)": 0.018518518518518517, "P(D = R > 1% | E = -1% <= R <= 0%)": 0.6296296296296297, "P(D = R < -1% | E = 0% < R <= 1%)": 0.4722222222222222, "P(D = -1% <= R <= 0% | E = 0% < R <= 1%)": 0.0, "P(D = 0% < R <= 1% | E = 0% < R <= 1%)": 0.027777777777777776, "P(D = R > 1% | E = 0% < R <= 1%)": 0.5, "P(D = R < -1% | E = R > 1%)": 0.1565217391304348, "P(D = -1% <= R <= 0% | E = R > 1%)": 0.0, "P(D = 0% < R <= 1% | E = R > 1%)": 0.0, "P(D = R > 1% | E = R > 1%)": 0.8434782608695652}