{"P(D = R < -1% | E = R < -1%)": 0.927536231884058, "P(D = -1% <= R <= 0% | E = R < -1%)": 0.043478260869565216, "P(D = 0% < R <= 1% | E = R < -1%)": 0.0, "P(D = R > 1% | E = R < -1%)": 0.028985507246376812, "P(D = R < -1% | E = -1% <= R <= 0%)": 0.8076923076923077, "P(D = -1% <= R <= 0% | E = -1% <= R <= 0%)": 0.038461538461538464, "P(D = 0% < R <= 1% | E = -1% <= R <= 0%)": 0.0, "P(D = R > 1% | E = -1% <= R <= 0%)": 0.15384615384615385, "P(D = R < -1% | E = 0% < R <= 1%)": 0.9230769230769231, "P(D = -1% <= R <= 0% | E = 0% < R <= 1%)": 0.0, "P(D = 0% < R <= 1% | E = 0% < R <= 1%)": 0.0, "P(D = R > 1% | E = 0% < R <= 1%)": 0.07692307692307693, "P(D = R < -1% | E = R > 1%)": 0.8653846153846154, "P(D = -1% <= R <= 0% | E = R > 1%)": 0.057692307692307696, "P(D = 0% < R <= 1% | E = R > 1%)": 0.0, "P(D = R > 1% | E = R > 1%)": 0.07692307692307693}