{"P(D = R < -1% | E = R < -1%)": 0.4227586206896552, "P(D = -1% <= R <= 0% | E = R < -1%)": 0.27448275862068966, "P(D = 0% < R <= 1% | E = R < -1%)": 0.0, "P(D = R > 1% | E = R < -1%)": 0.3027586206896552, "P(D = R < -1% | E = -1% <= R <= 0%)": 0.3498322147651007, "P(D = -1% <= R <= 0% | E = -1% <= R <= 0%)": 0.3548657718120805, "P(D = 0% < R <= 1% | E = -1% <= R <= 0%)": 0.0, "P(D = R > 1% | E = -1% <= R <= 0%)": 0.2953020134228188, "P(D = R < -1% | E = 0% < R <= 1%)": 0.3148984198645598, "P(D = -1% <= R <= 0% | E = 0% < R <= 1%)": 0.3194130925507901, "P(D = 0% < R <= 1% | E = 0% < R <= 1%)": 0.0, "P(D = R > 1% | E = 0% < R <= 1%)": 0.3656884875846501, "P(D = R < -1% | E = R > 1%)": 0.3414322250639386, "P(D = -1% <= R <= 0% | E = R > 1%)": 0.25, "P(D = 0% < R <= 1% | E = R > 1%)": 0.0, "P(D = R > 1% | E = R > 1%)": 0.4085677749360614}