{"P(D = R < -1% | E = R < -1%)": 0.08387096774193549, "P(D = -1% <= R <= 0% | E = R < -1%)": 0.8064516129032258, "P(D = 0% < R <= 1% | E = R < -1%)": 0.01935483870967742, "P(D = R > 1% | E = R < -1%)": 0.09032258064516129, "P(D = R < -1% | E = -1% <= R <= 0%)": 0.03734439834024896, "P(D = -1% <= R <= 0% | E = -1% <= R <= 0%)": 0.921161825726141, "P(D = 0% < R <= 1% | E = -1% <= R <= 0%)": 0.004149377593360996, "P(D = R > 1% | E = -1% <= R <= 0%)": 0.03734439834024896, "P(D = R < -1% | E = 0% < R <= 1%)": 0.07407407407407407, "P(D = -1% <= R <= 0% | E = 0% < R <= 1%)": 0.8835978835978836, "P(D = 0% < R <= 1% | E = 0% < R <= 1%)": 0.010582010582010581, "P(D = R > 1% | E = 0% < R <= 1%)": 0.031746031746031744, "P(D = R < -1% | E = R > 1%)": 0.07563025210084033, "P(D = -1% <= R <= 0% | E = R > 1%)": 0.7310924369747899, "P(D = 0% < R <= 1% | E = R > 1%)": 0.025210084033613446, "P(D = R > 1% | E = R > 1%)": 0.16806722689075632}