{"P(D = R < -1% | E = R < -1%)": 0.078125, "P(D = -1% <= R <= 0% | E = R < -1%)": 0.6015625, "P(D = 0% < R <= 1% | E = R < -1%)": 0.1875, "P(D = R > 1% | E = R < -1%)": 0.1328125, "P(D = R < -1% | E = -1% <= R <= 0%)": 0.04129793510324484, "P(D = -1% <= R <= 0% | E = -1% <= R <= 0%)": 0.6902654867256637, "P(D = 0% < R <= 1% | E = -1% <= R <= 0%)": 0.22713864306784662, "P(D = R > 1% | E = -1% <= R <= 0%)": 0.04129793510324484, "P(D = R < -1% | E = 0% < R <= 1%)": 0.02181818181818182, "P(D = -1% <= R <= 0% | E = 0% < R <= 1%)": 0.5927272727272728, "P(D = 0% < R <= 1% | E = 0% < R <= 1%)": 0.3090909090909091, "P(D = R > 1% | E = 0% < R <= 1%)": 0.07636363636363637, "P(D = R < -1% | E = R > 1%)": 0.05185185185185185, "P(D = -1% <= R <= 0% | E = R > 1%)": 0.31851851851851853, "P(D = 0% < R <= 1% | E = R > 1%)": 0.37777777777777777, "P(D = R > 1% | E = R > 1%)": 0.2518518518518518}