{"P(D = R < -1% | E = R < -1%)": 0.0670391061452514, "P(D = -1% <= R <= 0% | E = R < -1%)": 0.6815642458100558, "P(D = 0% < R <= 1% | E = R < -1%)": 0.2011173184357542, "P(D = R > 1% | E = R < -1%)": 0.05027932960893855, "P(D = R < -1% | E = -1% <= R <= 0%)": 0.012785388127853882, "P(D = -1% <= R <= 0% | E = -1% <= R <= 0%)": 0.7168949771689498, "P(D = 0% < R <= 1% | E = -1% <= R <= 0%)": 0.25844748858447486, "P(D = R > 1% | E = -1% <= R <= 0%)": 0.011872146118721462, "P(D = R < -1% | E = 0% < R <= 1%)": 0.005122950819672131, "P(D = -1% <= R <= 0% | E = 0% < R <= 1%)": 0.5952868852459017, "P(D = 0% < R <= 1% | E = 0% < R <= 1%)": 0.3831967213114754, "P(D = R > 1% | E = 0% < R <= 1%)": 0.01639344262295082, "P(D = R < -1% | E = R > 1%)": 0.014925373134328358, "P(D = -1% <= R <= 0% | E = R > 1%)": 0.35323383084577115, "P(D = 0% < R <= 1% | E = R > 1%)": 0.47761194029850745, "P(D = R > 1% | E = R > 1%)": 0.15422885572139303}