{"P(D = R < -1% | E = R < -1%)": 0.05263157894736842, "P(D = -1% <= R <= 0% | E = R < -1%)": 0.7894736842105263, "P(D = 0% < R <= 1% | E = R < -1%)": 0.15789473684210525, "P(D = R > 1% | E = R < -1%)": 0.0, "P(D = R < -1% | E = -1% <= R <= 0%)": 0.010752688172043012, "P(D = -1% <= R <= 0% | E = -1% <= R <= 0%)": 0.946236559139785, "P(D = 0% < R <= 1% | E = -1% <= R <= 0%)": 0.021505376344086023, "P(D = R > 1% | E = -1% <= R <= 0%)": 0.021505376344086023, "P(D = R < -1% | E = 0% < R <= 1%)": 0.0, "P(D = -1% <= R <= 0% | E = 0% < R <= 1%)": 0.7936507936507936, "P(D = 0% < R <= 1% | E = 0% < R <= 1%)": 0.1746031746031746, "P(D = R > 1% | E = 0% < R <= 1%)": 0.031746031746031744, "P(D = R < -1% | E = R > 1%)": 0.0, "P(D = -1% <= R <= 0% | E = R > 1%)": 0.46153846153846156, "P(D = 0% < R <= 1% | E = R > 1%)": 0.38461538461538464, "P(D = R > 1% | E = R > 1%)": 0.15384615384615385}