{"P(D = R < -1% | E = R < -1%)": 0.8160377358490566, "P(D = -1% <= R <= 0% | E = R < -1%)": 0.009433962264150943, "P(D = 0% < R <= 1% | E = R < -1%)": 0.0, "P(D = R > 1% | E = R < -1%)": 0.17452830188679244, "P(D = R < -1% | E = -1% <= R <= 0%)": 0.6231884057971014, "P(D = -1% <= R <= 0% | E = -1% <= R <= 0%)": 0.014492753623188406, "P(D = 0% < R <= 1% | E = -1% <= R <= 0%)": 0.0, "P(D = R > 1% | E = -1% <= R <= 0%)": 0.36231884057971014, "P(D = R < -1% | E = 0% < R <= 1%)": 0.7419354838709677, "P(D = -1% <= R <= 0% | E = 0% < R <= 1%)": 0.0, "P(D = 0% < R <= 1% | E = 0% < R <= 1%)": 0.0, "P(D = R > 1% | E = 0% < R <= 1%)": 0.25806451612903225, "P(D = R < -1% | E = R > 1%)": 0.6936416184971098, "P(D = -1% <= R <= 0% | E = R > 1%)": 0.023121387283236993, "P(D = 0% < R <= 1% | E = R > 1%)": 0.0, "P(D = R > 1% | E = R > 1%)": 0.2832369942196532}