{"P(D = R < -1% | E = R < -1%)": 0.22641509433962265, "P(D = -1% <= R <= 0% | E = R < -1%)": 0.24528301886792453, "P(D = 0% < R <= 1% | E = R < -1%)": 0.09433962264150944, "P(D = R > 1% | E = R < -1%)": 0.4339622641509434, "P(D = R < -1% | E = -1% <= R <= 0%)": 0.13043478260869565, "P(D = -1% <= R <= 0% | E = -1% <= R <= 0%)": 0.41304347826086957, "P(D = 0% < R <= 1% | E = -1% <= R <= 0%)": 0.06521739130434782, "P(D = R > 1% | E = -1% <= R <= 0%)": 0.391304347826087, "P(D = R < -1% | E = 0% < R <= 1%)": 0.09433962264150944, "P(D = -1% <= R <= 0% | E = 0% < R <= 1%)": 0.2641509433962264, "P(D = 0% < R <= 1% | E = 0% < R <= 1%)": 0.32075471698113206, "P(D = R > 1% | E = 0% < R <= 1%)": 0.32075471698113206, "P(D = R < -1% | E = R > 1%)": 0.21818181818181817, "P(D = -1% <= R <= 0% | E = R > 1%)": 0.10909090909090909, "P(D = 0% < R <= 1% | E = R > 1%)": 0.09090909090909091, "P(D = R > 1% | E = R > 1%)": 0.5818181818181818}