{"P(D = R < -1% | E = R < -1%)": 0.6403508771929824, "P(D = -1% <= R <= 0% | E = R < -1%)": 0.0, "P(D = 0% < R <= 1% | E = R < -1%)": 0.0, "P(D = R > 1% | E = R < -1%)": 0.35964912280701755, "P(D = R < -1% | E = -1% <= R <= 0%)": 0.3939393939393939, "P(D = -1% <= R <= 0% | E = -1% <= R <= 0%)": 0.030303030303030304, "P(D = 0% < R <= 1% | E = -1% <= R <= 0%)": 0.0, "P(D = R > 1% | E = -1% <= R <= 0%)": 0.5757575757575758, "P(D = R < -1% | E = 0% < R <= 1%)": 0.4666666666666667, "P(D = -1% <= R <= 0% | E = 0% < R <= 1%)": 0.0, "P(D = 0% < R <= 1% | E = 0% < R <= 1%)": 0.0, "P(D = R > 1% | E = 0% < R <= 1%)": 0.5333333333333333, "P(D = R < -1% | E = R > 1%)": 0.3565217391304348, "P(D = -1% <= R <= 0% | E = R > 1%)": 0.0, "P(D = 0% < R <= 1% | E = R > 1%)": 0.0, "P(D = R > 1% | E = R > 1%)": 0.6434782608695652}