{"P(D = R < -1% | E = R < -1%)": 0.2962962962962963, "P(D = -1% <= R <= 0% | E = R < -1%)": 0.6666666666666666, "P(D = 0% < R <= 1% | E = R < -1%)": 0.0, "P(D = R > 1% | E = R < -1%)": 0.037037037037037035, "P(D = R < -1% | E = -1% <= R <= 0%)": 0.07772020725388601, "P(D = -1% <= R <= 0% | E = -1% <= R <= 0%)": 0.8652849740932642, "P(D = 0% < R <= 1% | E = -1% <= R <= 0%)": 0.0, "P(D = R > 1% | E = -1% <= R <= 0%)": 0.05699481865284974, "P(D = R < -1% | E = 0% < R <= 1%)": 0.05319148936170213, "P(D = -1% <= R <= 0% | E = 0% < R <= 1%)": 0.851063829787234, "P(D = 0% < R <= 1% | E = 0% < R <= 1%)": 0.0, "P(D = R > 1% | E = 0% < R <= 1%)": 0.09574468085106383, "P(D = R < -1% | E = R > 1%)": 0.05426356589147287, "P(D = -1% <= R <= 0% | E = R > 1%)": 0.7286821705426356, "P(D = 0% < R <= 1% | E = R > 1%)": 0.0, "P(D = R > 1% | E = R > 1%)": 0.21705426356589147}