{"P(D = R < -1% | E = R < -1%)": 0.2923076923076923, "P(D = -1% <= R <= 0% | E = R < -1%)": 0.6323076923076923, "P(D = 0% < R <= 1% | E = R < -1%)": 0.0, "P(D = R > 1% | E = R < -1%)": 0.07538461538461538, "P(D = R < -1% | E = -1% <= R <= 0%)": 0.12639405204460966, "P(D = -1% <= R <= 0% | E = -1% <= R <= 0%)": 0.8079306071871127, "P(D = 0% < R <= 1% | E = -1% <= R <= 0%)": 0.0, "P(D = R > 1% | E = -1% <= R <= 0%)": 0.06567534076827757, "P(D = R < -1% | E = 0% < R <= 1%)": 0.07627118644067797, "P(D = -1% <= R <= 0% | E = 0% < R <= 1%)": 0.8389830508474576, "P(D = 0% < R <= 1% | E = 0% < R <= 1%)": 0.0, "P(D = R > 1% | E = 0% < R <= 1%)": 0.0847457627118644, "P(D = R < -1% | E = R > 1%)": 0.1182053494391717, "P(D = -1% <= R <= 0% | E = R > 1%)": 0.7420189818809318, "P(D = 0% < R <= 1% | E = R > 1%)": 0.0, "P(D = R > 1% | E = R > 1%)": 0.13977566867989646}