{"P(D = R < -1% | E = R < -1%)": 0.7894736842105263, "P(D = -1% <= R <= 0% | E = R < -1%)": 0.0, "P(D = 0% < R <= 1% | E = R < -1%)": 0.0, "P(D = R > 1% | E = R < -1%)": 0.21052631578947367, "P(D = R < -1% | E = -1% <= R <= 0%)": 0.7067448680351907, "P(D = -1% <= R <= 0% | E = -1% <= R <= 0%)": 0.0, "P(D = 0% < R <= 1% | E = -1% <= R <= 0%)": 0.0, "P(D = R > 1% | E = -1% <= R <= 0%)": 0.2932551319648094, "P(D = R < -1% | E = 0% < R <= 1%)": 0.7055214723926381, "P(D = -1% <= R <= 0% | E = 0% < R <= 1%)": 0.0, "P(D = 0% < R <= 1% | E = 0% < R <= 1%)": 0.006134969325153374, "P(D = R > 1% | E = 0% < R <= 1%)": 0.2883435582822086, "P(D = R < -1% | E = R > 1%)": 0.6632522407170295, "P(D = -1% <= R <= 0% | E = R > 1%)": 0.0, "P(D = 0% < R <= 1% | E = R > 1%)": 0.0, "P(D = R > 1% | E = R > 1%)": 0.33674775928297057}