{"P(D = R < -1% | E = R < -1%)": 0.5343511450381679, "P(D = -1% <= R <= 0% | E = R < -1%)": 0.1450381679389313, "P(D = 0% < R <= 1% | E = R < -1%)": 0.0, "P(D = R > 1% | E = R < -1%)": 0.32061068702290074, "P(D = R < -1% | E = -1% <= R <= 0%)": 0.3486238532110092, "P(D = -1% <= R <= 0% | E = -1% <= R <= 0%)": 0.26605504587155965, "P(D = 0% < R <= 1% | E = -1% <= R <= 0%)": 0.0, "P(D = R > 1% | E = -1% <= R <= 0%)": 0.3853211009174312, "P(D = R < -1% | E = 0% < R <= 1%)": 0.2857142857142857, "P(D = -1% <= R <= 0% | E = 0% < R <= 1%)": 0.14285714285714285, "P(D = 0% < R <= 1% | E = 0% < R <= 1%)": 0.0, "P(D = R > 1% | E = 0% < R <= 1%)": 0.5714285714285714, "P(D = R < -1% | E = R > 1%)": 0.15328467153284672, "P(D = -1% <= R <= 0% | E = R > 1%)": 0.10218978102189781, "P(D = 0% < R <= 1% | E = R > 1%)": 0.0072992700729927005, "P(D = R > 1% | E = R > 1%)": 0.7372262773722628}