{"P(D = R < -1% | E = R < -1%)": 0.6666666666666666, "P(D = -1% <= R <= 0% | E = R < -1%)": 0.023809523809523808, "P(D = 0% < R <= 1% | E = R < -1%)": 0.0, "P(D = R > 1% | E = R < -1%)": 0.30952380952380953, "P(D = R < -1% | E = -1% <= R <= 0%)": 0.5540540540540541, "P(D = -1% <= R <= 0% | E = -1% <= R <= 0%)": 0.013513513513513514, "P(D = 0% < R <= 1% | E = -1% <= R <= 0%)": 0.0, "P(D = R > 1% | E = -1% <= R <= 0%)": 0.43243243243243246, "P(D = R < -1% | E = 0% < R <= 1%)": 0.6056338028169014, "P(D = -1% <= R <= 0% | E = 0% < R <= 1%)": 0.014084507042253521, "P(D = 0% < R <= 1% | E = 0% < R <= 1%)": 0.0, "P(D = R > 1% | E = 0% < R <= 1%)": 0.38028169014084506, "P(D = R < -1% | E = R > 1%)": 0.518796992481203, "P(D = -1% <= R <= 0% | E = R > 1%)": 0.007518796992481203, "P(D = 0% < R <= 1% | E = R > 1%)": 0.0, "P(D = R > 1% | E = R > 1%)": 0.47368421052631576}