{"P(D = R < -1% | E = R < -1%)": 0.22666666666666666, "P(D = -1% <= R <= 0% | E = R < -1%)": 0.72, "P(D = 0% < R <= 1% | E = R < -1%)": 0.0, "P(D = R > 1% | E = R < -1%)": 0.05333333333333334, "P(D = R < -1% | E = -1% <= R <= 0%)": 0.0967741935483871, "P(D = -1% <= R <= 0% | E = -1% <= R <= 0%)": 0.8817204301075269, "P(D = 0% < R <= 1% | E = -1% <= R <= 0%)": 0.0, "P(D = R > 1% | E = -1% <= R <= 0%)": 0.021505376344086023, "P(D = R < -1% | E = 0% < R <= 1%)": 0.16363636363636364, "P(D = -1% <= R <= 0% | E = 0% < R <= 1%)": 0.7818181818181819, "P(D = 0% < R <= 1% | E = 0% < R <= 1%)": 0.0, "P(D = R > 1% | E = 0% < R <= 1%)": 0.05454545454545454, "P(D = R < -1% | E = R > 1%)": 0.1323529411764706, "P(D = -1% <= R <= 0% | E = R > 1%)": 0.75, "P(D = 0% < R <= 1% | E = R > 1%)": 0.0, "P(D = R > 1% | E = R > 1%)": 0.11764705882352941}