{"P(D = R < -1% | E = R < -1%)": 0.2854889589905363, "P(D = -1% <= R <= 0% | E = R < -1%)": 0.29652996845425866, "P(D = 0% < R <= 1% | E = R < -1%)": 0.3138801261829653, "P(D = R > 1% | E = R < -1%)": 0.10410094637223975, "P(D = R < -1% | E = -1% <= R <= 0%)": 0.1716171617161716, "P(D = -1% <= R <= 0% | E = -1% <= R <= 0%)": 0.4521452145214521, "P(D = 0% < R <= 1% | E = -1% <= R <= 0%)": 0.29207920792079206, "P(D = R > 1% | E = -1% <= R <= 0%)": 0.08415841584158416, "P(D = R < -1% | E = 0% < R <= 1%)": 0.17480314960629922, "P(D = -1% <= R <= 0% | E = 0% < R <= 1%)": 0.3921259842519685, "P(D = 0% < R <= 1% | E = 0% < R <= 1%)": 0.33858267716535434, "P(D = R > 1% | E = 0% < R <= 1%)": 0.09448818897637795, "P(D = R < -1% | E = R > 1%)": 0.19596541786743515, "P(D = -1% <= R <= 0% | E = R > 1%)": 0.33861671469740634, "P(D = 0% < R <= 1% | E = R > 1%)": 0.2737752161383285, "P(D = R > 1% | E = R > 1%)": 0.19164265129682997}