{"P(D = R < -1% | E = R < -1%)": 0.146875, "P(D = -1% <= R <= 0% | E = R < -1%)": 0.68125, "P(D = 0% < R <= 1% | E = R < -1%)": 0.171875, "P(D = R > 1% | E = R < -1%)": 0.0, "P(D = R < -1% | E = -1% <= R <= 0%)": 0.038537549407114624, "P(D = -1% <= R <= 0% | E = -1% <= R <= 0%)": 0.8656126482213439, "P(D = 0% < R <= 1% | E = -1% <= R <= 0%)": 0.0958498023715415, "P(D = R > 1% | E = -1% <= R <= 0%)": 0.0, "P(D = R < -1% | E = 0% < R <= 1%)": 0.048478015783540024, "P(D = -1% <= R <= 0% | E = 0% < R <= 1%)": 0.8027057497181511, "P(D = 0% < R <= 1% | E = 0% < R <= 1%)": 0.1488162344983089, "P(D = R > 1% | E = 0% < R <= 1%)": 0.0, "P(D = R < -1% | E = R > 1%)": 0.11326860841423948, "P(D = -1% <= R <= 0% | E = R > 1%)": 0.7087378640776699, "P(D = 0% < R <= 1% | E = R > 1%)": 0.1779935275080906, "P(D = R > 1% | E = R > 1%)": 0.0}