{"P(D = R < -1% | E = R < -1%)": 0.2692307692307692, "P(D = -1% <= R <= 0% | E = R < -1%)": 0.6025641025641025, "P(D = 0% < R <= 1% | E = R < -1%)": 0.0641025641025641, "P(D = R > 1% | E = R < -1%)": 0.0641025641025641, "P(D = R < -1% | E = -1% <= R <= 0%)": 0.06060606060606061, "P(D = -1% <= R <= 0% | E = -1% <= R <= 0%)": 0.7359307359307359, "P(D = 0% < R <= 1% | E = -1% <= R <= 0%)": 0.1471861471861472, "P(D = R > 1% | E = -1% <= R <= 0%)": 0.05627705627705628, "P(D = R < -1% | E = 0% < R <= 1%)": 0.0546448087431694, "P(D = -1% <= R <= 0% | E = 0% < R <= 1%)": 0.5901639344262295, "P(D = 0% < R <= 1% | E = 0% < R <= 1%)": 0.2786885245901639, "P(D = R > 1% | E = 0% < R <= 1%)": 0.07650273224043716, "P(D = R < -1% | E = R > 1%)": 0.041666666666666664, "P(D = -1% <= R <= 0% | E = R > 1%)": 0.4166666666666667, "P(D = 0% < R <= 1% | E = R > 1%)": 0.2916666666666667, "P(D = R > 1% | E = R > 1%)": 0.25}