{"P(D = R < -1% | E = R < -1%)": 0.8560606060606061, "P(D = -1% <= R <= 0% | E = R < -1%)": 0.0, "P(D = 0% < R <= 1% | E = R < -1%)": 0.0, "P(D = R > 1% | E = R < -1%)": 0.14393939393939395, "P(D = R < -1% | E = -1% <= R <= 0%)": 0.8604651162790697, "P(D = -1% <= R <= 0% | E = -1% <= R <= 0%)": 0.0, "P(D = 0% < R <= 1% | E = -1% <= R <= 0%)": 0.0, "P(D = R > 1% | E = -1% <= R <= 0%)": 0.13953488372093023, "P(D = R < -1% | E = 0% < R <= 1%)": 0.7837837837837838, "P(D = -1% <= R <= 0% | E = 0% < R <= 1%)": 0.0, "P(D = 0% < R <= 1% | E = 0% < R <= 1%)": 0.05405405405405406, "P(D = R > 1% | E = 0% < R <= 1%)": 0.16216216216216217, "P(D = R < -1% | E = R > 1%)": 0.7345132743362832, "P(D = -1% <= R <= 0% | E = R > 1%)": 0.0, "P(D = 0% < R <= 1% | E = R > 1%)": 0.02654867256637168, "P(D = R > 1% | E = R > 1%)": 0.23893805309734514}