{"P(D = R < -1% | E = R < -1%)": 0.3380281690140845, "P(D = -1% <= R <= 0% | E = R < -1%)": 0.4535211267605634, "P(D = 0% < R <= 1% | E = R < -1%)": 0.005633802816901409, "P(D = R > 1% | E = R < -1%)": 0.2028169014084507, "P(D = R < -1% | E = -1% <= R <= 0%)": 0.20441988950276244, "P(D = -1% <= R <= 0% | E = -1% <= R <= 0%)": 0.5524861878453039, "P(D = 0% < R <= 1% | E = -1% <= R <= 0%)": 0.0055248618784530384, "P(D = R > 1% | E = -1% <= R <= 0%)": 0.23756906077348067, "P(D = R < -1% | E = 0% < R <= 1%)": 0.19594594594594594, "P(D = -1% <= R <= 0% | E = 0% < R <= 1%)": 0.35135135135135137, "P(D = 0% < R <= 1% | E = 0% < R <= 1%)": 0.013513513513513514, "P(D = R > 1% | E = 0% < R <= 1%)": 0.4391891891891892, "P(D = R < -1% | E = R > 1%)": 0.11653116531165311, "P(D = -1% <= R <= 0% | E = R > 1%)": 0.2926829268292683, "P(D = 0% < R <= 1% | E = R > 1%)": 0.0027100271002710027, "P(D = R > 1% | E = R > 1%)": 0.5880758807588076}