{"P(D = R < -1% | E = R < -1%)": 0.3984375, "P(D = -1% <= R <= 0% | E = R < -1%)": 0.1328125, "P(D = 0% < R <= 1% | E = R < -1%)": 0.046875, "P(D = R > 1% | E = R < -1%)": 0.421875, "P(D = R < -1% | E = -1% <= R <= 0%)": 0.2079207920792079, "P(D = -1% <= R <= 0% | E = -1% <= R <= 0%)": 0.297029702970297, "P(D = 0% < R <= 1% | E = -1% <= R <= 0%)": 0.06930693069306931, "P(D = R > 1% | E = -1% <= R <= 0%)": 0.42574257425742573, "P(D = R < -1% | E = 0% < R <= 1%)": 0.11363636363636363, "P(D = -1% <= R <= 0% | E = 0% < R <= 1%)": 0.25, "P(D = 0% < R <= 1% | E = 0% < R <= 1%)": 0.18181818181818182, "P(D = R > 1% | E = 0% < R <= 1%)": 0.45454545454545453, "P(D = R < -1% | E = R > 1%)": 0.24770642201834864, "P(D = -1% <= R <= 0% | E = R > 1%)": 0.08256880733944955, "P(D = 0% < R <= 1% | E = R > 1%)": 0.045871559633027525, "P(D = R > 1% | E = R > 1%)": 0.6238532110091743}