{"P(D = R < -1% | E = R < -1%)": 0.25925925925925924, "P(D = -1% <= R <= 0% | E = R < -1%)": 0.6296296296296297, "P(D = 0% < R <= 1% | E = R < -1%)": 0.07407407407407407, "P(D = R > 1% | E = R < -1%)": 0.037037037037037035, "P(D = R < -1% | E = -1% <= R <= 0%)": 0.009900990099009901, "P(D = -1% <= R <= 0% | E = -1% <= R <= 0%)": 0.9306930693069307, "P(D = 0% < R <= 1% | E = -1% <= R <= 0%)": 0.0297029702970297, "P(D = R > 1% | E = -1% <= R <= 0%)": 0.0297029702970297, "P(D = R < -1% | E = 0% < R <= 1%)": 0.015151515151515152, "P(D = -1% <= R <= 0% | E = 0% < R <= 1%)": 0.8181818181818182, "P(D = 0% < R <= 1% | E = 0% < R <= 1%)": 0.09090909090909091, "P(D = R > 1% | E = 0% < R <= 1%)": 0.07575757575757576, "P(D = R < -1% | E = R > 1%)": 0.04, "P(D = -1% <= R <= 0% | E = R > 1%)": 0.44, "P(D = 0% < R <= 1% | E = R > 1%)": 0.36, "P(D = R > 1% | E = R > 1%)": 0.16}