{"P(D = R < -1% | E = R < -1%)": 0.14923469387755103, "P(D = -1% <= R <= 0% | E = R < -1%)": 0.5663265306122449, "P(D = 0% < R <= 1% | E = R < -1%)": 0.20790816326530612, "P(D = R > 1% | E = R < -1%)": 0.07653061224489796, "P(D = R < -1% | E = -1% <= R <= 0%)": 0.08179723502304148, "P(D = -1% <= R <= 0% | E = -1% <= R <= 0%)": 0.6670506912442397, "P(D = 0% < R <= 1% | E = -1% <= R <= 0%)": 0.18778801843317972, "P(D = R > 1% | E = -1% <= R <= 0%)": 0.06336405529953917, "P(D = R < -1% | E = 0% < R <= 1%)": 0.06566820276497695, "P(D = -1% <= R <= 0% | E = 0% < R <= 1%)": 0.6244239631336406, "P(D = 0% < R <= 1% | E = 0% < R <= 1%)": 0.22119815668202766, "P(D = R > 1% | E = 0% < R <= 1%)": 0.08870967741935484, "P(D = R < -1% | E = R > 1%)": 0.12327044025157233, "P(D = -1% <= R <= 0% | E = R > 1%)": 0.5283018867924528, "P(D = 0% < R <= 1% | E = R > 1%)": 0.22138364779874214, "P(D = R > 1% | E = R > 1%)": 0.1270440251572327}