{"P(D = R < -1% | E = R < -1%)": 0.5815899581589958, "P(D = -1% <= R <= 0% | E = R < -1%)": 0.0, "P(D = 0% < R <= 1% | E = R < -1%)": 0.008368200836820083, "P(D = R > 1% | E = R < -1%)": 0.4100418410041841, "P(D = R < -1% | E = -1% <= R <= 0%)": 0.45038167938931295, "P(D = -1% <= R <= 0% | E = -1% <= R <= 0%)": 0.0, "P(D = 0% < R <= 1% | E = -1% <= R <= 0%)": 0.0, "P(D = R > 1% | E = -1% <= R <= 0%)": 0.549618320610687, "P(D = R < -1% | E = 0% < R <= 1%)": 0.453125, "P(D = -1% <= R <= 0% | E = 0% < R <= 1%)": 0.0, "P(D = 0% < R <= 1% | E = 0% < R <= 1%)": 0.015625, "P(D = R > 1% | E = 0% < R <= 1%)": 0.53125, "P(D = R < -1% | E = R > 1%)": 0.35271317829457366, "P(D = -1% <= R <= 0% | E = R > 1%)": 0.0, "P(D = 0% < R <= 1% | E = R > 1%)": 0.0, "P(D = R > 1% | E = R > 1%)": 0.6472868217054264}