{"P(D = R < -1% | E = R < -1%)": 0.3409247757073844, "P(D = -1% <= R <= 0% | E = R < -1%)": 0.33747412008281574, "P(D = 0% < R <= 1% | E = R < -1%)": 0.0, "P(D = R > 1% | E = R < -1%)": 0.32160110420979987, "P(D = R < -1% | E = -1% <= R <= 0%)": 0.23906408952187183, "P(D = -1% <= R <= 0% | E = -1% <= R <= 0%)": 0.49847405900305186, "P(D = 0% < R <= 1% | E = -1% <= R <= 0%)": 0.0, "P(D = R > 1% | E = -1% <= R <= 0%)": 0.2624618514750763, "P(D = R < -1% | E = 0% < R <= 1%)": 0.20689655172413793, "P(D = -1% <= R <= 0% | E = 0% < R <= 1%)": 0.44283121597096187, "P(D = 0% < R <= 1% | E = 0% < R <= 1%)": 0.0, "P(D = R > 1% | E = 0% < R <= 1%)": 0.3502722323049002, "P(D = R < -1% | E = R > 1%)": 0.22835195530726257, "P(D = -1% <= R <= 0% | E = R > 1%)": 0.3233240223463687, "P(D = 0% < R <= 1% | E = R > 1%)": 0.0, "P(D = R > 1% | E = R > 1%)": 0.4483240223463687}