{"P(D = R < -1% | E = R < -1%)": 0.0784313725490196, "P(D = -1% <= R <= 0% | E = R < -1%)": 0.6078431372549019, "P(D = 0% < R <= 1% | E = R < -1%)": 0.27450980392156865, "P(D = R > 1% | E = R < -1%)": 0.0392156862745098, "P(D = R < -1% | E = -1% <= R <= 0%)": 0.02531645569620253, "P(D = -1% <= R <= 0% | E = -1% <= R <= 0%)": 0.8227848101265823, "P(D = 0% < R <= 1% | E = -1% <= R <= 0%)": 0.12658227848101267, "P(D = R > 1% | E = -1% <= R <= 0%)": 0.02531645569620253, "P(D = R < -1% | E = 0% < R <= 1%)": 0.009009009009009009, "P(D = -1% <= R <= 0% | E = 0% < R <= 1%)": 0.7027027027027027, "P(D = 0% < R <= 1% | E = 0% < R <= 1%)": 0.2702702702702703, "P(D = R > 1% | E = 0% < R <= 1%)": 0.018018018018018018, "P(D = R < -1% | E = R > 1%)": 0.06521739130434782, "P(D = -1% <= R <= 0% | E = R > 1%)": 0.6739130434782609, "P(D = 0% < R <= 1% | E = R > 1%)": 0.1956521739130435, "P(D = R > 1% | E = R > 1%)": 0.06521739130434782}