{"P(D = R < -1% | E = R < -1%)": 0.21621621621621623, "P(D = -1% <= R <= 0% | E = R < -1%)": 0.6351351351351351, "P(D = 0% < R <= 1% | E = R < -1%)": 0.04054054054054054, "P(D = R > 1% | E = R < -1%)": 0.10810810810810811, "P(D = R < -1% | E = -1% <= R <= 0%)": 0.09900990099009901, "P(D = -1% <= R <= 0% | E = -1% <= R <= 0%)": 0.7722772277227723, "P(D = 0% < R <= 1% | E = -1% <= R <= 0%)": 0.04455445544554455, "P(D = R > 1% | E = -1% <= R <= 0%)": 0.08415841584158416, "P(D = R < -1% | E = 0% < R <= 1%)": 0.12037037037037036, "P(D = -1% <= R <= 0% | E = 0% < R <= 1%)": 0.6481481481481481, "P(D = 0% < R <= 1% | E = 0% < R <= 1%)": 0.12037037037037036, "P(D = R > 1% | E = 0% < R <= 1%)": 0.1111111111111111, "P(D = R < -1% | E = R > 1%)": 0.10067114093959731, "P(D = -1% <= R <= 0% | E = R > 1%)": 0.46308724832214765, "P(D = 0% < R <= 1% | E = R > 1%)": 0.040268456375838924, "P(D = R > 1% | E = R > 1%)": 0.3959731543624161}