{"P(D = R < -1% | E = R < -1%)": 0.7857142857142857, "P(D = -1% <= R <= 0% | E = R < -1%)": 0.0, "P(D = 0% < R <= 1% | E = R < -1%)": 0.01948051948051948, "P(D = R > 1% | E = R < -1%)": 0.19480519480519481, "P(D = R < -1% | E = -1% <= R <= 0%)": 0.8181818181818182, "P(D = -1% <= R <= 0% | E = -1% <= R <= 0%)": 0.0, "P(D = 0% < R <= 1% | E = -1% <= R <= 0%)": 0.0, "P(D = R > 1% | E = -1% <= R <= 0%)": 0.18181818181818182, "P(D = R < -1% | E = 0% < R <= 1%)": 0.765625, "P(D = -1% <= R <= 0% | E = 0% < R <= 1%)": 0.0, "P(D = 0% < R <= 1% | E = 0% < R <= 1%)": 0.0625, "P(D = R > 1% | E = 0% < R <= 1%)": 0.171875, "P(D = R < -1% | E = R > 1%)": 0.6293103448275862, "P(D = -1% <= R <= 0% | E = R > 1%)": 0.0, "P(D = 0% < R <= 1% | E = R > 1%)": 0.017241379310344827, "P(D = R > 1% | E = R > 1%)": 0.35344827586206895}