{"P(D = R < -1% | E = R < -1%)": 0.1871345029239766, "P(D = -1% <= R <= 0% | E = R < -1%)": 0.6783625730994152, "P(D = 0% < R <= 1% | E = R < -1%)": 0.05847953216374269, "P(D = R > 1% | E = R < -1%)": 0.07602339181286549, "P(D = R < -1% | E = -1% <= R <= 0%)": 0.043343653250773995, "P(D = -1% <= R <= 0% | E = -1% <= R <= 0%)": 0.8359133126934984, "P(D = 0% < R <= 1% | E = -1% <= R <= 0%)": 0.058823529411764705, "P(D = R > 1% | E = -1% <= R <= 0%)": 0.06191950464396285, "P(D = R < -1% | E = 0% < R <= 1%)": 0.025423728813559324, "P(D = -1% <= R <= 0% | E = 0% < R <= 1%)": 0.8432203389830508, "P(D = 0% < R <= 1% | E = 0% < R <= 1%)": 0.0635593220338983, "P(D = R > 1% | E = 0% < R <= 1%)": 0.06779661016949153, "P(D = R < -1% | E = R > 1%)": 0.07058823529411765, "P(D = -1% <= R <= 0% | E = R > 1%)": 0.6529411764705882, "P(D = 0% < R <= 1% | E = R > 1%)": 0.058823529411764705, "P(D = R > 1% | E = R > 1%)": 0.21764705882352942}