{"P(D = R < -1% | E = R < -1%)": 0.0, "P(D = -1% <= R <= 0% | E = R < -1%)": 0.5315315315315315, "P(D = 0% < R <= 1% | E = R < -1%)": 0.3963963963963964, "P(D = R > 1% | E = R < -1%)": 0.07207207207207207, "P(D = R < -1% | E = -1% <= R <= 0%)": 0.0, "P(D = -1% <= R <= 0% | E = -1% <= R <= 0%)": 0.6929824561403509, "P(D = 0% < R <= 1% | E = -1% <= R <= 0%)": 0.27631578947368424, "P(D = R > 1% | E = -1% <= R <= 0%)": 0.03070175438596491, "P(D = R < -1% | E = 0% < R <= 1%)": 0.0, "P(D = -1% <= R <= 0% | E = 0% < R <= 1%)": 0.5704057279236276, "P(D = 0% < R <= 1% | E = 0% < R <= 1%)": 0.4009546539379475, "P(D = R > 1% | E = 0% < R <= 1%)": 0.028639618138424822, "P(D = R < -1% | E = R > 1%)": 0.0, "P(D = -1% <= R <= 0% | E = R > 1%)": 0.4473684210526316, "P(D = 0% < R <= 1% | E = R > 1%)": 0.4298245614035088, "P(D = R > 1% | E = R > 1%)": 0.12280701754385964}