{"P(D = R < -1% | E = R < -1%)": 0.3188284518828452, "P(D = -1% <= R <= 0% | E = R < -1%)": 0.3757322175732218, "P(D = 0% < R <= 1% | E = R < -1%)": 0.1196652719665272, "P(D = R > 1% | E = R < -1%)": 0.18577405857740587, "P(D = R < -1% | E = -1% <= R <= 0%)": 0.1688055281342547, "P(D = -1% <= R <= 0% | E = -1% <= R <= 0%)": 0.49259624876604147, "P(D = 0% < R <= 1% | E = -1% <= R <= 0%)": 0.13524185587364265, "P(D = R > 1% | E = -1% <= R <= 0%)": 0.2033563672260612, "P(D = R < -1% | E = 0% < R <= 1%)": 0.12345679012345678, "P(D = -1% <= R <= 0% | E = 0% < R <= 1%)": 0.4825102880658436, "P(D = 0% < R <= 1% | E = 0% < R <= 1%)": 0.1697530864197531, "P(D = R > 1% | E = 0% < R <= 1%)": 0.2242798353909465, "P(D = R < -1% | E = R > 1%)": 0.15251572327044025, "P(D = -1% <= R <= 0% | E = R > 1%)": 0.3443396226415094, "P(D = 0% < R <= 1% | E = R > 1%)": 0.12185534591194969, "P(D = R > 1% | E = R > 1%)": 0.3812893081761006}