{"P(D = R < -1% | E = R < -1%)": 0.15966386554621848, "P(D = -1% <= R <= 0% | E = R < -1%)": 0.4411764705882353, "P(D = 0% < R <= 1% | E = R < -1%)": 0.3025210084033613, "P(D = R > 1% | E = R < -1%)": 0.09663865546218488, "P(D = R < -1% | E = -1% <= R <= 0%)": 0.04285714285714286, "P(D = -1% <= R <= 0% | E = -1% <= R <= 0%)": 0.49047619047619045, "P(D = 0% < R <= 1% | E = -1% <= R <= 0%)": 0.4142857142857143, "P(D = R > 1% | E = -1% <= R <= 0%)": 0.05238095238095238, "P(D = R < -1% | E = 0% < R <= 1%)": 0.011019283746556474, "P(D = -1% <= R <= 0% | E = 0% < R <= 1%)": 0.3939393939393939, "P(D = 0% < R <= 1% | E = 0% < R <= 1%)": 0.5151515151515151, "P(D = R > 1% | E = 0% < R <= 1%)": 0.07988980716253444, "P(D = R < -1% | E = R > 1%)": 0.047619047619047616, "P(D = -1% <= R <= 0% | E = R > 1%)": 0.30303030303030304, "P(D = 0% < R <= 1% | E = R > 1%)": 0.4025974025974026, "P(D = R > 1% | E = R > 1%)": 0.24675324675324675}