{"P(D = R < -1% | E = R < -1%)": 0.35789473684210527, "P(D = -1% <= R <= 0% | E = R < -1%)": 0.6105263157894737, "P(D = 0% < R <= 1% | E = R < -1%)": 0.010526315789473684, "P(D = R > 1% | E = R < -1%)": 0.021052631578947368, "P(D = R < -1% | E = -1% <= R <= 0%)": 0.12598425196850394, "P(D = -1% <= R <= 0% | E = -1% <= R <= 0%)": 0.7559055118110236, "P(D = 0% < R <= 1% | E = -1% <= R <= 0%)": 0.023622047244094488, "P(D = R > 1% | E = -1% <= R <= 0%)": 0.09448818897637795, "P(D = R < -1% | E = 0% < R <= 1%)": 0.12612612612612611, "P(D = -1% <= R <= 0% | E = 0% < R <= 1%)": 0.7477477477477478, "P(D = 0% < R <= 1% | E = 0% < R <= 1%)": 0.05405405405405406, "P(D = R > 1% | E = 0% < R <= 1%)": 0.07207207207207207, "P(D = R < -1% | E = R > 1%)": 0.06741573033707865, "P(D = -1% <= R <= 0% | E = R > 1%)": 0.7528089887640449, "P(D = 0% < R <= 1% | E = R > 1%)": 0.011235955056179775, "P(D = R > 1% | E = R > 1%)": 0.16853932584269662}