{"P(D = R < -1% | E = R < -1%)": 0.32450331125827814, "P(D = -1% <= R <= 0% | E = R < -1%)": 0.4900662251655629, "P(D = 0% < R <= 1% | E = R < -1%)": 0.0, "P(D = R > 1% | E = R < -1%)": 0.18543046357615894, "P(D = R < -1% | E = -1% <= R <= 0%)": 0.1518987341772152, "P(D = -1% <= R <= 0% | E = -1% <= R <= 0%)": 0.6814345991561181, "P(D = 0% < R <= 1% | E = -1% <= R <= 0%)": 0.0, "P(D = R > 1% | E = -1% <= R <= 0%)": 0.16666666666666666, "P(D = R < -1% | E = 0% < R <= 1%)": 0.13043478260869565, "P(D = -1% <= R <= 0% | E = 0% < R <= 1%)": 0.5652173913043478, "P(D = 0% < R <= 1% | E = 0% < R <= 1%)": 0.0, "P(D = R > 1% | E = 0% < R <= 1%)": 0.30434782608695654, "P(D = R < -1% | E = R > 1%)": 0.1564625850340136, "P(D = -1% <= R <= 0% | E = R > 1%)": 0.4988662131519274, "P(D = 0% < R <= 1% | E = R > 1%)": 0.0, "P(D = R > 1% | E = R > 1%)": 0.34467120181405897}