{"P(D = R < -1% | E = R < -1%)": 0.7934782608695652, "P(D = -1% <= R <= 0% | E = R < -1%)": 0.004347826086956522, "P(D = 0% < R <= 1% | E = R < -1%)": 0.0, "P(D = R > 1% | E = R < -1%)": 0.20217391304347826, "P(D = R < -1% | E = -1% <= R <= 0%)": 0.6908831908831908, "P(D = -1% <= R <= 0% | E = -1% <= R <= 0%)": 0.002849002849002849, "P(D = 0% < R <= 1% | E = -1% <= R <= 0%)": 0.0, "P(D = R > 1% | E = -1% <= R <= 0%)": 0.30626780626780625, "P(D = R < -1% | E = 0% < R <= 1%)": 0.6684636118598383, "P(D = -1% <= R <= 0% | E = 0% < R <= 1%)": 0.0026954177897574125, "P(D = 0% < R <= 1% | E = 0% < R <= 1%)": 0.0, "P(D = R > 1% | E = 0% < R <= 1%)": 0.3288409703504043, "P(D = R < -1% | E = R > 1%)": 0.6358381502890174, "P(D = -1% <= R <= 0% | E = R > 1%)": 0.00495458298926507, "P(D = 0% < R <= 1% | E = R > 1%)": 0.0, "P(D = R > 1% | E = R > 1%)": 0.3592072667217176}