{"P(D = R < -1% | E = R < -1%)": 0.0, "P(D = -1% <= R <= 0% | E = R < -1%)": 0.6666666666666666, "P(D = 0% < R <= 1% | E = R < -1%)": 0.2777777777777778, "P(D = R > 1% | E = R < -1%)": 0.05555555555555555, "P(D = R < -1% | E = -1% <= R <= 0%)": 0.0, "P(D = -1% <= R <= 0% | E = -1% <= R <= 0%)": 0.84375, "P(D = 0% < R <= 1% | E = -1% <= R <= 0%)": 0.0625, "P(D = R > 1% | E = -1% <= R <= 0%)": 0.09375, "P(D = R < -1% | E = 0% < R <= 1%)": 0.0, "P(D = -1% <= R <= 0% | E = 0% < R <= 1%)": 0.391304347826087, "P(D = 0% < R <= 1% | E = 0% < R <= 1%)": 0.5217391304347826, "P(D = R > 1% | E = 0% < R <= 1%)": 0.08695652173913043, "P(D = R < -1% | E = R > 1%)": 0.0, "P(D = -1% <= R <= 0% | E = R > 1%)": 0.4117647058823529, "P(D = 0% < R <= 1% | E = R > 1%)": 0.47058823529411764, "P(D = R > 1% | E = R > 1%)": 0.11764705882352941}