{"P(D = R < -1% | E = R < -1%)": 0.24747866563227308, "P(D = -1% <= R <= 0% | E = R < -1%)": 0.5872769588828549, "P(D = 0% < R <= 1% | E = R < -1%)": 0.05430566330488751, "P(D = R > 1% | E = R < -1%)": 0.11093871217998448, "P(D = R < -1% | E = -1% <= R <= 0%)": 0.10401721664275466, "P(D = -1% <= R <= 0% | E = -1% <= R <= 0%)": 0.7058823529411765, "P(D = 0% < R <= 1% | E = -1% <= R <= 0%)": 0.09038737446197992, "P(D = R > 1% | E = -1% <= R <= 0%)": 0.09971305595408896, "P(D = R < -1% | E = 0% < R <= 1%)": 0.08597285067873303, "P(D = -1% <= R <= 0% | E = 0% < R <= 1%)": 0.6552036199095023, "P(D = 0% < R <= 1% | E = 0% < R <= 1%)": 0.12398190045248869, "P(D = R > 1% | E = 0% < R <= 1%)": 0.134841628959276, "P(D = R < -1% | E = R > 1%)": 0.11269722013523667, "P(D = -1% <= R <= 0% | E = R > 1%)": 0.5108940646130729, "P(D = 0% < R <= 1% | E = R > 1%)": 0.10818933132982719, "P(D = R > 1% | E = R > 1%)": 0.2682193839218633}