{"P(D = R < -1% | E = R < -1%)": 0.0, "P(D = -1% <= R <= 0% | E = R < -1%)": 0.23684210526315788, "P(D = 0% < R <= 1% | E = R < -1%)": 0.7631578947368421, "P(D = R > 1% | E = R < -1%)": 0.0, "P(D = R < -1% | E = -1% <= R <= 0%)": 0.0, "P(D = -1% <= R <= 0% | E = -1% <= R <= 0%)": 0.25147347740667975, "P(D = 0% < R <= 1% | E = -1% <= R <= 0%)": 0.7485265225933202, "P(D = R > 1% | E = -1% <= R <= 0%)": 0.0, "P(D = R < -1% | E = 0% < R <= 1%)": 0.0, "P(D = -1% <= R <= 0% | E = 0% < R <= 1%)": 0.1776937618147448, "P(D = 0% < R <= 1% | E = 0% < R <= 1%)": 0.8223062381852552, "P(D = R > 1% | E = 0% < R <= 1%)": 0.0, "P(D = R < -1% | E = R > 1%)": 0.0, "P(D = -1% <= R <= 0% | E = R > 1%)": 0.17834394904458598, "P(D = 0% < R <= 1% | E = R > 1%)": 0.821656050955414, "P(D = R > 1% | E = R > 1%)": 0.0}