{"P(D = R < -1% | E = R < -1%)": 0.31712062256809337, "P(D = -1% <= R <= 0% | E = R < -1%)": 0.0019455252918287938, "P(D = 0% < R <= 1% | E = R < -1%)": 0.0, "P(D = R > 1% | E = R < -1%)": 0.6809338521400778, "P(D = R < -1% | E = -1% <= R <= 0%)": 0.20809248554913296, "P(D = -1% <= R <= 0% | E = -1% <= R <= 0%)": 0.0, "P(D = 0% < R <= 1% | E = -1% <= R <= 0%)": 0.0, "P(D = R > 1% | E = -1% <= R <= 0%)": 0.791907514450867, "P(D = R < -1% | E = 0% < R <= 1%)": 0.2781954887218045, "P(D = -1% <= R <= 0% | E = 0% < R <= 1%)": 0.007518796992481203, "P(D = 0% < R <= 1% | E = 0% < R <= 1%)": 0.0, "P(D = R > 1% | E = 0% < R <= 1%)": 0.7142857142857143, "P(D = R < -1% | E = R > 1%)": 0.19705340699815838, "P(D = -1% <= R <= 0% | E = R > 1%)": 0.003683241252302026, "P(D = 0% < R <= 1% | E = R > 1%)": 0.0, "P(D = R > 1% | E = R > 1%)": 0.7992633517495396}