{"P(D = R < -1% | E = R < -1%)": 0.21166892808683854, "P(D = -1% <= R <= 0% | E = R < -1%)": 0.6051560379918589, "P(D = 0% < R <= 1% | E = R < -1%)": 0.048846675712347354, "P(D = R > 1% | E = R < -1%)": 0.13432835820895522, "P(D = R < -1% | E = -1% <= R <= 0%)": 0.11816838995568685, "P(D = -1% <= R <= 0% | E = -1% <= R <= 0%)": 0.7769571639586411, "P(D = 0% < R <= 1% | E = -1% <= R <= 0%)": 0.04283604135893648, "P(D = R > 1% | E = -1% <= R <= 0%)": 0.0620384047267356, "P(D = R < -1% | E = 0% < R <= 1%)": 0.10946196660482375, "P(D = -1% <= R <= 0% | E = 0% < R <= 1%)": 0.7365491651205937, "P(D = 0% < R <= 1% | E = 0% < R <= 1%)": 0.06307977736549165, "P(D = R > 1% | E = 0% < R <= 1%)": 0.09090909090909091, "P(D = R < -1% | E = R > 1%)": 0.14644970414201183, "P(D = -1% <= R <= 0% | E = R > 1%)": 0.5798816568047337, "P(D = 0% < R <= 1% | E = R > 1%)": 0.06804733727810651, "P(D = R > 1% | E = R > 1%)": 0.20562130177514792}