{"P(D = R < -1% | E = R < -1%)": 0.5346534653465347, "P(D = -1% <= R <= 0% | E = R < -1%)": 0.0297029702970297, "P(D = 0% < R <= 1% | E = R < -1%)": 0.0, "P(D = R > 1% | E = R < -1%)": 0.43564356435643564, "P(D = R < -1% | E = -1% <= R <= 0%)": 0.36363636363636365, "P(D = -1% <= R <= 0% | E = -1% <= R <= 0%)": 0.19696969696969696, "P(D = 0% < R <= 1% | E = -1% <= R <= 0%)": 0.0, "P(D = R > 1% | E = -1% <= R <= 0%)": 0.4393939393939394, "P(D = R < -1% | E = 0% < R <= 1%)": 0.46808510638297873, "P(D = -1% <= R <= 0% | E = 0% < R <= 1%)": 0.02127659574468085, "P(D = 0% < R <= 1% | E = 0% < R <= 1%)": 0.0, "P(D = R > 1% | E = 0% < R <= 1%)": 0.5106382978723404, "P(D = R < -1% | E = R > 1%)": 0.35106382978723405, "P(D = -1% <= R <= 0% | E = R > 1%)": 0.031914893617021274, "P(D = 0% < R <= 1% | E = R > 1%)": 0.0, "P(D = R > 1% | E = R > 1%)": 0.6170212765957447}