{"P(D = R < -1% | E = R < -1%)": 0.11918604651162791, "P(D = -1% <= R <= 0% | E = R < -1%)": 0.5755813953488372, "P(D = 0% < R <= 1% | E = R < -1%)": 0.0, "P(D = R > 1% | E = R < -1%)": 0.30523255813953487, "P(D = R < -1% | E = -1% <= R <= 0%)": 0.0664819944598338, "P(D = -1% <= R <= 0% | E = -1% <= R <= 0%)": 0.6648199445983379, "P(D = 0% < R <= 1% | E = -1% <= R <= 0%)": 0.0, "P(D = R > 1% | E = -1% <= R <= 0%)": 0.26869806094182824, "P(D = R < -1% | E = 0% < R <= 1%)": 0.02702702702702703, "P(D = -1% <= R <= 0% | E = 0% < R <= 1%)": 0.6216216216216216, "P(D = 0% < R <= 1% | E = 0% < R <= 1%)": 0.0, "P(D = R > 1% | E = 0% < R <= 1%)": 0.35135135135135137, "P(D = R < -1% | E = R > 1%)": 0.06391752577319587, "P(D = -1% <= R <= 0% | E = R > 1%)": 0.4618556701030928, "P(D = 0% < R <= 1% | E = R > 1%)": 0.0, "P(D = R > 1% | E = R > 1%)": 0.4742268041237113}