{"P(D = R < -1% | E = R < -1%)": 0.18309859154929578, "P(D = -1% <= R <= 0% | E = R < -1%)": 0.676056338028169, "P(D = 0% < R <= 1% | E = R < -1%)": 0.07042253521126761, "P(D = R > 1% | E = R < -1%)": 0.07042253521126761, "P(D = R < -1% | E = -1% <= R <= 0%)": 0.018018018018018018, "P(D = -1% <= R <= 0% | E = -1% <= R <= 0%)": 0.8768768768768769, "P(D = 0% < R <= 1% | E = -1% <= R <= 0%)": 0.09309309309309309, "P(D = R > 1% | E = -1% <= R <= 0%)": 0.012012012012012012, "P(D = R < -1% | E = 0% < R <= 1%)": 0.01015228426395939, "P(D = -1% <= R <= 0% | E = 0% < R <= 1%)": 0.7614213197969543, "P(D = 0% < R <= 1% | E = 0% < R <= 1%)": 0.19796954314720813, "P(D = R > 1% | E = 0% < R <= 1%)": 0.030456852791878174, "P(D = R < -1% | E = R > 1%)": 0.04054054054054054, "P(D = -1% <= R <= 0% | E = R > 1%)": 0.33783783783783783, "P(D = 0% < R <= 1% | E = R > 1%)": 0.2972972972972973, "P(D = R > 1% | E = R > 1%)": 0.32432432432432434}