{"P(D = R < -1% | E = R < -1%)": 0.28222996515679444, "P(D = -1% <= R <= 0% | E = R < -1%)": 0.5121951219512195, "P(D = 0% < R <= 1% | E = R < -1%)": 0.15331010452961671, "P(D = R > 1% | E = R < -1%)": 0.05226480836236934, "P(D = R < -1% | E = -1% <= R <= 0%)": 0.08181818181818182, "P(D = -1% <= R <= 0% | E = -1% <= R <= 0%)": 0.7181818181818181, "P(D = 0% < R <= 1% | E = -1% <= R <= 0%)": 0.16136363636363638, "P(D = R > 1% | E = -1% <= R <= 0%)": 0.038636363636363635, "P(D = R < -1% | E = 0% < R <= 1%)": 0.06756756756756757, "P(D = -1% <= R <= 0% | E = 0% < R <= 1%)": 0.5864864864864865, "P(D = 0% < R <= 1% | E = 0% < R <= 1%)": 0.2756756756756757, "P(D = R > 1% | E = 0% < R <= 1%)": 0.07027027027027027, "P(D = R < -1% | E = R > 1%)": 0.10714285714285714, "P(D = -1% <= R <= 0% | E = R > 1%)": 0.4642857142857143, "P(D = 0% < R <= 1% | E = R > 1%)": 0.2777777777777778, "P(D = R > 1% | E = R > 1%)": 0.15079365079365079}