{"P(D = R < -1% | E = R < -1%)": 0.8177083333333334, "P(D = -1% <= R <= 0% | E = R < -1%)": 0.020833333333333332, "P(D = 0% < R <= 1% | E = R < -1%)": 0.0, "P(D = R > 1% | E = R < -1%)": 0.16145833333333334, "P(D = R < -1% | E = -1% <= R <= 0%)": 0.7789473684210526, "P(D = -1% <= R <= 0% | E = -1% <= R <= 0%)": 0.05263157894736842, "P(D = 0% < R <= 1% | E = -1% <= R <= 0%)": 0.0, "P(D = R > 1% | E = -1% <= R <= 0%)": 0.16842105263157894, "P(D = R < -1% | E = 0% < R <= 1%)": 0.8082191780821918, "P(D = -1% <= R <= 0% | E = 0% < R <= 1%)": 0.0136986301369863, "P(D = 0% < R <= 1% | E = 0% < R <= 1%)": 0.0, "P(D = R > 1% | E = 0% < R <= 1%)": 0.1780821917808219, "P(D = R < -1% | E = R > 1%)": 0.7530864197530864, "P(D = -1% <= R <= 0% | E = R > 1%)": 0.012345679012345678, "P(D = 0% < R <= 1% | E = R > 1%)": 0.0, "P(D = R > 1% | E = R > 1%)": 0.2345679012345679}