{"P(D = R < -1% | E = R < -1%)": 0.3464566929133858, "P(D = -1% <= R <= 0% | E = R < -1%)": 0.5433070866141733, "P(D = 0% < R <= 1% | E = R < -1%)": 0.031496062992125984, "P(D = R > 1% | E = R < -1%)": 0.07874015748031496, "P(D = R < -1% | E = -1% <= R <= 0%)": 0.12437810945273632, "P(D = -1% <= R <= 0% | E = -1% <= R <= 0%)": 0.8159203980099502, "P(D = 0% < R <= 1% | E = -1% <= R <= 0%)": 0.009950248756218905, "P(D = R > 1% | E = -1% <= R <= 0%)": 0.04975124378109453, "P(D = R < -1% | E = 0% < R <= 1%)": 0.10144927536231885, "P(D = -1% <= R <= 0% | E = 0% < R <= 1%)": 0.7536231884057971, "P(D = 0% < R <= 1% | E = 0% < R <= 1%)": 0.014492753623188406, "P(D = R > 1% | E = 0% < R <= 1%)": 0.13043478260869565, "P(D = R < -1% | E = R > 1%)": 0.12096774193548387, "P(D = -1% <= R <= 0% | E = R > 1%)": 0.5161290322580645, "P(D = 0% < R <= 1% | E = R > 1%)": 0.03225806451612903, "P(D = R > 1% | E = R > 1%)": 0.33064516129032256}