{"P(D = R < -1% | E = R < -1%)": 0.24, "P(D = -1% <= R <= 0% | E = R < -1%)": 0.6571428571428571, "P(D = 0% < R <= 1% | E = R < -1%)": 0.0, "P(D = R > 1% | E = R < -1%)": 0.10285714285714286, "P(D = R < -1% | E = -1% <= R <= 0%)": 0.14423076923076922, "P(D = -1% <= R <= 0% | E = -1% <= R <= 0%)": 0.7548076923076923, "P(D = 0% < R <= 1% | E = -1% <= R <= 0%)": 0.0, "P(D = R > 1% | E = -1% <= R <= 0%)": 0.10096153846153846, "P(D = R < -1% | E = 0% < R <= 1%)": 0.1326530612244898, "P(D = -1% <= R <= 0% | E = 0% < R <= 1%)": 0.6938775510204082, "P(D = 0% < R <= 1% | E = 0% < R <= 1%)": 0.0, "P(D = R > 1% | E = 0% < R <= 1%)": 0.17346938775510204, "P(D = R < -1% | E = R > 1%)": 0.06666666666666667, "P(D = -1% <= R <= 0% | E = R > 1%)": 0.3878787878787879, "P(D = 0% < R <= 1% | E = R > 1%)": 0.0, "P(D = R > 1% | E = R > 1%)": 0.5454545454545454}