{"P(D = R < -1% | E = R < -1%)": 0.56, "P(D = -1% <= R <= 0% | E = R < -1%)": 0.0, "P(D = 0% < R <= 1% | E = R < -1%)": 0.28, "P(D = R > 1% | E = R < -1%)": 0.16, "P(D = R < -1% | E = -1% <= R <= 0%)": 0.19047619047619047, "P(D = -1% <= R <= 0% | E = -1% <= R <= 0%)": 0.23809523809523808, "P(D = 0% < R <= 1% | E = -1% <= R <= 0%)": 0.47619047619047616, "P(D = R > 1% | E = -1% <= R <= 0%)": 0.09523809523809523, "P(D = R < -1% | E = 0% < R <= 1%)": 0.15384615384615385, "P(D = -1% <= R <= 0% | E = 0% < R <= 1%)": 0.07692307692307693, "P(D = 0% < R <= 1% | E = 0% < R <= 1%)": 0.6153846153846154, "P(D = R > 1% | E = 0% < R <= 1%)": 0.15384615384615385, "P(D = R < -1% | E = R > 1%)": 0.2608695652173913, "P(D = -1% <= R <= 0% | E = R > 1%)": 0.043478260869565216, "P(D = 0% < R <= 1% | E = R > 1%)": 0.391304347826087, "P(D = R > 1% | E = R > 1%)": 0.30434782608695654}