{"P(D = R < -1% | E = R < -1%)": 0.014492753623188406, "P(D = -1% <= R <= 0% | E = R < -1%)": 0.8079710144927537, "P(D = 0% < R <= 1% | E = R < -1%)": 0.13768115942028986, "P(D = R > 1% | E = R < -1%)": 0.03985507246376811, "P(D = R < -1% | E = -1% <= R <= 0%)": 0.004780114722753346, "P(D = -1% <= R <= 0% | E = -1% <= R <= 0%)": 0.8747609942638623, "P(D = 0% < R <= 1% | E = -1% <= R <= 0%)": 0.09751434034416825, "P(D = R > 1% | E = -1% <= R <= 0%)": 0.022944550669216062, "P(D = R < -1% | E = 0% < R <= 1%)": 0.0077951002227171495, "P(D = -1% <= R <= 0% | E = 0% < R <= 1%)": 0.8273942093541202, "P(D = 0% < R <= 1% | E = 0% < R <= 1%)": 0.1514476614699332, "P(D = R > 1% | E = 0% < R <= 1%)": 0.013363028953229399, "P(D = R < -1% | E = R > 1%)": 0.015444015444015444, "P(D = -1% <= R <= 0% | E = R > 1%)": 0.749034749034749, "P(D = 0% < R <= 1% | E = R > 1%)": 0.1583011583011583, "P(D = R > 1% | E = R > 1%)": 0.07722007722007722}