{"P(D = R < -1% | E = R < -1%)": 0.27091633466135456, "P(D = -1% <= R <= 0% | E = R < -1%)": 0.6175298804780877, "P(D = 0% < R <= 1% | E = R < -1%)": 0.0, "P(D = R > 1% | E = R < -1%)": 0.11155378486055777, "P(D = R < -1% | E = -1% <= R <= 0%)": 0.14100185528756956, "P(D = -1% <= R <= 0% | E = -1% <= R <= 0%)": 0.7476808905380334, "P(D = 0% < R <= 1% | E = -1% <= R <= 0%)": 0.0, "P(D = R > 1% | E = -1% <= R <= 0%)": 0.11131725417439703, "P(D = R < -1% | E = 0% < R <= 1%)": 0.12777777777777777, "P(D = -1% <= R <= 0% | E = 0% < R <= 1%)": 0.8, "P(D = 0% < R <= 1% | E = 0% < R <= 1%)": 0.0, "P(D = R > 1% | E = 0% < R <= 1%)": 0.07222222222222222, "P(D = R < -1% | E = R > 1%)": 0.17890772128060264, "P(D = -1% <= R <= 0% | E = R > 1%)": 0.6026365348399246, "P(D = 0% < R <= 1% | E = R > 1%)": 0.0, "P(D = R > 1% | E = R > 1%)": 0.2184557438794727}