{"P(D = R < -1% | E = R < -1%)": 0.8995215311004785, "P(D = -1% <= R <= 0% | E = R < -1%)": 0.004784688995215311, "P(D = 0% < R <= 1% | E = R < -1%)": 0.0, "P(D = R > 1% | E = R < -1%)": 0.09569377990430622, "P(D = R < -1% | E = -1% <= R <= 0%)": 0.7916666666666666, "P(D = -1% <= R <= 0% | E = -1% <= R <= 0%)": 0.010416666666666666, "P(D = 0% < R <= 1% | E = -1% <= R <= 0%)": 0.0, "P(D = R > 1% | E = -1% <= R <= 0%)": 0.19791666666666666, "P(D = R < -1% | E = 0% < R <= 1%)": 0.8481012658227848, "P(D = -1% <= R <= 0% | E = 0% < R <= 1%)": 0.012658227848101266, "P(D = 0% < R <= 1% | E = 0% < R <= 1%)": 0.0, "P(D = R > 1% | E = 0% < R <= 1%)": 0.13924050632911392, "P(D = R < -1% | E = R > 1%)": 0.7161290322580646, "P(D = -1% <= R <= 0% | E = R > 1%)": 0.0064516129032258064, "P(D = 0% < R <= 1% | E = R > 1%)": 0.0, "P(D = R > 1% | E = R > 1%)": 0.27741935483870966}