{"P(D = R < -1% | E = R < -1%)": 0.20994475138121546, "P(D = -1% <= R <= 0% | E = R < -1%)": 0.565377532228361, "P(D = 0% < R <= 1% | E = R < -1%)": 0.13443830570902393, "P(D = R > 1% | E = R < -1%)": 0.09023941068139964, "P(D = R < -1% | E = -1% <= R <= 0%)": 0.0736196319018405, "P(D = -1% <= R <= 0% | E = -1% <= R <= 0%)": 0.7386503067484662, "P(D = 0% < R <= 1% | E = -1% <= R <= 0%)": 0.15950920245398773, "P(D = R > 1% | E = -1% <= R <= 0%)": 0.02822085889570552, "P(D = R < -1% | E = 0% < R <= 1%)": 0.03484320557491289, "P(D = -1% <= R <= 0% | E = 0% < R <= 1%)": 0.6393728222996515, "P(D = 0% < R <= 1% | E = 0% < R <= 1%)": 0.2700348432055749, "P(D = R > 1% | E = 0% < R <= 1%)": 0.05574912891986063, "P(D = R < -1% | E = R > 1%)": 0.09437751004016064, "P(D = -1% <= R <= 0% | E = R > 1%)": 0.40562248995983935, "P(D = 0% < R <= 1% | E = R > 1%)": 0.3112449799196787, "P(D = R > 1% | E = R > 1%)": 0.18875502008032127}