{"P(D = R < -1% | E = R < -1%)": 0.25757575757575757, "P(D = -1% <= R <= 0% | E = R < -1%)": 0.5580808080808081, "P(D = 0% < R <= 1% | E = R < -1%)": 0.010101010101010102, "P(D = R > 1% | E = R < -1%)": 0.17424242424242425, "P(D = R < -1% | E = -1% <= R <= 0%)": 0.1280558789289872, "P(D = -1% <= R <= 0% | E = -1% <= R <= 0%)": 0.7310826542491269, "P(D = 0% < R <= 1% | E = -1% <= R <= 0%)": 0.011641443538998836, "P(D = R > 1% | E = -1% <= R <= 0%)": 0.12922002328288706, "P(D = R < -1% | E = 0% < R <= 1%)": 0.10594795539033457, "P(D = -1% <= R <= 0% | E = 0% < R <= 1%)": 0.7472118959107806, "P(D = 0% < R <= 1% | E = 0% < R <= 1%)": 0.01858736059479554, "P(D = R > 1% | E = 0% < R <= 1%)": 0.12825278810408922, "P(D = R < -1% | E = R > 1%)": 0.1612576064908722, "P(D = -1% <= R <= 0% | E = R > 1%)": 0.5091277890466531, "P(D = 0% < R <= 1% | E = R > 1%)": 0.014198782961460446, "P(D = R > 1% | E = R > 1%)": 0.3154158215010142}