{"P(D = R < -1% | E = R < -1%)": 0.14656771799628943, "P(D = -1% <= R <= 0% | E = R < -1%)": 0.8181818181818182, "P(D = 0% < R <= 1% | E = R < -1%)": 0.00927643784786642, "P(D = R > 1% | E = R < -1%)": 0.025974025974025976, "P(D = R < -1% | E = -1% <= R <= 0%)": 0.04355108877721943, "P(D = -1% <= R <= 0% | E = -1% <= R <= 0%)": 0.9271356783919598, "P(D = 0% < R <= 1% | E = -1% <= R <= 0%)": 0.002512562814070352, "P(D = R > 1% | E = -1% <= R <= 0%)": 0.02680067001675042, "P(D = R < -1% | E = 0% < R <= 1%)": 0.016819571865443424, "P(D = -1% <= R <= 0% | E = 0% < R <= 1%)": 0.9678899082568807, "P(D = 0% < R <= 1% | E = 0% < R <= 1%)": 0.0045871559633027525, "P(D = R > 1% | E = 0% < R <= 1%)": 0.010703363914373088, "P(D = R < -1% | E = R > 1%)": 0.06735751295336788, "P(D = -1% <= R <= 0% | E = R > 1%)": 0.7875647668393783, "P(D = 0% < R <= 1% | E = R > 1%)": 0.0069084628670120895, "P(D = R > 1% | E = R > 1%)": 0.1381692573402418}