{"P(D = R < -1% | E = R < -1%)": 0.35555555555555557, "P(D = -1% <= R <= 0% | E = R < -1%)": 0.5333333333333333, "P(D = 0% < R <= 1% | E = R < -1%)": 0.0, "P(D = R > 1% | E = R < -1%)": 0.1111111111111111, "P(D = R < -1% | E = -1% <= R <= 0%)": 0.13513513513513514, "P(D = -1% <= R <= 0% | E = -1% <= R <= 0%)": 0.7837837837837838, "P(D = 0% < R <= 1% | E = -1% <= R <= 0%)": 0.0, "P(D = R > 1% | E = -1% <= R <= 0%)": 0.08108108108108109, "P(D = R < -1% | E = 0% < R <= 1%)": 0.125, "P(D = -1% <= R <= 0% | E = 0% < R <= 1%)": 0.7291666666666666, "P(D = 0% < R <= 1% | E = 0% < R <= 1%)": 0.0, "P(D = R > 1% | E = 0% < R <= 1%)": 0.14583333333333334, "P(D = R < -1% | E = R > 1%)": 0.18571428571428572, "P(D = -1% <= R <= 0% | E = R > 1%)": 0.5428571428571428, "P(D = 0% < R <= 1% | E = R > 1%)": 0.0, "P(D = R > 1% | E = R > 1%)": 0.2714285714285714}