{"P(D = R < -1% | E = R < -1%)": 0.07159353348729793, "P(D = -1% <= R <= 0% | E = R < -1%)": 0.8660508083140878, "P(D = 0% < R <= 1% | E = R < -1%)": 0.0, "P(D = R > 1% | E = R < -1%)": 0.06235565819861432, "P(D = R < -1% | E = -1% <= R <= 0%)": 0.02807486631016043, "P(D = -1% <= R <= 0% | E = -1% <= R <= 0%)": 0.9411764705882353, "P(D = 0% < R <= 1% | E = -1% <= R <= 0%)": 0.0, "P(D = R > 1% | E = -1% <= R <= 0%)": 0.03074866310160428, "P(D = R < -1% | E = 0% < R <= 1%)": 0.022887323943661973, "P(D = -1% <= R <= 0% | E = 0% < R <= 1%)": 0.9383802816901409, "P(D = 0% < R <= 1% | E = 0% < R <= 1%)": 0.0, "P(D = R > 1% | E = 0% < R <= 1%)": 0.03873239436619718, "P(D = R < -1% | E = R > 1%)": 0.024390243902439025, "P(D = -1% <= R <= 0% | E = R > 1%)": 0.8425720620842572, "P(D = 0% < R <= 1% | E = R > 1%)": 0.0, "P(D = R > 1% | E = R > 1%)": 0.13303769401330376}