{"P(D = R < -1% | E = R < -1%)": 0.2783018867924528, "P(D = -1% <= R <= 0% | E = R < -1%)": 0.6650943396226415, "P(D = 0% < R <= 1% | E = R < -1%)": 0.02358490566037736, "P(D = R > 1% | E = R < -1%)": 0.0330188679245283, "P(D = R < -1% | E = -1% <= R <= 0%)": 0.1417910447761194, "P(D = -1% <= R <= 0% | E = -1% <= R <= 0%)": 0.7798507462686567, "P(D = 0% < R <= 1% | E = -1% <= R <= 0%)": 0.048507462686567165, "P(D = R > 1% | E = -1% <= R <= 0%)": 0.029850746268656716, "P(D = R < -1% | E = 0% < R <= 1%)": 0.08791208791208792, "P(D = -1% <= R <= 0% | E = 0% < R <= 1%)": 0.7692307692307693, "P(D = 0% < R <= 1% | E = 0% < R <= 1%)": 0.08241758241758242, "P(D = R > 1% | E = 0% < R <= 1%)": 0.06043956043956044, "P(D = R < -1% | E = R > 1%)": 0.035, "P(D = -1% <= R <= 0% | E = R > 1%)": 0.7, "P(D = 0% < R <= 1% | E = R > 1%)": 0.12, "P(D = R > 1% | E = R > 1%)": 0.145}