{"P(D = R < -1% | E = R < -1%)": 0.41025641025641024, "P(D = -1% <= R <= 0% | E = R < -1%)": 0.5512820512820513, "P(D = 0% < R <= 1% | E = R < -1%)": 0.0, "P(D = R > 1% | E = R < -1%)": 0.038461538461538464, "P(D = R < -1% | E = -1% <= R <= 0%)": 0.102803738317757, "P(D = -1% <= R <= 0% | E = -1% <= R <= 0%)": 0.8691588785046729, "P(D = 0% < R <= 1% | E = -1% <= R <= 0%)": 0.0, "P(D = R > 1% | E = -1% <= R <= 0%)": 0.028037383177570093, "P(D = R < -1% | E = 0% < R <= 1%)": 0.1044776119402985, "P(D = -1% <= R <= 0% | E = 0% < R <= 1%)": 0.8955223880597015, "P(D = 0% < R <= 1% | E = 0% < R <= 1%)": 0.0, "P(D = R > 1% | E = 0% < R <= 1%)": 0.0, "P(D = R < -1% | E = R > 1%)": 0.08695652173913043, "P(D = -1% <= R <= 0% | E = R > 1%)": 0.7971014492753623, "P(D = 0% < R <= 1% | E = R > 1%)": 0.014492753623188406, "P(D = R > 1% | E = R > 1%)": 0.10144927536231885}