{"P(D = R < -1% | E = R < -1%)": 0.7664233576642335, "P(D = -1% <= R <= 0% | E = R < -1%)": 0.0, "P(D = 0% < R <= 1% | E = R < -1%)": 0.0, "P(D = R > 1% | E = R < -1%)": 0.23357664233576642, "P(D = R < -1% | E = -1% <= R <= 0%)": 0.7096774193548387, "P(D = -1% <= R <= 0% | E = -1% <= R <= 0%)": 0.0, "P(D = 0% < R <= 1% | E = -1% <= R <= 0%)": 0.0, "P(D = R > 1% | E = -1% <= R <= 0%)": 0.2903225806451613, "P(D = R < -1% | E = 0% < R <= 1%)": 0.7083333333333334, "P(D = -1% <= R <= 0% | E = 0% < R <= 1%)": 0.0, "P(D = 0% < R <= 1% | E = 0% < R <= 1%)": 0.041666666666666664, "P(D = R > 1% | E = 0% < R <= 1%)": 0.25, "P(D = R < -1% | E = R > 1%)": 0.6126126126126126, "P(D = -1% <= R <= 0% | E = R > 1%)": 0.0, "P(D = 0% < R <= 1% | E = R > 1%)": 0.0, "P(D = R > 1% | E = R > 1%)": 0.38738738738738737}