{"P(D = R < -1% | E = R < -1%)": 0.27413127413127414, "P(D = -1% <= R <= 0% | E = R < -1%)": 0.6332046332046332, "P(D = 0% < R <= 1% | E = R < -1%)": 0.0, "P(D = R > 1% | E = R < -1%)": 0.09266409266409266, "P(D = R < -1% | E = -1% <= R <= 0%)": 0.13836477987421383, "P(D = -1% <= R <= 0% | E = -1% <= R <= 0%)": 0.7610062893081762, "P(D = 0% < R <= 1% | E = -1% <= R <= 0%)": 0.0, "P(D = R > 1% | E = -1% <= R <= 0%)": 0.10062893081761007, "P(D = R < -1% | E = 0% < R <= 1%)": 0.11555555555555555, "P(D = -1% <= R <= 0% | E = 0% < R <= 1%)": 0.7844444444444445, "P(D = 0% < R <= 1% | E = 0% < R <= 1%)": 0.0, "P(D = R > 1% | E = 0% < R <= 1%)": 0.1, "P(D = R < -1% | E = R > 1%)": 0.09692671394799054, "P(D = -1% <= R <= 0% | E = R > 1%)": 0.6276595744680851, "P(D = 0% < R <= 1% | E = R > 1%)": 0.0, "P(D = R > 1% | E = R > 1%)": 0.27541371158392436}