{"P(D = R < -1% | E = R < -1%)": 0.3055555555555556, "P(D = -1% <= R <= 0% | E = R < -1%)": 0.6388888888888888, "P(D = 0% < R <= 1% | E = R < -1%)": 0.05555555555555555, "P(D = R > 1% | E = R < -1%)": 0.0, "P(D = R < -1% | E = -1% <= R <= 0%)": 0.03139013452914798, "P(D = -1% <= R <= 0% | E = -1% <= R <= 0%)": 0.905829596412556, "P(D = 0% < R <= 1% | E = -1% <= R <= 0%)": 0.04932735426008968, "P(D = R > 1% | E = -1% <= R <= 0%)": 0.013452914798206279, "P(D = R < -1% | E = 0% < R <= 1%)": 0.011834319526627219, "P(D = -1% <= R <= 0% | E = 0% < R <= 1%)": 0.8165680473372781, "P(D = 0% < R <= 1% | E = 0% < R <= 1%)": 0.15384615384615385, "P(D = R > 1% | E = 0% < R <= 1%)": 0.01775147928994083, "P(D = R < -1% | E = R > 1%)": 0.0, "P(D = -1% <= R <= 0% | E = R > 1%)": 0.6764705882352942, "P(D = 0% < R <= 1% | E = R > 1%)": 0.11764705882352941, "P(D = R > 1% | E = R > 1%)": 0.20588235294117646}