{"P(D = R < -1% | E = R < -1%)": 0.34375, "P(D = -1% <= R <= 0% | E = R < -1%)": 0.5625, "P(D = 0% < R <= 1% | E = R < -1%)": 0.0, "P(D = R > 1% | E = R < -1%)": 0.09375, "P(D = R < -1% | E = -1% <= R <= 0%)": 0.07547169811320754, "P(D = -1% <= R <= 0% | E = -1% <= R <= 0%)": 0.8301886792452831, "P(D = 0% < R <= 1% | E = -1% <= R <= 0%)": 0.0, "P(D = R > 1% | E = -1% <= R <= 0%)": 0.09433962264150944, "P(D = R < -1% | E = 0% < R <= 1%)": 0.047619047619047616, "P(D = -1% <= R <= 0% | E = 0% < R <= 1%)": 0.8571428571428571, "P(D = 0% < R <= 1% | E = 0% < R <= 1%)": 0.0, "P(D = R > 1% | E = 0% < R <= 1%)": 0.09523809523809523, "P(D = R < -1% | E = R > 1%)": 0.0, "P(D = -1% <= R <= 0% | E = R > 1%)": 0.5294117647058824, "P(D = 0% < R <= 1% | E = R > 1%)": 0.0, "P(D = R > 1% | E = R > 1%)": 0.47058823529411764}