{"P(D = R < -1% | E = R < -1%)": 0.5634920634920635, "P(D = -1% <= R <= 0% | E = R < -1%)": 0.007936507936507936, "P(D = 0% < R <= 1% | E = R < -1%)": 0.007936507936507936, "P(D = R > 1% | E = R < -1%)": 0.42063492063492064, "P(D = R < -1% | E = -1% <= R <= 0%)": 0.46835443037974683, "P(D = -1% <= R <= 0% | E = -1% <= R <= 0%)": 0.012658227848101266, "P(D = 0% < R <= 1% | E = -1% <= R <= 0%)": 0.012658227848101266, "P(D = R > 1% | E = -1% <= R <= 0%)": 0.5063291139240507, "P(D = R < -1% | E = 0% < R <= 1%)": 0.4626865671641791, "P(D = -1% <= R <= 0% | E = 0% < R <= 1%)": 0.0, "P(D = 0% < R <= 1% | E = 0% < R <= 1%)": 0.0, "P(D = R > 1% | E = 0% < R <= 1%)": 0.5373134328358209, "P(D = R < -1% | E = R > 1%)": 0.29931972789115646, "P(D = -1% <= R <= 0% | E = R > 1%)": 0.006802721088435374, "P(D = 0% < R <= 1% | E = R > 1%)": 0.0, "P(D = R > 1% | E = R > 1%)": 0.6938775510204082}