{"P(D = R < -1% | E = R < -1%)": 0.4864864864864865, "P(D = -1% <= R <= 0% | E = R < -1%)": 0.02027027027027027, "P(D = 0% < R <= 1% | E = R < -1%)": 0.0, "P(D = R > 1% | E = R < -1%)": 0.49324324324324326, "P(D = R < -1% | E = -1% <= R <= 0%)": 0.3333333333333333, "P(D = -1% <= R <= 0% | E = -1% <= R <= 0%)": 0.031746031746031744, "P(D = 0% < R <= 1% | E = -1% <= R <= 0%)": 0.0, "P(D = R > 1% | E = -1% <= R <= 0%)": 0.6349206349206349, "P(D = R < -1% | E = 0% < R <= 1%)": 0.21212121212121213, "P(D = -1% <= R <= 0% | E = 0% < R <= 1%)": 0.0, "P(D = 0% < R <= 1% | E = 0% < R <= 1%)": 0.06060606060606061, "P(D = R > 1% | E = 0% < R <= 1%)": 0.7272727272727273, "P(D = R < -1% | E = R > 1%)": 0.2012987012987013, "P(D = -1% <= R <= 0% | E = R > 1%)": 0.025974025974025976, "P(D = 0% < R <= 1% | E = R > 1%)": 0.012987012987012988, "P(D = R > 1% | E = R > 1%)": 0.7597402597402597}