{"P(D = R < -1% | E = R < -1%)": 0.13392857142857142, "P(D = -1% <= R <= 0% | E = R < -1%)": 0.8214285714285714, "P(D = 0% < R <= 1% | E = R < -1%)": 0.044642857142857144, "P(D = R > 1% | E = R < -1%)": 0.0, "P(D = R < -1% | E = -1% <= R <= 0%)": 0.0380952380952381, "P(D = -1% <= R <= 0% | E = -1% <= R <= 0%)": 0.9428571428571428, "P(D = 0% < R <= 1% | E = -1% <= R <= 0%)": 0.01904761904761905, "P(D = R > 1% | E = -1% <= R <= 0%)": 0.0, "P(D = R < -1% | E = 0% < R <= 1%)": 0.06164383561643835, "P(D = -1% <= R <= 0% | E = 0% < R <= 1%)": 0.8835616438356164, "P(D = 0% < R <= 1% | E = 0% < R <= 1%)": 0.0547945205479452, "P(D = R > 1% | E = 0% < R <= 1%)": 0.0, "P(D = R < -1% | E = R > 1%)": 0.09574468085106383, "P(D = -1% <= R <= 0% | E = R > 1%)": 0.851063829787234, "P(D = 0% < R <= 1% | E = R > 1%)": 0.05319148936170213, "P(D = R > 1% | E = R > 1%)": 0.0}