{"P(D = R < -1% | E = R < -1%)": 0.19083969465648856, "P(D = -1% <= R <= 0% | E = R < -1%)": 0.7633587786259542, "P(D = 0% < R <= 1% | E = R < -1%)": 0.0, "P(D = R > 1% | E = R < -1%)": 0.04580152671755725, "P(D = R < -1% | E = -1% <= R <= 0%)": 0.07881773399014778, "P(D = -1% <= R <= 0% | E = -1% <= R <= 0%)": 0.896551724137931, "P(D = 0% < R <= 1% | E = -1% <= R <= 0%)": 0.0, "P(D = R > 1% | E = -1% <= R <= 0%)": 0.024630541871921183, "P(D = R < -1% | E = 0% < R <= 1%)": 0.0380952380952381, "P(D = -1% <= R <= 0% | E = 0% < R <= 1%)": 0.9142857142857143, "P(D = 0% < R <= 1% | E = 0% < R <= 1%)": 0.0, "P(D = R > 1% | E = 0% < R <= 1%)": 0.047619047619047616, "P(D = R < -1% | E = R > 1%)": 0.09259259259259259, "P(D = -1% <= R <= 0% | E = R > 1%)": 0.5925925925925926, "P(D = 0% < R <= 1% | E = R > 1%)": 0.0, "P(D = R > 1% | E = R > 1%)": 0.3148148148148148}