{"P(D = R < -1% | E = R < -1%)": 0.6666666666666666, "P(D = -1% <= R <= 0% | E = R < -1%)": 0.14285714285714285, "P(D = 0% < R <= 1% | E = R < -1%)": 0.047619047619047616, "P(D = R > 1% | E = R < -1%)": 0.14285714285714285, "P(D = R < -1% | E = -1% <= R <= 0%)": 0.453125, "P(D = -1% <= R <= 0% | E = -1% <= R <= 0%)": 0.3125, "P(D = 0% < R <= 1% | E = -1% <= R <= 0%)": 0.109375, "P(D = R > 1% | E = -1% <= R <= 0%)": 0.125, "P(D = R < -1% | E = 0% < R <= 1%)": 0.48333333333333334, "P(D = -1% <= R <= 0% | E = 0% < R <= 1%)": 0.25, "P(D = 0% < R <= 1% | E = 0% < R <= 1%)": 0.15, "P(D = R > 1% | E = 0% < R <= 1%)": 0.11666666666666667, "P(D = R < -1% | E = R > 1%)": 0.42857142857142855, "P(D = -1% <= R <= 0% | E = R > 1%)": 0.19642857142857142, "P(D = 0% < R <= 1% | E = R > 1%)": 0.125, "P(D = R > 1% | E = R > 1%)": 0.25}