{"P(D = R < -1% | E = R < -1%)": 0.0, "P(D = -1% <= R <= 0% | E = R < -1%)": 0.6823529411764706, "P(D = 0% < R <= 1% | E = R < -1%)": 0.21176470588235294, "P(D = R > 1% | E = R < -1%)": 0.10588235294117647, "P(D = R < -1% | E = -1% <= R <= 0%)": 0.0, "P(D = -1% <= R <= 0% | E = -1% <= R <= 0%)": 0.8478747203579419, "P(D = 0% < R <= 1% | E = -1% <= R <= 0%)": 0.12080536912751678, "P(D = R > 1% | E = -1% <= R <= 0%)": 0.03131991051454139, "P(D = R < -1% | E = 0% < R <= 1%)": 0.0, "P(D = -1% <= R <= 0% | E = 0% < R <= 1%)": 0.771712158808933, "P(D = 0% < R <= 1% | E = 0% < R <= 1%)": 0.20347394540942929, "P(D = R > 1% | E = 0% < R <= 1%)": 0.02481389578163772, "P(D = R < -1% | E = R > 1%)": 0.0, "P(D = -1% <= R <= 0% | E = R > 1%)": 0.5918367346938775, "P(D = 0% < R <= 1% | E = R > 1%)": 0.24489795918367346, "P(D = R > 1% | E = R > 1%)": 0.16326530612244897}