{"P(D = R < -1% | E = R < -1%)": 0.8307692307692308, "P(D = -1% <= R <= 0% | E = R < -1%)": 0.0, "P(D = 0% < R <= 1% | E = R < -1%)": 0.0, "P(D = R > 1% | E = R < -1%)": 0.16923076923076924, "P(D = R < -1% | E = -1% <= R <= 0%)": 0.8108108108108109, "P(D = -1% <= R <= 0% | E = -1% <= R <= 0%)": 0.0, "P(D = 0% < R <= 1% | E = -1% <= R <= 0%)": 0.0, "P(D = R > 1% | E = -1% <= R <= 0%)": 0.1891891891891892, "P(D = R < -1% | E = 0% < R <= 1%)": 0.9, "P(D = -1% <= R <= 0% | E = 0% < R <= 1%)": 0.0, "P(D = 0% < R <= 1% | E = 0% < R <= 1%)": 0.0, "P(D = R > 1% | E = 0% < R <= 1%)": 0.1, "P(D = R < -1% | E = R > 1%)": 0.6574074074074074, "P(D = -1% <= R <= 0% | E = R > 1%)": 0.009259259259259259, "P(D = 0% < R <= 1% | E = R > 1%)": 0.0, "P(D = R > 1% | E = R > 1%)": 0.3333333333333333}