{"P(D = R < -1% | E = R < -1%)": 0.5676392572944297, "P(D = -1% <= R <= 0% | E = R < -1%)": 0.3156498673740053, "P(D = 0% < R <= 1% | E = R < -1%)": 0.021220159151193633, "P(D = R > 1% | E = R < -1%)": 0.09549071618037135, "P(D = R < -1% | E = -1% <= R <= 0%)": 0.3076923076923077, "P(D = -1% <= R <= 0% | E = -1% <= R <= 0%)": 0.5833333333333334, "P(D = 0% < R <= 1% | E = -1% <= R <= 0%)": 0.0, "P(D = R > 1% | E = -1% <= R <= 0%)": 0.10897435897435898, "P(D = R < -1% | E = 0% < R <= 1%)": 0.40441176470588236, "P(D = -1% <= R <= 0% | E = 0% < R <= 1%)": 0.49264705882352944, "P(D = 0% < R <= 1% | E = 0% < R <= 1%)": 0.03676470588235294, "P(D = R > 1% | E = 0% < R <= 1%)": 0.0661764705882353, "P(D = R < -1% | E = R > 1%)": 0.3177842565597668, "P(D = -1% <= R <= 0% | E = R > 1%)": 0.45481049562682213, "P(D = 0% < R <= 1% | E = R > 1%)": 0.043731778425655975, "P(D = R > 1% | E = R > 1%)": 0.1836734693877551}