{"P(D = R < -1% | E = R < -1%)": 0.2459016393442623, "P(D = -1% <= R <= 0% | E = R < -1%)": 0.4262295081967213, "P(D = 0% < R <= 1% | E = R < -1%)": 0.26229508196721313, "P(D = R > 1% | E = R < -1%)": 0.06557377049180328, "P(D = R < -1% | E = -1% <= R <= 0%)": 0.034934497816593885, "P(D = -1% <= R <= 0% | E = -1% <= R <= 0%)": 0.5458515283842795, "P(D = 0% < R <= 1% | E = -1% <= R <= 0%)": 0.3930131004366812, "P(D = R > 1% | E = -1% <= R <= 0%)": 0.026200873362445413, "P(D = R < -1% | E = 0% < R <= 1%)": 0.050761421319796954, "P(D = -1% <= R <= 0% | E = 0% < R <= 1%)": 0.3299492385786802, "P(D = 0% < R <= 1% | E = 0% < R <= 1%)": 0.5939086294416244, "P(D = R > 1% | E = 0% < R <= 1%)": 0.025380710659898477, "P(D = R < -1% | E = R > 1%)": 0.1, "P(D = -1% <= R <= 0% | E = R > 1%)": 0.35, "P(D = 0% < R <= 1% | E = R > 1%)": 0.38333333333333336, "P(D = R > 1% | E = R > 1%)": 0.16666666666666666}