{"P(D = R < -1% | E = R < -1%)": 0.09302325581395349, "P(D = -1% <= R <= 0% | E = R < -1%)": 0.7093023255813954, "P(D = 0% < R <= 1% | E = R < -1%)": 0.10465116279069768, "P(D = R > 1% | E = R < -1%)": 0.09302325581395349, "P(D = R < -1% | E = -1% <= R <= 0%)": 0.04198473282442748, "P(D = -1% <= R <= 0% | E = -1% <= R <= 0%)": 0.8206106870229007, "P(D = 0% < R <= 1% | E = -1% <= R <= 0%)": 0.12213740458015267, "P(D = R > 1% | E = -1% <= R <= 0%)": 0.015267175572519083, "P(D = R < -1% | E = 0% < R <= 1%)": 0.03463203463203463, "P(D = -1% <= R <= 0% | E = 0% < R <= 1%)": 0.6883116883116883, "P(D = 0% < R <= 1% | E = 0% < R <= 1%)": 0.2554112554112554, "P(D = R > 1% | E = 0% < R <= 1%)": 0.021645021645021644, "P(D = R < -1% | E = R > 1%)": 0.06329113924050633, "P(D = -1% <= R <= 0% | E = R > 1%)": 0.759493670886076, "P(D = 0% < R <= 1% | E = R > 1%)": 0.13924050632911392, "P(D = R > 1% | E = R > 1%)": 0.0379746835443038}