{"P(D = R < -1% | E = R < -1%)": 0.563953488372093, "P(D = -1% <= R <= 0% | E = R < -1%)": 0.0, "P(D = 0% < R <= 1% | E = R < -1%)": 0.015503875968992248, "P(D = R > 1% | E = R < -1%)": 0.42054263565891475, "P(D = R < -1% | E = -1% <= R <= 0%)": 0.33584905660377357, "P(D = -1% <= R <= 0% | E = -1% <= R <= 0%)": 0.0, "P(D = 0% < R <= 1% | E = -1% <= R <= 0%)": 0.0, "P(D = R > 1% | E = -1% <= R <= 0%)": 0.6641509433962264, "P(D = R < -1% | E = 0% < R <= 1%)": 0.0, "P(D = -1% <= R <= 0% | E = 0% < R <= 1%)": 0.0, "P(D = 0% < R <= 1% | E = 0% < R <= 1%)": 1.0, "P(D = R > 1% | E = 0% < R <= 1%)": 0.0, "P(D = R < -1% | E = R > 1%)": 0.29606625258799174, "P(D = -1% <= R <= 0% | E = R > 1%)": 0.0, "P(D = 0% < R <= 1% | E = R > 1%)": 0.018633540372670808, "P(D = R > 1% | E = R > 1%)": 0.6853002070393375}