{"P(D = R < -1% | E = R < -1%)": 0.7816901408450704, "P(D = -1% <= R <= 0% | E = R < -1%)": 0.07746478873239436, "P(D = 0% < R <= 1% | E = R < -1%)": 0.0, "P(D = R > 1% | E = R < -1%)": 0.14084507042253522, "P(D = R < -1% | E = -1% <= R <= 0%)": 0.6583333333333333, "P(D = -1% <= R <= 0% | E = -1% <= R <= 0%)": 0.14166666666666666, "P(D = 0% < R <= 1% | E = -1% <= R <= 0%)": 0.0, "P(D = R > 1% | E = -1% <= R <= 0%)": 0.2, "P(D = R < -1% | E = 0% < R <= 1%)": 0.7741935483870968, "P(D = -1% <= R <= 0% | E = 0% < R <= 1%)": 0.043010752688172046, "P(D = 0% < R <= 1% | E = 0% < R <= 1%)": 0.0, "P(D = R > 1% | E = 0% < R <= 1%)": 0.1827956989247312, "P(D = R < -1% | E = R > 1%)": 0.6428571428571429, "P(D = -1% <= R <= 0% | E = R > 1%)": 0.07142857142857142, "P(D = 0% < R <= 1% | E = R > 1%)": 0.0, "P(D = R > 1% | E = R > 1%)": 0.2857142857142857}