{"P(D = R < -1% | E = R < -1%)": 0.4891304347826087, "P(D = -1% <= R <= 0% | E = R < -1%)": 0.19202898550724637, "P(D = 0% < R <= 1% | E = R < -1%)": 0.0, "P(D = R > 1% | E = R < -1%)": 0.3188405797101449, "P(D = R < -1% | E = -1% <= R <= 0%)": 0.23897058823529413, "P(D = -1% <= R <= 0% | E = -1% <= R <= 0%)": 0.5055147058823529, "P(D = 0% < R <= 1% | E = -1% <= R <= 0%)": 0.0, "P(D = R > 1% | E = -1% <= R <= 0%)": 0.2555147058823529, "P(D = R < -1% | E = 0% < R <= 1%)": 0.2116788321167883, "P(D = -1% <= R <= 0% | E = 0% < R <= 1%)": 0.32116788321167883, "P(D = 0% < R <= 1% | E = 0% < R <= 1%)": 0.0, "P(D = R > 1% | E = 0% < R <= 1%)": 0.46715328467153283, "P(D = R < -1% | E = R > 1%)": 0.2517361111111111, "P(D = -1% <= R <= 0% | E = R > 1%)": 0.24305555555555555, "P(D = 0% < R <= 1% | E = R > 1%)": 0.0, "P(D = R > 1% | E = R > 1%)": 0.5052083333333334}