{"P(D = R < -1% | E = R < -1%)": 0.19198664440734559, "P(D = -1% <= R <= 0% | E = R < -1%)": 0.667779632721202, "P(D = 0% < R <= 1% | E = R < -1%)": 0.038397328881469114, "P(D = R > 1% | E = R < -1%)": 0.1018363939899833, "P(D = R < -1% | E = -1% <= R <= 0%)": 0.05029585798816568, "P(D = -1% <= R <= 0% | E = -1% <= R <= 0%)": 0.8392504930966469, "P(D = 0% < R <= 1% | E = -1% <= R <= 0%)": 0.03747534516765286, "P(D = R > 1% | E = -1% <= R <= 0%)": 0.07297830374753451, "P(D = R < -1% | E = 0% < R <= 1%)": 0.03894297635605007, "P(D = -1% <= R <= 0% | E = 0% < R <= 1%)": 0.780250347705146, "P(D = 0% < R <= 1% | E = 0% < R <= 1%)": 0.09040333796940195, "P(D = R > 1% | E = 0% < R <= 1%)": 0.09040333796940195, "P(D = R < -1% | E = R > 1%)": 0.06097560975609756, "P(D = -1% <= R <= 0% | E = R > 1%)": 0.6219512195121951, "P(D = 0% < R <= 1% | E = R > 1%)": 0.0975609756097561, "P(D = R > 1% | E = R > 1%)": 0.21951219512195122}