{"P(D = R < -1% | E = R < -1%)": 0.40064102564102566, "P(D = -1% <= R <= 0% | E = R < -1%)": 0.30833333333333335, "P(D = 0% < R <= 1% | E = R < -1%)": 0.0, "P(D = R > 1% | E = R < -1%)": 0.29102564102564105, "P(D = R < -1% | E = -1% <= R <= 0%)": 0.30453020134228187, "P(D = -1% <= R <= 0% | E = -1% <= R <= 0%)": 0.3926174496644295, "P(D = 0% < R <= 1% | E = -1% <= R <= 0%)": 0.0, "P(D = R > 1% | E = -1% <= R <= 0%)": 0.3028523489932886, "P(D = R < -1% | E = 0% < R <= 1%)": 0.2978723404255319, "P(D = -1% <= R <= 0% | E = 0% < R <= 1%)": 0.39173967459324155, "P(D = 0% < R <= 1% | E = 0% < R <= 1%)": 0.0, "P(D = R > 1% | E = 0% < R <= 1%)": 0.31038798498122655, "P(D = R < -1% | E = R > 1%)": 0.3058898036732109, "P(D = -1% <= R <= 0% | E = R > 1%)": 0.3223559214692844, "P(D = 0% < R <= 1% | E = R > 1%)": 0.0, "P(D = R > 1% | E = R > 1%)": 0.37175427485750473}