{"P(D = R < -1% | E = R < -1%)": 0.5198019801980198, "P(D = -1% <= R <= 0% | E = R < -1%)": 0.18316831683168316, "P(D = 0% < R <= 1% | E = R < -1%)": 0.0, "P(D = R > 1% | E = R < -1%)": 0.297029702970297, "P(D = R < -1% | E = -1% <= R <= 0%)": 0.41061946902654867, "P(D = -1% <= R <= 0% | E = -1% <= R <= 0%)": 0.22831858407079647, "P(D = 0% < R <= 1% | E = -1% <= R <= 0%)": 0.0, "P(D = R > 1% | E = -1% <= R <= 0%)": 0.36106194690265486, "P(D = R < -1% | E = 0% < R <= 1%)": 0.34944237918215615, "P(D = -1% <= R <= 0% | E = 0% < R <= 1%)": 0.24907063197026022, "P(D = 0% < R <= 1% | E = 0% < R <= 1%)": 0.0, "P(D = R > 1% | E = 0% < R <= 1%)": 0.40148698884758366, "P(D = R < -1% | E = R > 1%)": 0.28815261044176704, "P(D = -1% <= R <= 0% | E = R > 1%)": 0.17771084337349397, "P(D = 0% < R <= 1% | E = R > 1%)": 0.0, "P(D = R > 1% | E = R > 1%)": 0.5341365461847389}