{"P(D = R < -1% | E = R < -1%)": 0.4083885209713024, "P(D = -1% <= R <= 0% | E = R < -1%)": 0.423841059602649, "P(D = 0% < R <= 1% | E = R < -1%)": 0.0, "P(D = R > 1% | E = R < -1%)": 0.16777041942604856, "P(D = R < -1% | E = -1% <= R <= 0%)": 0.15132924335378323, "P(D = -1% <= R <= 0% | E = -1% <= R <= 0%)": 0.721881390593047, "P(D = 0% < R <= 1% | E = -1% <= R <= 0%)": 0.002044989775051125, "P(D = R > 1% | E = -1% <= R <= 0%)": 0.12474437627811862, "P(D = R < -1% | E = 0% < R <= 1%)": 0.23469387755102042, "P(D = -1% <= R <= 0% | E = 0% < R <= 1%)": 0.5816326530612245, "P(D = 0% < R <= 1% | E = 0% < R <= 1%)": 0.01020408163265306, "P(D = R > 1% | E = 0% < R <= 1%)": 0.17346938775510204, "P(D = R < -1% | E = R > 1%)": 0.18255578093306288, "P(D = -1% <= R <= 0% | E = R > 1%)": 0.3995943204868154, "P(D = 0% < R <= 1% | E = R > 1%)": 0.0, "P(D = R > 1% | E = R > 1%)": 0.4178498985801217}