{"P(D = R < -1% | E = R < -1%)": 0.32142857142857145, "P(D = -1% <= R <= 0% | E = R < -1%)": 0.6428571428571429, "P(D = 0% < R <= 1% | E = R < -1%)": 0.03571428571428571, "P(D = R > 1% | E = R < -1%)": 0.0, "P(D = R < -1% | E = -1% <= R <= 0%)": 0.07894736842105263, "P(D = -1% <= R <= 0% | E = -1% <= R <= 0%)": 0.8947368421052632, "P(D = 0% < R <= 1% | E = -1% <= R <= 0%)": 0.02631578947368421, "P(D = R > 1% | E = -1% <= R <= 0%)": 0.0, "P(D = R < -1% | E = 0% < R <= 1%)": 0.0, "P(D = -1% <= R <= 0% | E = 0% < R <= 1%)": 0.0, "P(D = 0% < R <= 1% | E = 0% < R <= 1%)": 1.0, "P(D = R > 1% | E = 0% < R <= 1%)": 0.0, "P(D = R < -1% | E = R > 1%)": 0.0, "P(D = -1% <= R <= 0% | E = R > 1%)": 1.0, "P(D = 0% < R <= 1% | E = R > 1%)": 0.0, "P(D = R > 1% | E = R > 1%)": 0.0}