{"P(D = R < -1% | E = R < -1%)": 0.5611510791366906, "P(D = -1% <= R <= 0% | E = R < -1%)": 0.302158273381295, "P(D = 0% < R <= 1% | E = R < -1%)": 0.050359712230215826, "P(D = R > 1% | E = R < -1%)": 0.08633093525179857, "P(D = R < -1% | E = -1% <= R <= 0%)": 0.45528455284552843, "P(D = -1% <= R <= 0% | E = -1% <= R <= 0%)": 0.4634146341463415, "P(D = 0% < R <= 1% | E = -1% <= R <= 0%)": 0.032520325203252036, "P(D = R > 1% | E = -1% <= R <= 0%)": 0.04878048780487805, "P(D = R < -1% | E = 0% < R <= 1%)": 0.5232558139534884, "P(D = -1% <= R <= 0% | E = 0% < R <= 1%)": 0.32558139534883723, "P(D = 0% < R <= 1% | E = 0% < R <= 1%)": 0.10465116279069768, "P(D = R > 1% | E = 0% < R <= 1%)": 0.046511627906976744, "P(D = R < -1% | E = R > 1%)": 0.5050505050505051, "P(D = -1% <= R <= 0% | E = R > 1%)": 0.31313131313131315, "P(D = 0% < R <= 1% | E = R > 1%)": 0.0707070707070707, "P(D = R > 1% | E = R > 1%)": 0.1111111111111111}