{"P(D = R < -1% | E = R < -1%)": 0.11647727272727272, "P(D = -1% <= R <= 0% | E = R < -1%)": 0.42992424242424243, "P(D = 0% < R <= 1% | E = R < -1%)": 0.10795454545454546, "P(D = R > 1% | E = R < -1%)": 0.3456439393939394, "P(D = R < -1% | E = -1% <= R <= 0%)": 0.05263157894736842, "P(D = -1% <= R <= 0% | E = -1% <= R <= 0%)": 0.7132486388384754, "P(D = 0% < R <= 1% | E = -1% <= R <= 0%)": 0.056261343012704176, "P(D = R > 1% | E = -1% <= R <= 0%)": 0.17785843920145192, "P(D = R < -1% | E = 0% < R <= 1%)": 0.15028901734104047, "P(D = -1% <= R <= 0% | E = 0% < R <= 1%)": 0.21965317919075145, "P(D = 0% < R <= 1% | E = 0% < R <= 1%)": 0.16184971098265896, "P(D = R > 1% | E = 0% < R <= 1%)": 0.4682080924855491, "P(D = R < -1% | E = R > 1%)": 0.09698681732580038, "P(D = -1% <= R <= 0% | E = R > 1%)": 0.4670433145009416, "P(D = 0% < R <= 1% | E = R > 1%)": 0.0951035781544256, "P(D = R > 1% | E = R > 1%)": 0.3408662900188324}