{"P(D = R < -1% | E = R < -1%)": 0.3546099290780142, "P(D = -1% <= R <= 0% | E = R < -1%)": 0.1702127659574468, "P(D = 0% < R <= 1% | E = R < -1%)": 0.0, "P(D = R > 1% | E = R < -1%)": 0.475177304964539, "P(D = R < -1% | E = -1% <= R <= 0%)": 0.2066115702479339, "P(D = -1% <= R <= 0% | E = -1% <= R <= 0%)": 0.256198347107438, "P(D = 0% < R <= 1% | E = -1% <= R <= 0%)": 0.01652892561983471, "P(D = R > 1% | E = -1% <= R <= 0%)": 0.5206611570247934, "P(D = R < -1% | E = 0% < R <= 1%)": 0.3522727272727273, "P(D = -1% <= R <= 0% | E = 0% < R <= 1%)": 0.17045454545454544, "P(D = 0% < R <= 1% | E = 0% < R <= 1%)": 0.0, "P(D = R > 1% | E = 0% < R <= 1%)": 0.4772727272727273, "P(D = R < -1% | E = R > 1%)": 0.2413793103448276, "P(D = -1% <= R <= 0% | E = R > 1%)": 0.13793103448275862, "P(D = 0% < R <= 1% | E = R > 1%)": 0.006896551724137931, "P(D = R > 1% | E = R > 1%)": 0.6137931034482759}