{"P(D = R < -1% | E = R < -1%)": 0.24746743849493488, "P(D = -1% <= R <= 0% | E = R < -1%)": 0.6085383502170767, "P(D = 0% < R <= 1% | E = R < -1%)": 0.0, "P(D = R > 1% | E = R < -1%)": 0.14399421128798842, "P(D = R < -1% | E = -1% <= R <= 0%)": 0.1217008797653959, "P(D = -1% <= R <= 0% | E = -1% <= R <= 0%)": 0.7346041055718475, "P(D = 0% < R <= 1% | E = -1% <= R <= 0%)": 0.0, "P(D = R > 1% | E = -1% <= R <= 0%)": 0.1436950146627566, "P(D = R < -1% | E = 0% < R <= 1%)": 0.08312655086848635, "P(D = -1% <= R <= 0% | E = 0% < R <= 1%)": 0.7543424317617866, "P(D = 0% < R <= 1% | E = 0% < R <= 1%)": 0.0, "P(D = R > 1% | E = 0% < R <= 1%)": 0.16253101736972705, "P(D = R < -1% | E = R > 1%)": 0.10548523206751055, "P(D = -1% <= R <= 0% | E = R > 1%)": 0.5766526019690577, "P(D = 0% < R <= 1% | E = R > 1%)": 0.0, "P(D = R > 1% | E = R > 1%)": 0.3178621659634318}