{"P(D = R < -1% | E = R < -1%)": 0.21195652173913043, "P(D = -1% <= R <= 0% | E = R < -1%)": 0.5054347826086957, "P(D = 0% < R <= 1% | E = R < -1%)": 0.18478260869565216, "P(D = R > 1% | E = R < -1%)": 0.09782608695652174, "P(D = R < -1% | E = -1% <= R <= 0%)": 0.046, "P(D = -1% <= R <= 0% | E = -1% <= R <= 0%)": 0.662, "P(D = 0% < R <= 1% | E = -1% <= R <= 0%)": 0.25, "P(D = R > 1% | E = -1% <= R <= 0%)": 0.042, "P(D = R < -1% | E = 0% < R <= 1%)": 0.029166666666666667, "P(D = -1% <= R <= 0% | E = 0% < R <= 1%)": 0.5708333333333333, "P(D = 0% < R <= 1% | E = 0% < R <= 1%)": 0.3333333333333333, "P(D = R > 1% | E = 0% < R <= 1%)": 0.06666666666666667, "P(D = R < -1% | E = R > 1%)": 0.04864864864864865, "P(D = -1% <= R <= 0% | E = R > 1%)": 0.42702702702702705, "P(D = 0% < R <= 1% | E = R > 1%)": 0.2918918918918919, "P(D = R > 1% | E = R > 1%)": 0.23243243243243245}