{"P(D = R < -1% | E = R < -1%)": 0.12, "P(D = -1% <= R <= 0% | E = R < -1%)": 0.78, "P(D = 0% < R <= 1% | E = R < -1%)": 0.0, "P(D = R > 1% | E = R < -1%)": 0.1, "P(D = R < -1% | E = -1% <= R <= 0%)": 0.029069767441860465, "P(D = -1% <= R <= 0% | E = -1% <= R <= 0%)": 0.936046511627907, "P(D = 0% < R <= 1% | E = -1% <= R <= 0%)": 0.0, "P(D = R > 1% | E = -1% <= R <= 0%)": 0.03488372093023256, "P(D = R < -1% | E = 0% < R <= 1%)": 0.022222222222222223, "P(D = -1% <= R <= 0% | E = 0% < R <= 1%)": 0.7777777777777778, "P(D = 0% < R <= 1% | E = 0% < R <= 1%)": 0.0, "P(D = R > 1% | E = 0% < R <= 1%)": 0.2, "P(D = R < -1% | E = R > 1%)": 0.0, "P(D = -1% <= R <= 0% | E = R > 1%)": 0.5614035087719298, "P(D = 0% < R <= 1% | E = R > 1%)": 0.0, "P(D = R > 1% | E = R > 1%)": 0.43859649122807015}