{"P(D = R < -1% | E = R < -1%)": 0.22562674094707522, "P(D = -1% <= R <= 0% | E = R < -1%)": 0.6434540389972145, "P(D = 0% < R <= 1% | E = R < -1%)": 0.08635097493036212, "P(D = R > 1% | E = R < -1%)": 0.04456824512534819, "P(D = R < -1% | E = -1% <= R <= 0%)": 0.06643757159221077, "P(D = -1% <= R <= 0% | E = -1% <= R <= 0%)": 0.7422680412371134, "P(D = 0% < R <= 1% | E = -1% <= R <= 0%)": 0.17869415807560138, "P(D = R > 1% | E = -1% <= R <= 0%)": 0.012600229095074456, "P(D = R < -1% | E = 0% < R <= 1%)": 0.036036036036036036, "P(D = -1% <= R <= 0% | E = 0% < R <= 1%)": 0.6306306306306306, "P(D = 0% < R <= 1% | E = 0% < R <= 1%)": 0.305019305019305, "P(D = R > 1% | E = 0% < R <= 1%)": 0.028314028314028315, "P(D = R < -1% | E = R > 1%)": 0.06432748538011696, "P(D = -1% <= R <= 0% | E = R > 1%)": 0.5292397660818714, "P(D = 0% < R <= 1% | E = R > 1%)": 0.28362573099415206, "P(D = R > 1% | E = R > 1%)": 0.12280701754385964}