{"P(D = R < -1% | E = R < -1%)": 0.5925925925925926, "P(D = -1% <= R <= 0% | E = R < -1%)": 0.024691358024691357, "P(D = 0% < R <= 1% | E = R < -1%)": 0.0, "P(D = R > 1% | E = R < -1%)": 0.38271604938271603, "P(D = R < -1% | E = -1% <= R <= 0%)": 0.4915254237288136, "P(D = -1% <= R <= 0% | E = -1% <= R <= 0%)": 0.0847457627118644, "P(D = 0% < R <= 1% | E = -1% <= R <= 0%)": 0.0, "P(D = R > 1% | E = -1% <= R <= 0%)": 0.423728813559322, "P(D = R < -1% | E = 0% < R <= 1%)": 0.4117647058823529, "P(D = -1% <= R <= 0% | E = 0% < R <= 1%)": 0.058823529411764705, "P(D = 0% < R <= 1% | E = 0% < R <= 1%)": 0.0, "P(D = R > 1% | E = 0% < R <= 1%)": 0.5294117647058824, "P(D = R < -1% | E = R > 1%)": 0.26744186046511625, "P(D = -1% <= R <= 0% | E = R > 1%)": 0.011627906976744186, "P(D = 0% < R <= 1% | E = R > 1%)": 0.0, "P(D = R > 1% | E = R > 1%)": 0.7209302325581395}