{"P(D = R < -1% | E = R < -1%)": 0.09090909090909091, "P(D = -1% <= R <= 0% | E = R < -1%)": 0.5, "P(D = 0% < R <= 1% | E = R < -1%)": 0.38636363636363635, "P(D = R > 1% | E = R < -1%)": 0.022727272727272728, "P(D = R < -1% | E = -1% <= R <= 0%)": 0.03076923076923077, "P(D = -1% <= R <= 0% | E = -1% <= R <= 0%)": 0.47692307692307695, "P(D = 0% < R <= 1% | E = -1% <= R <= 0%)": 0.48717948717948717, "P(D = R > 1% | E = -1% <= R <= 0%)": 0.005128205128205128, "P(D = R < -1% | E = 0% < R <= 1%)": 0.031088082901554404, "P(D = -1% <= R <= 0% | E = 0% < R <= 1%)": 0.30569948186528495, "P(D = 0% < R <= 1% | E = 0% < R <= 1%)": 0.6580310880829016, "P(D = R > 1% | E = 0% < R <= 1%)": 0.0051813471502590676, "P(D = R < -1% | E = R > 1%)": 0.0, "P(D = -1% <= R <= 0% | E = R > 1%)": 0.36363636363636365, "P(D = 0% < R <= 1% | E = R > 1%)": 0.48484848484848486, "P(D = R > 1% | E = R > 1%)": 0.15151515151515152}