{"P(D = R < -1% | E = R < -1%)": 0.31297709923664124, "P(D = -1% <= R <= 0% | E = R < -1%)": 0.6183206106870229, "P(D = 0% < R <= 1% | E = R < -1%)": 0.0, "P(D = R > 1% | E = R < -1%)": 0.06870229007633588, "P(D = R < -1% | E = -1% <= R <= 0%)": 0.09933774834437085, "P(D = -1% <= R <= 0% | E = -1% <= R <= 0%)": 0.8145695364238411, "P(D = 0% < R <= 1% | E = -1% <= R <= 0%)": 0.0, "P(D = R > 1% | E = -1% <= R <= 0%)": 0.08609271523178808, "P(D = R < -1% | E = 0% < R <= 1%)": 0.08536585365853659, "P(D = -1% <= R <= 0% | E = 0% < R <= 1%)": 0.7439024390243902, "P(D = 0% < R <= 1% | E = 0% < R <= 1%)": 0.0, "P(D = R > 1% | E = 0% < R <= 1%)": 0.17073170731707318, "P(D = R < -1% | E = R > 1%)": 0.061946902654867256, "P(D = -1% <= R <= 0% | E = R > 1%)": 0.5752212389380531, "P(D = 0% < R <= 1% | E = R > 1%)": 0.0, "P(D = R > 1% | E = R > 1%)": 0.36283185840707965}