{"P(D = R < -1% | E = R < -1%)": 0.4380242311276794, "P(D = -1% <= R <= 0% | E = R < -1%)": 0.4426840633737186, "P(D = 0% < R <= 1% | E = R < -1%)": 0.01863932898415657, "P(D = R > 1% | E = R < -1%)": 0.10065237651444547, "P(D = R < -1% | E = -1% <= R <= 0%)": 0.17369186046511628, "P(D = -1% <= R <= 0% | E = -1% <= R <= 0%)": 0.7652616279069767, "P(D = 0% < R <= 1% | E = -1% <= R <= 0%)": 0.006540697674418605, "P(D = R > 1% | E = -1% <= R <= 0%)": 0.05450581395348837, "P(D = R < -1% | E = 0% < R <= 1%)": 0.4148606811145511, "P(D = -1% <= R <= 0% | E = 0% < R <= 1%)": 0.3219814241486068, "P(D = 0% < R <= 1% | E = 0% < R <= 1%)": 0.02786377708978328, "P(D = R > 1% | E = 0% < R <= 1%)": 0.23529411764705882, "P(D = R < -1% | E = R > 1%)": 0.24904942965779467, "P(D = -1% <= R <= 0% | E = R > 1%)": 0.5665399239543726, "P(D = 0% < R <= 1% | E = R > 1%)": 0.017110266159695818, "P(D = R > 1% | E = R > 1%)": 0.16730038022813687}