{"P(D = R < -1% | E = R < -1%)": 0.18421052631578946, "P(D = -1% <= R <= 0% | E = R < -1%)": 0.7105263157894737, "P(D = 0% < R <= 1% | E = R < -1%)": 0.0, "P(D = R > 1% | E = R < -1%)": 0.10526315789473684, "P(D = R < -1% | E = -1% <= R <= 0%)": 0.030612244897959183, "P(D = -1% <= R <= 0% | E = -1% <= R <= 0%)": 0.9285714285714286, "P(D = 0% < R <= 1% | E = -1% <= R <= 0%)": 0.0, "P(D = R > 1% | E = -1% <= R <= 0%)": 0.04081632653061224, "P(D = R < -1% | E = 0% < R <= 1%)": 0.07142857142857142, "P(D = -1% <= R <= 0% | E = 0% < R <= 1%)": 0.7857142857142857, "P(D = 0% < R <= 1% | E = 0% < R <= 1%)": 0.0, "P(D = R > 1% | E = 0% < R <= 1%)": 0.14285714285714285, "P(D = R < -1% | E = R > 1%)": 0.02631578947368421, "P(D = -1% <= R <= 0% | E = R > 1%)": 0.631578947368421, "P(D = 0% < R <= 1% | E = R > 1%)": 0.0, "P(D = R > 1% | E = R > 1%)": 0.34210526315789475}