{"P(D = R < -1% | E = R < -1%)": 0.21686746987951808, "P(D = -1% <= R <= 0% | E = R < -1%)": 0.6867469879518072, "P(D = 0% < R <= 1% | E = R < -1%)": 0.0, "P(D = R > 1% | E = R < -1%)": 0.0963855421686747, "P(D = R < -1% | E = -1% <= R <= 0%)": 0.16981132075471697, "P(D = -1% <= R <= 0% | E = -1% <= R <= 0%)": 0.7075471698113207, "P(D = 0% < R <= 1% | E = -1% <= R <= 0%)": 0.0, "P(D = R > 1% | E = -1% <= R <= 0%)": 0.12264150943396226, "P(D = R < -1% | E = 0% < R <= 1%)": 0.16, "P(D = -1% <= R <= 0% | E = 0% < R <= 1%)": 0.76, "P(D = 0% < R <= 1% | E = 0% < R <= 1%)": 0.0, "P(D = R > 1% | E = 0% < R <= 1%)": 0.08, "P(D = R < -1% | E = R > 1%)": 0.08641975308641975, "P(D = -1% <= R <= 0% | E = R > 1%)": 0.5185185185185185, "P(D = 0% < R <= 1% | E = R > 1%)": 0.0, "P(D = R > 1% | E = R > 1%)": 0.3950617283950617}