{"P(D = R < -1% | E = R < -1%)": 0.5410668924640135, "P(D = -1% <= R <= 0% | E = R < -1%)": 0.001693480101608806, "P(D = 0% < R <= 1% | E = R < -1%)": 0.0, "P(D = R > 1% | E = R < -1%)": 0.4572396274343776, "P(D = R < -1% | E = -1% <= R <= 0%)": 0.4814264487369985, "P(D = -1% <= R <= 0% | E = -1% <= R <= 0%)": 0.010401188707280832, "P(D = 0% < R <= 1% | E = -1% <= R <= 0%)": 0.0, "P(D = R > 1% | E = -1% <= R <= 0%)": 0.5081723625557206, "P(D = R < -1% | E = 0% < R <= 1%)": 0.4794816414686825, "P(D = -1% <= R <= 0% | E = 0% < R <= 1%)": 0.008639308855291577, "P(D = 0% < R <= 1% | E = 0% < R <= 1%)": 0.0, "P(D = R > 1% | E = 0% < R <= 1%)": 0.5118790496760259, "P(D = R < -1% | E = R > 1%)": 0.40214698596201487, "P(D = -1% <= R <= 0% | E = R > 1%)": 0.004128819157720892, "P(D = 0% < R <= 1% | E = R > 1%)": 0.0, "P(D = R > 1% | E = R > 1%)": 0.5937241948802643}