{"P(D = R < -1% | E = R < -1%)": 0.09064327485380116, "P(D = -1% <= R <= 0% | E = R < -1%)": 0.8128654970760234, "P(D = 0% < R <= 1% | E = R < -1%)": 0.0, "P(D = R > 1% | E = R < -1%)": 0.09649122807017543, "P(D = R < -1% | E = -1% <= R <= 0%)": 0.06046511627906977, "P(D = -1% <= R <= 0% | E = -1% <= R <= 0%)": 0.8558139534883721, "P(D = 0% < R <= 1% | E = -1% <= R <= 0%)": 0.0, "P(D = R > 1% | E = -1% <= R <= 0%)": 0.08372093023255814, "P(D = R < -1% | E = 0% < R <= 1%)": 0.06716417910447761, "P(D = -1% <= R <= 0% | E = 0% < R <= 1%)": 0.8582089552238806, "P(D = 0% < R <= 1% | E = 0% < R <= 1%)": 0.0, "P(D = R > 1% | E = 0% < R <= 1%)": 0.07462686567164178, "P(D = R < -1% | E = R > 1%)": 0.06593406593406594, "P(D = -1% <= R <= 0% | E = R > 1%)": 0.6840659340659341, "P(D = 0% < R <= 1% | E = R > 1%)": 0.0, "P(D = R > 1% | E = R > 1%)": 0.25}