{"P(D = R < -1% | E = R < -1%)": 0.05956112852664577, "P(D = -1% <= R <= 0% | E = R < -1%)": 0.6520376175548589, "P(D = 0% < R <= 1% | E = R < -1%)": 0.14106583072100312, "P(D = R > 1% | E = R < -1%)": 0.14733542319749215, "P(D = R < -1% | E = -1% <= R <= 0%)": 0.02850877192982456, "P(D = -1% <= R <= 0% | E = -1% <= R <= 0%)": 0.7741228070175439, "P(D = 0% < R <= 1% | E = -1% <= R <= 0%)": 0.1162280701754386, "P(D = R > 1% | E = -1% <= R <= 0%)": 0.08114035087719298, "P(D = R < -1% | E = 0% < R <= 1%)": 0.03398058252427184, "P(D = -1% <= R <= 0% | E = 0% < R <= 1%)": 0.6747572815533981, "P(D = 0% < R <= 1% | E = 0% < R <= 1%)": 0.17718446601941748, "P(D = R > 1% | E = 0% < R <= 1%)": 0.11407766990291263, "P(D = R < -1% | E = R > 1%)": 0.0423728813559322, "P(D = -1% <= R <= 0% | E = R > 1%)": 0.6666666666666666, "P(D = 0% < R <= 1% | E = R > 1%)": 0.12146892655367232, "P(D = R > 1% | E = R > 1%)": 0.1694915254237288}