{"P(D = R < -1% | E = R < -1%)": 0.1394736842105263, "P(D = -1% <= R <= 0% | E = R < -1%)": 0.7473684210526316, "P(D = 0% < R <= 1% | E = R < -1%)": 0.018421052631578946, "P(D = R > 1% | E = R < -1%)": 0.09473684210526316, "P(D = R < -1% | E = -1% <= R <= 0%)": 0.04413472706155633, "P(D = -1% <= R <= 0% | E = -1% <= R <= 0%)": 0.9175377468060395, "P(D = 0% < R <= 1% | E = -1% <= R <= 0%)": 0.005807200929152149, "P(D = R > 1% | E = -1% <= R <= 0%)": 0.032520325203252036, "P(D = R < -1% | E = 0% < R <= 1%)": 0.008791208791208791, "P(D = -1% <= R <= 0% | E = 0% < R <= 1%)": 0.9186813186813186, "P(D = 0% < R <= 1% | E = 0% < R <= 1%)": 0.015384615384615385, "P(D = R > 1% | E = 0% < R <= 1%)": 0.05714285714285714, "P(D = R < -1% | E = R > 1%)": 0.06442577030812324, "P(D = -1% <= R <= 0% | E = R > 1%)": 0.6470588235294118, "P(D = 0% < R <= 1% | E = R > 1%)": 0.028011204481792718, "P(D = R > 1% | E = R > 1%)": 0.2605042016806723}