{"P(D = R < -1% | E = R < -1%)": 0.1513157894736842, "P(D = -1% <= R <= 0% | E = R < -1%)": 0.5592105263157895, "P(D = 0% < R <= 1% | E = R < -1%)": 0.20394736842105263, "P(D = R > 1% | E = R < -1%)": 0.08552631578947369, "P(D = R < -1% | E = -1% <= R <= 0%)": 0.030998851894374284, "P(D = -1% <= R <= 0% | E = -1% <= R <= 0%)": 0.8668197474167624, "P(D = 0% < R <= 1% | E = -1% <= R <= 0%)": 0.08381171067738231, "P(D = R > 1% | E = -1% <= R <= 0%)": 0.018369690011481057, "P(D = R < -1% | E = 0% < R <= 1%)": 0.035856573705179286, "P(D = -1% <= R <= 0% | E = 0% < R <= 1%)": 0.8207171314741036, "P(D = 0% < R <= 1% | E = 0% < R <= 1%)": 0.12350597609561753, "P(D = R > 1% | E = 0% < R <= 1%)": 0.0199203187250996, "P(D = R < -1% | E = R > 1%)": 0.10810810810810811, "P(D = -1% <= R <= 0% | E = R > 1%)": 0.5297297297297298, "P(D = 0% < R <= 1% | E = R > 1%)": 0.16756756756756758, "P(D = R > 1% | E = R > 1%)": 0.1945945945945946}