{"P(D = R < -1% | E = R < -1%)": 0.7606837606837606, "P(D = -1% <= R <= 0% | E = R < -1%)": 0.017094017094017096, "P(D = 0% < R <= 1% | E = R < -1%)": 0.0, "P(D = R > 1% | E = R < -1%)": 0.2222222222222222, "P(D = R < -1% | E = -1% <= R <= 0%)": 0.7368421052631579, "P(D = -1% <= R <= 0% | E = -1% <= R <= 0%)": 0.02631578947368421, "P(D = 0% < R <= 1% | E = -1% <= R <= 0%)": 0.0, "P(D = R > 1% | E = -1% <= R <= 0%)": 0.23684210526315788, "P(D = R < -1% | E = 0% < R <= 1%)": 0.5555555555555556, "P(D = -1% <= R <= 0% | E = 0% < R <= 1%)": 0.031746031746031744, "P(D = 0% < R <= 1% | E = 0% < R <= 1%)": 0.0, "P(D = R > 1% | E = 0% < R <= 1%)": 0.4126984126984127, "P(D = R < -1% | E = R > 1%)": 0.4766355140186916, "P(D = -1% <= R <= 0% | E = R > 1%)": 0.028037383177570093, "P(D = 0% < R <= 1% | E = R > 1%)": 0.0, "P(D = R > 1% | E = R > 1%)": 0.4953271028037383}