{"P(D = R < -1% | E = R < -1%)": 0.3654688869412796, "P(D = -1% <= R <= 0% | E = R < -1%)": 0.43470639789658194, "P(D = 0% < R <= 1% | E = R < -1%)": 0.0, "P(D = R > 1% | E = R < -1%)": 0.19982471516213848, "P(D = R < -1% | E = -1% <= R <= 0%)": 0.2294238683127572, "P(D = -1% <= R <= 0% | E = -1% <= R <= 0%)": 0.5689300411522634, "P(D = 0% < R <= 1% | E = -1% <= R <= 0%)": 0.0, "P(D = R > 1% | E = -1% <= R <= 0%)": 0.20164609053497942, "P(D = R < -1% | E = 0% < R <= 1%)": 0.19516129032258064, "P(D = -1% <= R <= 0% | E = 0% < R <= 1%)": 0.5596774193548387, "P(D = 0% < R <= 1% | E = 0% < R <= 1%)": 0.0, "P(D = R > 1% | E = 0% < R <= 1%)": 0.24516129032258063, "P(D = R < -1% | E = R > 1%)": 0.20111287758346583, "P(D = -1% <= R <= 0% | E = R > 1%)": 0.4093799682034976, "P(D = 0% < R <= 1% | E = R > 1%)": 0.0, "P(D = R > 1% | E = R > 1%)": 0.38950715421303655}