{"P(D = R < -1% | E = R < -1%)": 0.4246913580246914, "P(D = -1% <= R <= 0% | E = R < -1%)": 0.2123456790123457, "P(D = 0% < R <= 1% | E = R < -1%)": 0.0345679012345679, "P(D = R > 1% | E = R < -1%)": 0.32839506172839505, "P(D = R < -1% | E = -1% <= R <= 0%)": 0.23103448275862068, "P(D = -1% <= R <= 0% | E = -1% <= R <= 0%)": 0.46551724137931033, "P(D = 0% < R <= 1% | E = -1% <= R <= 0%)": 0.05862068965517241, "P(D = R > 1% | E = -1% <= R <= 0%)": 0.24482758620689654, "P(D = R < -1% | E = 0% < R <= 1%)": 0.3073170731707317, "P(D = -1% <= R <= 0% | E = 0% < R <= 1%)": 0.3902439024390244, "P(D = 0% < R <= 1% | E = 0% < R <= 1%)": 0.06829268292682927, "P(D = R > 1% | E = 0% < R <= 1%)": 0.23414634146341465, "P(D = R < -1% | E = R > 1%)": 0.3492063492063492, "P(D = -1% <= R <= 0% | E = R > 1%)": 0.21428571428571427, "P(D = 0% < R <= 1% | E = R > 1%)": 0.021164021164021163, "P(D = R > 1% | E = R > 1%)": 0.41534391534391535}