{"P(D = R < -1% | E = R < -1%)": 0.2261904761904762, "P(D = -1% <= R <= 0% | E = R < -1%)": 0.4523809523809524, "P(D = 0% < R <= 1% | E = R < -1%)": 0.25, "P(D = R > 1% | E = R < -1%)": 0.07142857142857142, "P(D = R < -1% | E = -1% <= R <= 0%)": 0.055944055944055944, "P(D = -1% <= R <= 0% | E = -1% <= R <= 0%)": 0.6153846153846154, "P(D = 0% < R <= 1% | E = -1% <= R <= 0%)": 0.2867132867132867, "P(D = R > 1% | E = -1% <= R <= 0%)": 0.04195804195804196, "P(D = R < -1% | E = 0% < R <= 1%)": 0.05737704918032787, "P(D = -1% <= R <= 0% | E = 0% < R <= 1%)": 0.4426229508196721, "P(D = 0% < R <= 1% | E = 0% < R <= 1%)": 0.45081967213114754, "P(D = R > 1% | E = 0% < R <= 1%)": 0.04918032786885246, "P(D = R < -1% | E = R > 1%)": 0.08928571428571429, "P(D = -1% <= R <= 0% | E = R > 1%)": 0.32142857142857145, "P(D = 0% < R <= 1% | E = R > 1%)": 0.32142857142857145, "P(D = R > 1% | E = R > 1%)": 0.26785714285714285}