{"P(D = R < -1% | E = R < -1%)": 0.08761329305135952, "P(D = -1% <= R <= 0% | E = R < -1%)": 0.6706948640483383, "P(D = 0% < R <= 1% | E = R < -1%)": 0.16314199395770393, "P(D = R > 1% | E = R < -1%)": 0.07854984894259819, "P(D = R < -1% | E = -1% <= R <= 0%)": 0.031088082901554404, "P(D = -1% <= R <= 0% | E = -1% <= R <= 0%)": 0.7772020725388601, "P(D = 0% < R <= 1% | E = -1% <= R <= 0%)": 0.14680483592400692, "P(D = R > 1% | E = -1% <= R <= 0%)": 0.044905008635578586, "P(D = R < -1% | E = 0% < R <= 1%)": 0.02040816326530612, "P(D = -1% <= R <= 0% | E = 0% < R <= 1%)": 0.7050092764378478, "P(D = 0% < R <= 1% | E = 0% < R <= 1%)": 0.21521335807050093, "P(D = R > 1% | E = 0% < R <= 1%)": 0.059369202226345084, "P(D = R < -1% | E = R > 1%)": 0.05392156862745098, "P(D = -1% <= R <= 0% | E = R > 1%)": 0.7181372549019608, "P(D = 0% < R <= 1% | E = R > 1%)": 0.14460784313725492, "P(D = R > 1% | E = R > 1%)": 0.08333333333333333}