{"P(D = R < -1% | E = R < -1%)": 0.3263157894736842, "P(D = -1% <= R <= 0% | E = R < -1%)": 0.5684210526315789, "P(D = 0% < R <= 1% | E = R < -1%)": 0.06315789473684211, "P(D = R > 1% | E = R < -1%)": 0.042105263157894736, "P(D = R < -1% | E = -1% <= R <= 0%)": 0.05921052631578947, "P(D = -1% <= R <= 0% | E = -1% <= R <= 0%)": 0.8585526315789473, "P(D = 0% < R <= 1% | E = -1% <= R <= 0%)": 0.0625, "P(D = R > 1% | E = -1% <= R <= 0%)": 0.019736842105263157, "P(D = R < -1% | E = 0% < R <= 1%)": 0.03015075376884422, "P(D = -1% <= R <= 0% | E = 0% < R <= 1%)": 0.8040201005025126, "P(D = 0% < R <= 1% | E = 0% < R <= 1%)": 0.10050251256281408, "P(D = R > 1% | E = 0% < R <= 1%)": 0.06532663316582915, "P(D = R < -1% | E = R > 1%)": 0.021505376344086023, "P(D = -1% <= R <= 0% | E = R > 1%)": 0.5376344086021505, "P(D = 0% < R <= 1% | E = R > 1%)": 0.1935483870967742, "P(D = R > 1% | E = R > 1%)": 0.24731182795698925}