{"P(D = R < -1% | E = R < -1%)": 0.1893491124260355, "P(D = -1% <= R <= 0% | E = R < -1%)": 0.3609467455621302, "P(D = 0% < R <= 1% | E = R < -1%)": 0.3431952662721893, "P(D = R > 1% | E = R < -1%)": 0.10650887573964497, "P(D = R < -1% | E = -1% <= R <= 0%)": 0.07368421052631578, "P(D = -1% <= R <= 0% | E = -1% <= R <= 0%)": 0.43157894736842106, "P(D = 0% < R <= 1% | E = -1% <= R <= 0%)": 0.4, "P(D = R > 1% | E = -1% <= R <= 0%)": 0.09473684210526316, "P(D = R < -1% | E = 0% < R <= 1%)": 0.06043956043956044, "P(D = -1% <= R <= 0% | E = 0% < R <= 1%)": 0.3516483516483517, "P(D = 0% < R <= 1% | E = 0% < R <= 1%)": 0.521978021978022, "P(D = R > 1% | E = 0% < R <= 1%)": 0.06593406593406594, "P(D = R < -1% | E = R > 1%)": 0.07692307692307693, "P(D = -1% <= R <= 0% | E = R > 1%)": 0.23076923076923078, "P(D = 0% < R <= 1% | E = R > 1%)": 0.4125874125874126, "P(D = R > 1% | E = R > 1%)": 0.27972027972027974}