{"P(D = R < -1% | E = R < -1%)": 0.8947368421052632, "P(D = -1% <= R <= 0% | E = R < -1%)": 0.0, "P(D = 0% < R <= 1% | E = R < -1%)": 0.0, "P(D = R > 1% | E = R < -1%)": 0.10526315789473684, "P(D = R < -1% | E = -1% <= R <= 0%)": 0.7857142857142857, "P(D = -1% <= R <= 0% | E = -1% <= R <= 0%)": 0.0, "P(D = 0% < R <= 1% | E = -1% <= R <= 0%)": 0.0, "P(D = R > 1% | E = -1% <= R <= 0%)": 0.21428571428571427, "P(D = R < -1% | E = 0% < R <= 1%)": 0.75, "P(D = -1% <= R <= 0% | E = 0% < R <= 1%)": 0.0, "P(D = 0% < R <= 1% | E = 0% < R <= 1%)": 0.125, "P(D = R > 1% | E = 0% < R <= 1%)": 0.125, "P(D = R < -1% | E = R > 1%)": 0.7936507936507936, "P(D = -1% <= R <= 0% | E = R > 1%)": 0.0, "P(D = 0% < R <= 1% | E = R > 1%)": 0.0, "P(D = R > 1% | E = R > 1%)": 0.20634920634920634}