{"P(D = R < -1% | E = R < -1%)": 0.916083916083916, "P(D = -1% <= R <= 0% | E = R < -1%)": 0.0, "P(D = 0% < R <= 1% | E = R < -1%)": 0.0, "P(D = R > 1% | E = R < -1%)": 0.08391608391608392, "P(D = R < -1% | E = -1% <= R <= 0%)": 0.7727272727272727, "P(D = -1% <= R <= 0% | E = -1% <= R <= 0%)": 0.0, "P(D = 0% < R <= 1% | E = -1% <= R <= 0%)": 0.0, "P(D = R > 1% | E = -1% <= R <= 0%)": 0.22727272727272727, "P(D = R < -1% | E = 0% < R <= 1%)": 0.7142857142857143, "P(D = -1% <= R <= 0% | E = 0% < R <= 1%)": 0.0, "P(D = 0% < R <= 1% | E = 0% < R <= 1%)": 0.03571428571428571, "P(D = R > 1% | E = 0% < R <= 1%)": 0.25, "P(D = R < -1% | E = R > 1%)": 0.831858407079646, "P(D = -1% <= R <= 0% | E = R > 1%)": 0.0, "P(D = 0% < R <= 1% | E = R > 1%)": 0.008849557522123894, "P(D = R > 1% | E = R > 1%)": 0.1592920353982301}