{"P(D = R < -1% | E = R < -1%)": 0.284789644012945, "P(D = -1% <= R <= 0% | E = R < -1%)": 0.02912621359223301, "P(D = 0% < R <= 1% | E = R < -1%)": 0.0, "P(D = R > 1% | E = R < -1%)": 0.686084142394822, "P(D = R < -1% | E = -1% <= R <= 0%)": 0.22023809523809523, "P(D = -1% <= R <= 0% | E = -1% <= R <= 0%)": 0.041666666666666664, "P(D = 0% < R <= 1% | E = -1% <= R <= 0%)": 0.0, "P(D = R > 1% | E = -1% <= R <= 0%)": 0.7380952380952381, "P(D = R < -1% | E = 0% < R <= 1%)": 0.2, "P(D = -1% <= R <= 0% | E = 0% < R <= 1%)": 0.008333333333333333, "P(D = 0% < R <= 1% | E = 0% < R <= 1%)": 0.0, "P(D = R > 1% | E = 0% < R <= 1%)": 0.7916666666666666, "P(D = R < -1% | E = R > 1%)": 0.1936619718309859, "P(D = -1% <= R <= 0% | E = R > 1%)": 0.02112676056338028, "P(D = 0% < R <= 1% | E = R > 1%)": 0.0, "P(D = R > 1% | E = R > 1%)": 0.7852112676056338}