{"P(D = R < -1% | E = R < -1%)": 0.5222222222222223, "P(D = -1% <= R <= 0% | E = R < -1%)": 0.3111111111111111, "P(D = 0% < R <= 1% | E = R < -1%)": 0.0, "P(D = R > 1% | E = R < -1%)": 0.16666666666666666, "P(D = R < -1% | E = -1% <= R <= 0%)": 0.2127659574468085, "P(D = -1% <= R <= 0% | E = -1% <= R <= 0%)": 0.5053191489361702, "P(D = 0% < R <= 1% | E = -1% <= R <= 0%)": 0.0, "P(D = R > 1% | E = -1% <= R <= 0%)": 0.28191489361702127, "P(D = R < -1% | E = 0% < R <= 1%)": 0.13636363636363635, "P(D = -1% <= R <= 0% | E = 0% < R <= 1%)": 0.6022727272727273, "P(D = 0% < R <= 1% | E = 0% < R <= 1%)": 0.0, "P(D = R > 1% | E = 0% < R <= 1%)": 0.26136363636363635, "P(D = R < -1% | E = R > 1%)": 0.18128654970760233, "P(D = -1% <= R <= 0% | E = R > 1%)": 0.32748538011695905, "P(D = 0% < R <= 1% | E = R > 1%)": 0.0, "P(D = R > 1% | E = R > 1%)": 0.49122807017543857}