{"P(D = R < -1% | E = R < -1%)": 0.6127659574468085, "P(D = -1% <= R <= 0% | E = R < -1%)": 0.02553191489361702, "P(D = 0% < R <= 1% | E = R < -1%)": 0.0, "P(D = R > 1% | E = R < -1%)": 0.3617021276595745, "P(D = R < -1% | E = -1% <= R <= 0%)": 0.3875968992248062, "P(D = -1% <= R <= 0% | E = -1% <= R <= 0%)": 0.08527131782945736, "P(D = 0% < R <= 1% | E = -1% <= R <= 0%)": 0.0, "P(D = R > 1% | E = -1% <= R <= 0%)": 0.5271317829457365, "P(D = R < -1% | E = 0% < R <= 1%)": 0.41379310344827586, "P(D = -1% <= R <= 0% | E = 0% < R <= 1%)": 0.06896551724137931, "P(D = 0% < R <= 1% | E = 0% < R <= 1%)": 0.0, "P(D = R > 1% | E = 0% < R <= 1%)": 0.5172413793103449, "P(D = R < -1% | E = R > 1%)": 0.2886178861788618, "P(D = -1% <= R <= 0% | E = R > 1%)": 0.032520325203252036, "P(D = 0% < R <= 1% | E = R > 1%)": 0.0, "P(D = R > 1% | E = R > 1%)": 0.6788617886178862}