{"P(D = R < -1% | E = R < -1%)": 0.11253196930946291, "P(D = -1% <= R <= 0% | E = R < -1%)": 0.8670076726342711, "P(D = 0% < R <= 1% | E = R < -1%)": 0.0, "P(D = R > 1% | E = R < -1%)": 0.020460358056265986, "P(D = R < -1% | E = -1% <= R <= 0%)": 0.02565930149679259, "P(D = -1% <= R <= 0% | E = -1% <= R <= 0%)": 0.9593727726300784, "P(D = 0% < R <= 1% | E = -1% <= R <= 0%)": 0.0, "P(D = R > 1% | E = -1% <= R <= 0%)": 0.01496792587312901, "P(D = R < -1% | E = 0% < R <= 1%)": 0.014911463187325256, "P(D = -1% <= R <= 0% | E = 0% < R <= 1%)": 0.9701770736253494, "P(D = 0% < R <= 1% | E = 0% < R <= 1%)": 0.0, "P(D = R > 1% | E = 0% < R <= 1%)": 0.014911463187325256, "P(D = R < -1% | E = R > 1%)": 0.02650602409638554, "P(D = -1% <= R <= 0% | E = R > 1%)": 0.8650602409638555, "P(D = 0% < R <= 1% | E = R > 1%)": 0.0, "P(D = R > 1% | E = R > 1%)": 0.10843373493975904}