{"P(D = R < -1% | E = R < -1%)": 0.1523809523809524, "P(D = -1% <= R <= 0% | E = R < -1%)": 0.5523809523809524, "P(D = 0% < R <= 1% | E = R < -1%)": 0.22857142857142856, "P(D = R > 1% | E = R < -1%)": 0.06666666666666667, "P(D = R < -1% | E = -1% <= R <= 0%)": 0.013888888888888888, "P(D = -1% <= R <= 0% | E = -1% <= R <= 0%)": 0.8273809523809523, "P(D = 0% < R <= 1% | E = -1% <= R <= 0%)": 0.14484126984126985, "P(D = R > 1% | E = -1% <= R <= 0%)": 0.013888888888888888, "P(D = R < -1% | E = 0% < R <= 1%)": 0.015053763440860216, "P(D = -1% <= R <= 0% | E = 0% < R <= 1%)": 0.7526881720430108, "P(D = 0% < R <= 1% | E = 0% < R <= 1%)": 0.2129032258064516, "P(D = R > 1% | E = 0% < R <= 1%)": 0.01935483870967742, "P(D = R < -1% | E = R > 1%)": 0.05128205128205128, "P(D = -1% <= R <= 0% | E = R > 1%)": 0.5897435897435898, "P(D = 0% < R <= 1% | E = R > 1%)": 0.2905982905982906, "P(D = R > 1% | E = R > 1%)": 0.06837606837606838}