{"P(D = R < -1% | E = R < -1%)": 0.1111111111111111, "P(D = -1% <= R <= 0% | E = R < -1%)": 0.5432098765432098, "P(D = 0% < R <= 1% | E = R < -1%)": 0.2839506172839506, "P(D = R > 1% | E = R < -1%)": 0.06172839506172839, "P(D = R < -1% | E = -1% <= R <= 0%)": 0.024390243902439025, "P(D = -1% <= R <= 0% | E = -1% <= R <= 0%)": 0.5650406504065041, "P(D = 0% < R <= 1% | E = -1% <= R <= 0%)": 0.34552845528455284, "P(D = R > 1% | E = -1% <= R <= 0%)": 0.06504065040650407, "P(D = R < -1% | E = 0% < R <= 1%)": 0.01092896174863388, "P(D = -1% <= R <= 0% | E = 0% < R <= 1%)": 0.453551912568306, "P(D = 0% < R <= 1% | E = 0% < R <= 1%)": 0.5081967213114754, "P(D = R > 1% | E = 0% < R <= 1%)": 0.0273224043715847, "P(D = R < -1% | E = R > 1%)": 0.013513513513513514, "P(D = -1% <= R <= 0% | E = R > 1%)": 0.4594594594594595, "P(D = 0% < R <= 1% | E = R > 1%)": 0.25675675675675674, "P(D = R > 1% | E = R > 1%)": 0.2702702702702703}