{"P(D = R < -1% | E = R < -1%)": 0.16597510373443983, "P(D = -1% <= R <= 0% | E = R < -1%)": 0.6597510373443983, "P(D = 0% < R <= 1% | E = R < -1%)": 0.0912863070539419, "P(D = R > 1% | E = R < -1%)": 0.08298755186721991, "P(D = R < -1% | E = -1% <= R <= 0%)": 0.038461538461538464, "P(D = -1% <= R <= 0% | E = -1% <= R <= 0%)": 0.8205128205128205, "P(D = 0% < R <= 1% | E = -1% <= R <= 0%)": 0.10897435897435898, "P(D = R > 1% | E = -1% <= R <= 0%)": 0.03205128205128205, "P(D = R < -1% | E = 0% < R <= 1%)": 0.035897435897435895, "P(D = -1% <= R <= 0% | E = 0% < R <= 1%)": 0.7076923076923077, "P(D = 0% < R <= 1% | E = 0% < R <= 1%)": 0.19230769230769232, "P(D = R > 1% | E = 0% < R <= 1%)": 0.0641025641025641, "P(D = R < -1% | E = R > 1%)": 0.040160642570281124, "P(D = -1% <= R <= 0% | E = R > 1%)": 0.5381526104417671, "P(D = 0% < R <= 1% | E = R > 1%)": 0.24096385542168675, "P(D = R > 1% | E = R > 1%)": 0.18072289156626506}