{"P(D = R < -1% | E = R < -1%)": 0.5163230240549829, "P(D = -1% <= R <= 0% | E = R < -1%)": 0.3805841924398625, "P(D = 0% < R <= 1% | E = R < -1%)": 0.0, "P(D = R > 1% | E = R < -1%)": 0.10309278350515463, "P(D = R < -1% | E = -1% <= R <= 0%)": 0.22005097706032287, "P(D = -1% <= R <= 0% | E = -1% <= R <= 0%)": 0.7051826677994902, "P(D = 0% < R <= 1% | E = -1% <= R <= 0%)": 0.0, "P(D = R > 1% | E = -1% <= R <= 0%)": 0.07476635514018691, "P(D = R < -1% | E = 0% < R <= 1%)": 0.395, "P(D = -1% <= R <= 0% | E = 0% < R <= 1%)": 0.37, "P(D = 0% < R <= 1% | E = 0% < R <= 1%)": 0.0, "P(D = R > 1% | E = 0% < R <= 1%)": 0.235, "P(D = R < -1% | E = R > 1%)": 0.2729064039408867, "P(D = -1% <= R <= 0% | E = R > 1%)": 0.5339901477832513, "P(D = 0% < R <= 1% | E = R > 1%)": 0.0, "P(D = R > 1% | E = R > 1%)": 0.19310344827586207}