{"P(D = R < -1% | E = R < -1%)": 0.18556701030927836, "P(D = -1% <= R <= 0% | E = R < -1%)": 0.5463917525773195, "P(D = 0% < R <= 1% | E = R < -1%)": 0.15463917525773196, "P(D = R > 1% | E = R < -1%)": 0.1134020618556701, "P(D = R < -1% | E = -1% <= R <= 0%)": 0.06923076923076923, "P(D = -1% <= R <= 0% | E = -1% <= R <= 0%)": 0.7615384615384615, "P(D = 0% < R <= 1% | E = -1% <= R <= 0%)": 0.1076923076923077, "P(D = R > 1% | E = -1% <= R <= 0%)": 0.06153846153846154, "P(D = R < -1% | E = 0% < R <= 1%)": 0.08928571428571429, "P(D = -1% <= R <= 0% | E = 0% < R <= 1%)": 0.625, "P(D = 0% < R <= 1% | E = 0% < R <= 1%)": 0.20535714285714285, "P(D = R > 1% | E = 0% < R <= 1%)": 0.08035714285714286, "P(D = R < -1% | E = R > 1%)": 0.13186813186813187, "P(D = -1% <= R <= 0% | E = R > 1%)": 0.5934065934065934, "P(D = 0% < R <= 1% | E = R > 1%)": 0.14285714285714285, "P(D = R > 1% | E = R > 1%)": 0.13186813186813187}