{"P(D = R < -1% | E = R < -1%)": 0.1555977229601518, "P(D = -1% <= R <= 0% | E = R < -1%)": 0.6015180265654649, "P(D = 0% < R <= 1% | E = R < -1%)": 0.11005692599620494, "P(D = R > 1% | E = R < -1%)": 0.13282732447817835, "P(D = R < -1% | E = -1% <= R <= 0%)": 0.07680722891566265, "P(D = -1% <= R <= 0% | E = -1% <= R <= 0%)": 0.7198795180722891, "P(D = 0% < R <= 1% | E = -1% <= R <= 0%)": 0.125, "P(D = R > 1% | E = -1% <= R <= 0%)": 0.0783132530120482, "P(D = R < -1% | E = 0% < R <= 1%)": 0.050173010380622836, "P(D = -1% <= R <= 0% | E = 0% < R <= 1%)": 0.7076124567474048, "P(D = 0% < R <= 1% | E = 0% < R <= 1%)": 0.16262975778546712, "P(D = R > 1% | E = 0% < R <= 1%)": 0.07958477508650519, "P(D = R < -1% | E = R > 1%)": 0.09217391304347826, "P(D = -1% <= R <= 0% | E = R > 1%)": 0.5478260869565217, "P(D = 0% < R <= 1% | E = R > 1%)": 0.1791304347826087, "P(D = R > 1% | E = R > 1%)": 0.1808695652173913}