{"P(D = R < -1% | E = R < -1%)": 0.5, "P(D = -1% <= R <= 0% | E = R < -1%)": 0.006329113924050633, "P(D = 0% < R <= 1% | E = R < -1%)": 0.0, "P(D = R > 1% | E = R < -1%)": 0.4936708860759494, "P(D = R < -1% | E = -1% <= R <= 0%)": 0.3448275862068966, "P(D = -1% <= R <= 0% | E = -1% <= R <= 0%)": 0.034482758620689655, "P(D = 0% < R <= 1% | E = -1% <= R <= 0%)": 0.0, "P(D = R > 1% | E = -1% <= R <= 0%)": 0.6206896551724138, "P(D = R < -1% | E = 0% < R <= 1%)": 0.38571428571428573, "P(D = -1% <= R <= 0% | E = 0% < R <= 1%)": 0.0, "P(D = 0% < R <= 1% | E = 0% < R <= 1%)": 0.0, "P(D = R > 1% | E = 0% < R <= 1%)": 0.6142857142857143, "P(D = R < -1% | E = R > 1%)": 0.2805755395683453, "P(D = -1% <= R <= 0% | E = R > 1%)": 0.050359712230215826, "P(D = 0% < R <= 1% | E = R > 1%)": 0.0, "P(D = R > 1% | E = R > 1%)": 0.6690647482014388}