{"P(D = R < -1% | E = R < -1%)": 0.24881516587677724, "P(D = -1% <= R <= 0% | E = R < -1%)": 0.5402843601895735, "P(D = 0% < R <= 1% | E = R < -1%)": 0.16113744075829384, "P(D = R > 1% | E = R < -1%)": 0.04976303317535545, "P(D = R < -1% | E = -1% <= R <= 0%)": 0.08424507658643327, "P(D = -1% <= R <= 0% | E = -1% <= R <= 0%)": 0.6477024070021882, "P(D = 0% < R <= 1% | E = -1% <= R <= 0%)": 0.22647702407002188, "P(D = R > 1% | E = -1% <= R <= 0%)": 0.04157549234135667, "P(D = R < -1% | E = 0% < R <= 1%)": 0.06205923836389281, "P(D = -1% <= R <= 0% | E = 0% < R <= 1%)": 0.5585331452750353, "P(D = 0% < R <= 1% | E = 0% < R <= 1%)": 0.3018335684062059, "P(D = R > 1% | E = 0% < R <= 1%)": 0.07757404795486601, "P(D = R < -1% | E = R > 1%)": 0.07551487414187644, "P(D = -1% <= R <= 0% | E = R > 1%)": 0.37986270022883295, "P(D = 0% < R <= 1% | E = R > 1%)": 0.30205949656750575, "P(D = R > 1% | E = R > 1%)": 0.2425629290617849}