{"P(D = R < -1% | E = R < -1%)": 0.06481481481481481, "P(D = -1% <= R <= 0% | E = R < -1%)": 0.8518518518518519, "P(D = 0% < R <= 1% | E = R < -1%)": 0.0, "P(D = R > 1% | E = R < -1%)": 0.08333333333333333, "P(D = R < -1% | E = -1% <= R <= 0%)": 0.012578616352201259, "P(D = -1% <= R <= 0% | E = -1% <= R <= 0%)": 0.9119496855345912, "P(D = 0% < R <= 1% | E = -1% <= R <= 0%)": 0.0, "P(D = R > 1% | E = -1% <= R <= 0%)": 0.07547169811320754, "P(D = R < -1% | E = 0% < R <= 1%)": 0.021505376344086023, "P(D = -1% <= R <= 0% | E = 0% < R <= 1%)": 0.8494623655913979, "P(D = 0% < R <= 1% | E = 0% < R <= 1%)": 0.0, "P(D = R > 1% | E = 0% < R <= 1%)": 0.12903225806451613, "P(D = R < -1% | E = R > 1%)": 0.008620689655172414, "P(D = -1% <= R <= 0% | E = R > 1%)": 0.46551724137931033, "P(D = 0% < R <= 1% | E = R > 1%)": 0.0, "P(D = R > 1% | E = R > 1%)": 0.5258620689655172}