{"P(D = R < -1% | E = R < -1%)": 0.5454545454545454, "P(D = -1% <= R <= 0% | E = R < -1%)": 0.0, "P(D = 0% < R <= 1% | E = R < -1%)": 0.0, "P(D = R > 1% | E = R < -1%)": 0.45454545454545453, "P(D = R < -1% | E = -1% <= R <= 0%)": 0.36470588235294116, "P(D = -1% <= R <= 0% | E = -1% <= R <= 0%)": 0.047058823529411764, "P(D = 0% < R <= 1% | E = -1% <= R <= 0%)": 0.0, "P(D = R > 1% | E = -1% <= R <= 0%)": 0.5882352941176471, "P(D = R < -1% | E = 0% < R <= 1%)": 0.5238095238095238, "P(D = -1% <= R <= 0% | E = 0% < R <= 1%)": 0.023809523809523808, "P(D = 0% < R <= 1% | E = 0% < R <= 1%)": 0.0, "P(D = R > 1% | E = 0% < R <= 1%)": 0.4523809523809524, "P(D = R < -1% | E = R > 1%)": 0.40540540540540543, "P(D = -1% <= R <= 0% | E = R > 1%)": 0.0, "P(D = 0% < R <= 1% | E = R > 1%)": 0.0, "P(D = R > 1% | E = R > 1%)": 0.5945945945945946}