{"P(D = R < -1% | E = R < -1%)": 0.32038834951456313, "P(D = -1% <= R <= 0% | E = R < -1%)": 0.44660194174757284, "P(D = 0% < R <= 1% | E = R < -1%)": 0.17475728155339806, "P(D = R > 1% | E = R < -1%)": 0.05825242718446602, "P(D = R < -1% | E = -1% <= R <= 0%)": 0.11046511627906977, "P(D = -1% <= R <= 0% | E = -1% <= R <= 0%)": 0.6162790697674418, "P(D = 0% < R <= 1% | E = -1% <= R <= 0%)": 0.19186046511627908, "P(D = R > 1% | E = -1% <= R <= 0%)": 0.08139534883720931, "P(D = R < -1% | E = 0% < R <= 1%)": 0.08264462809917356, "P(D = -1% <= R <= 0% | E = 0% < R <= 1%)": 0.4628099173553719, "P(D = 0% < R <= 1% | E = 0% < R <= 1%)": 0.35537190082644626, "P(D = R > 1% | E = 0% < R <= 1%)": 0.09917355371900827, "P(D = R < -1% | E = R > 1%)": 0.13541666666666666, "P(D = -1% <= R <= 0% | E = R > 1%)": 0.25, "P(D = 0% < R <= 1% | E = R > 1%)": 0.28125, "P(D = R > 1% | E = R > 1%)": 0.3333333333333333}