{"P(D = R < -1% | E = R < -1%)": 0.04238921001926782, "P(D = -1% <= R <= 0% | E = R < -1%)": 0.14836223506743737, "P(D = 0% < R <= 1% | E = R < -1%)": 0.6801541425818882, "P(D = R > 1% | E = R < -1%)": 0.12909441233140656, "P(D = R < -1% | E = -1% <= R <= 0%)": 0.023255813953488372, "P(D = -1% <= R <= 0% | E = -1% <= R <= 0%)": 0.1094391244870041, "P(D = 0% < R <= 1% | E = -1% <= R <= 0%)": 0.771545827633379, "P(D = R > 1% | E = -1% <= R <= 0%)": 0.09575923392612859, "P(D = R < -1% | E = 0% < R <= 1%)": 0.01568627450980392, "P(D = -1% <= R <= 0% | E = 0% < R <= 1%)": 0.09803921568627451, "P(D = 0% < R <= 1% | E = 0% < R <= 1%)": 0.7895424836601307, "P(D = R > 1% | E = 0% < R <= 1%)": 0.09673202614379085, "P(D = R < -1% | E = R > 1%)": 0.017761989342806393, "P(D = -1% <= R <= 0% | E = R > 1%)": 0.0941385435168739, "P(D = 0% < R <= 1% | E = R > 1%)": 0.6749555950266429, "P(D = R > 1% | E = R > 1%)": 0.21314387211367672}