{"P(D = R < -1% | E = R < -1%)": 0.12852664576802508, "P(D = -1% <= R <= 0% | E = R < -1%)": 0.5047021943573667, "P(D = 0% < R <= 1% | E = R < -1%)": 0.18495297805642633, "P(D = R > 1% | E = R < -1%)": 0.18181818181818182, "P(D = R < -1% | E = -1% <= R <= 0%)": 0.12292358803986711, "P(D = -1% <= R <= 0% | E = -1% <= R <= 0%)": 0.5481727574750831, "P(D = 0% < R <= 1% | E = -1% <= R <= 0%)": 0.2159468438538206, "P(D = R > 1% | E = -1% <= R <= 0%)": 0.11295681063122924, "P(D = R < -1% | E = 0% < R <= 1%)": 0.1284722222222222, "P(D = -1% <= R <= 0% | E = 0% < R <= 1%)": 0.46875, "P(D = 0% < R <= 1% | E = 0% < R <= 1%)": 0.2569444444444444, "P(D = R > 1% | E = 0% < R <= 1%)": 0.14583333333333334, "P(D = R < -1% | E = R > 1%)": 0.11960132890365449, "P(D = -1% <= R <= 0% | E = R > 1%)": 0.46179401993355484, "P(D = 0% < R <= 1% | E = R > 1%)": 0.18272425249169436, "P(D = R > 1% | E = R > 1%)": 0.23588039867109634}