{"P(D = R < -1% | E = R < -1%)": 0.2612244897959184, "P(D = -1% <= R <= 0% | E = R < -1%)": 0.636734693877551, "P(D = 0% < R <= 1% | E = R < -1%)": 0.0653061224489796, "P(D = R > 1% | E = R < -1%)": 0.036734693877551024, "P(D = R < -1% | E = -1% <= R <= 0%)": 0.07297297297297298, "P(D = -1% <= R <= 0% | E = -1% <= R <= 0%)": 0.7486486486486487, "P(D = 0% < R <= 1% | E = -1% <= R <= 0%)": 0.11891891891891893, "P(D = R > 1% | E = -1% <= R <= 0%)": 0.05945945945945946, "P(D = R < -1% | E = 0% < R <= 1%)": 0.06143344709897611, "P(D = -1% <= R <= 0% | E = 0% < R <= 1%)": 0.6416382252559727, "P(D = 0% < R <= 1% | E = 0% < R <= 1%)": 0.19795221843003413, "P(D = R > 1% | E = 0% < R <= 1%)": 0.09897610921501707, "P(D = R < -1% | E = R > 1%)": 0.045454545454545456, "P(D = -1% <= R <= 0% | E = R > 1%)": 0.4128787878787879, "P(D = 0% < R <= 1% | E = R > 1%)": 0.25, "P(D = R > 1% | E = R > 1%)": 0.2916666666666667}